2025-10-16 21:55:44,431:WARNING:
'prophet' is a soft dependency and not included in the pycaret installation. Please run: `pip install prophet` to install.
2025-10-16 21:55:45,474:INFO:PyCaret TSForecastingExperiment
2025-10-16 21:55:45,474:INFO:Logging name: ts-default-name
2025-10-16 21:55:45,474:INFO:ML Usecase: MLUsecase.TIME_SERIES
2025-10-16 21:55:45,474:INFO:version 3.3.2
2025-10-16 21:55:45,475:INFO:Initializing setup()
2025-10-16 21:55:45,475:INFO:self.USI: b727
2025-10-16 21:55:45,475:INFO:self._variable_keys: {'X_train', 'strictly_positive', 'seed', 'fold_generator', 'seasonality_present', 'y_transformed', 'all_sps_to_use', 'y_train', '_available_plots', 'pipeline', 'y_test_transformed', 'USI', 'primary_sp_to_use', 'gpu_n_jobs_param', 'memory', 'exogenous_present', 'y_train_transformed', 'html_param', 'X_test_transformed', 'gpu_param', 'approach_type', 'index_type', 'X_transformed', 'model_engines', 'fold_param', 'exp_id', 'X_test', 'X_train_transformed', 'log_plots_param', 'idx', 'fh', 'enforce_pi', 'logging_param', '_ml_usecase', 'exp_name_log', 'X', 'y_test', 'significant_sps', 'data', 'enforce_exogenous', 'y', 'significant_sps_no_harmonics', 'candidate_sps', 'n_jobs_param'}
2025-10-16 21:55:45,475:INFO:Checking environment
2025-10-16 21:55:45,475:INFO:python_version: 3.11.13
2025-10-16 21:55:45,475:INFO:python_build: ('main', 'Sep  2 2025 14:14:37')
2025-10-16 21:55:45,475:INFO:machine: AMD64
2025-10-16 21:55:45,481:INFO:platform: Windows-10-10.0.26100-SP0
2025-10-16 21:55:45,482:INFO:Memory: svmem(total=34269642752, available=22790422528, percent=33.5, used=11479220224, free=22790422528)
2025-10-16 21:55:45,482:INFO:Physical Core: 8
2025-10-16 21:55:45,482:INFO:Logical Core: 16
2025-10-16 21:55:45,482:INFO:Checking libraries
2025-10-16 21:55:45,482:INFO:System:
2025-10-16 21:55:45,482:INFO:    python: 3.11.13 (main, Sep  2 2025, 14:14:37) [MSC v.1944 64 bit (AMD64)]
2025-10-16 21:55:45,482:INFO:executable: C:\CODING PROJECTS\ts-pycaret\.venv\Scripts\python.exe
2025-10-16 21:55:45,482:INFO:   machine: Windows-10-10.0.26100-SP0
2025-10-16 21:55:45,482:INFO:PyCaret required dependencies:
2025-10-16 21:55:45,482:WARNING:C:\CODING PROJECTS\ts-pycaret\.venv\Lib\site-packages\_distutils_hack\__init__.py:30: UserWarning:

Setuptools is replacing distutils. Support for replacing an already imported distutils is deprecated. In the future, this condition will fail. Register concerns at https://github.com/pypa/setuptools/issues/new?template=distutils-deprecation.yml


2025-10-16 21:55:45,572:INFO:                 pip: Not installed
2025-10-16 21:55:45,572:INFO:          setuptools: 80.9.0
2025-10-16 21:55:45,572:INFO:             pycaret: 3.3.2
2025-10-16 21:55:45,572:INFO:             IPython: 9.6.0
2025-10-16 21:55:45,572:INFO:          ipywidgets: 8.1.7
2025-10-16 21:55:45,572:INFO:                tqdm: 4.67.1
2025-10-16 21:55:45,572:INFO:               numpy: 1.26.4
2025-10-16 21:55:45,572:INFO:              pandas: 2.1.4
2025-10-16 21:55:45,572:INFO:              jinja2: 3.1.6
2025-10-16 21:55:45,572:INFO:               scipy: 1.11.4
2025-10-16 21:55:45,572:INFO:              joblib: 1.3.2
2025-10-16 21:55:45,572:INFO:             sklearn: 1.4.2
2025-10-16 21:55:45,572:INFO:                pyod: 2.0.5
2025-10-16 21:55:45,572:INFO:            imblearn: 0.14.0
2025-10-16 21:55:45,572:INFO:   category_encoders: 2.7.0
2025-10-16 21:55:45,572:INFO:            lightgbm: 4.6.0
2025-10-16 21:55:45,572:INFO:               numba: 0.62.1
2025-10-16 21:55:45,572:INFO:            requests: 2.32.5
2025-10-16 21:55:45,572:INFO:          matplotlib: 3.7.5
2025-10-16 21:55:45,572:INFO:          scikitplot: 0.3.7
2025-10-16 21:55:45,572:INFO:         yellowbrick: 1.5
2025-10-16 21:55:45,572:INFO:              plotly: 6.3.1
2025-10-16 21:55:45,572:INFO:    plotly-resampler: Not installed
2025-10-16 21:55:45,572:INFO:             kaleido: 1.1.0
2025-10-16 21:55:45,572:INFO:           schemdraw: 0.15
2025-10-16 21:55:45,572:INFO:         statsmodels: 0.14.5
2025-10-16 21:55:45,573:INFO:              sktime: 0.26.0
2025-10-16 21:55:45,573:INFO:               tbats: 1.1.3
2025-10-16 21:55:45,573:INFO:            pmdarima: 2.0.4
2025-10-16 21:55:45,573:INFO:              psutil: 7.1.0
2025-10-16 21:55:45,573:INFO:          markupsafe: 3.0.3
2025-10-16 21:55:45,573:INFO:             pickle5: Not installed
2025-10-16 21:55:45,573:INFO:         cloudpickle: 3.1.1
2025-10-16 21:55:45,573:INFO:         deprecation: 2.1.0
2025-10-16 21:55:45,573:INFO:              xxhash: 3.6.0
2025-10-16 21:55:45,573:INFO:           wurlitzer: Not installed
2025-10-16 21:55:45,573:INFO:PyCaret optional dependencies:
2025-10-16 21:55:45,580:INFO:                shap: Not installed
2025-10-16 21:55:45,580:INFO:           interpret: Not installed
2025-10-16 21:55:45,580:INFO:                umap: Not installed
2025-10-16 21:55:45,580:INFO:     ydata_profiling: Not installed
2025-10-16 21:55:45,580:INFO:  explainerdashboard: Not installed
2025-10-16 21:55:45,580:INFO:             autoviz: Not installed
2025-10-16 21:55:45,580:INFO:           fairlearn: Not installed
2025-10-16 21:55:45,580:INFO:          deepchecks: Not installed
2025-10-16 21:55:45,580:INFO:             xgboost: Not installed
2025-10-16 21:55:45,580:INFO:            catboost: Not installed
2025-10-16 21:55:45,580:INFO:              kmodes: Not installed
2025-10-16 21:55:45,580:INFO:             mlxtend: Not installed
2025-10-16 21:55:45,580:INFO:       statsforecast: Not installed
2025-10-16 21:55:45,580:INFO:        tune_sklearn: Not installed
2025-10-16 21:55:45,580:INFO:                 ray: Not installed
2025-10-16 21:55:45,580:INFO:            hyperopt: Not installed
2025-10-16 21:55:45,580:INFO:              optuna: Not installed
2025-10-16 21:55:45,580:INFO:               skopt: Not installed
2025-10-16 21:55:45,580:INFO:              mlflow: Not installed
2025-10-16 21:55:45,580:INFO:              gradio: Not installed
2025-10-16 21:55:45,580:INFO:             fastapi: Not installed
2025-10-16 21:55:45,580:INFO:             uvicorn: Not installed
2025-10-16 21:55:45,580:INFO:              m2cgen: Not installed
2025-10-16 21:55:45,580:INFO:           evidently: Not installed
2025-10-16 21:55:45,580:INFO:               fugue: Not installed
2025-10-16 21:55:45,580:INFO:           streamlit: Not installed
2025-10-16 21:55:45,580:INFO:             prophet: Not installed
2025-10-16 21:55:45,580:INFO:None
2025-10-16 21:55:45,581:INFO:Set Forecast Horizon.
2025-10-16 21:55:45,582:INFO:Set up Train-Test Splits.
2025-10-16 21:55:45,600:INFO:Finished creating preprocessing pipeline.
2025-10-16 21:55:45,605:INFO:Pipeline: ForecastingPipeline(steps=[('forecaster',
                            TransformedTargetForecaster(steps=[('model',
                                                                DummyForecaster())]))])
2025-10-16 21:55:45,605:INFO:Set up Seasonal Period.
2025-10-16 21:55:45,610:INFO:Setting the seasonal component type - 'add' or 'mul'.
2025-10-16 21:55:45,610:INFO:Checking if data is strictly positive.
2025-10-16 21:55:45,627:INFO:Creating final display dataframe.
2025-10-16 21:55:45,635:INFO:Setup Display Container:                                          Description                         Value
0                                         session_id                           123
1                                             Target  Number of airline passengers
2                                           Approach                    Univariate
3                                Exogenous Variables                   Not Present
4                                Original data shape                      (144, 1)
5                             Transformed data shape                      (144, 1)
6                        Transformed train set shape                      (120, 1)
7                         Transformed test set shape                       (24, 1)
8                           Rows with missing values                          0.0%
9                                     Fold Generator       ExpandingWindowSplitter
10                                       Fold Number                             3
11                       Enforce Prediction Interval                         False
12                   Splits used for hyperparameters                           all
13                   User Defined Seasonal Period(s)                          None
14                           Ignore Seasonality Test                         False
15                        Seasonality Detection Algo                          auto
16                            Max Period to Consider                            60
17                         Seasonal Period(s) Tested          [12, 24, 36, 11, 48]
18                    Significant Seasonal Period(s)          [12, 24, 36, 11, 48]
19  Significant Seasonal Period(s) without Harmonics                  [48, 36, 11]
20                                  Remove Harmonics                         False
21                            Harmonics Order Method                  harmonic_max
22                          Num Seasonalities to Use                             1
23                          All Seasonalities to Use                          [12]
24                               Primary Seasonality                            12
25                               Seasonality Present                          True
26                                  Seasonality Type                           mul
27                          Target Strictly Positive                          True
28                                Target White Noise                            No
29                                     Recommended d                             1
30                            Recommended Seasonal D                             1
31                                        Preprocess                         False
32                                          CPU Jobs                            -1
33                                           Use GPU                         False
34                                    Log Experiment                         False
35                                   Experiment Name               ts-default-name
36                                               USI                          b727
2025-10-16 21:55:45,635:INFO:Engine successfully changes for model 'auto_arima' to 'pmdarima'.
2025-10-16 21:55:45,785:WARNING:
'prophet' is a soft dependency and not included in the pycaret installation. Please run: `pip install prophet` to install.
2025-10-16 21:55:45,785:INFO:Engine for model 'lr_cds_dt' has not been set explicitly, hence returning None.
2025-10-16 21:55:45,785:INFO:Engine for model 'en_cds_dt' has not been set explicitly, hence returning None.
2025-10-16 21:55:45,786:INFO:Engine for model 'ridge_cds_dt' has not been set explicitly, hence returning None.
2025-10-16 21:55:45,786:INFO:Engine for model 'lasso_cds_dt' has not been set explicitly, hence returning None.
2025-10-16 21:55:45,786:INFO:Engine for model 'llar_cds_dt' has not been set explicitly, hence returning None.
2025-10-16 21:55:45,786:INFO:Engine for model 'br_cds_dt' has not been set explicitly, hence returning None.
2025-10-16 21:55:45,786:INFO:Engine for model 'huber_cds_dt' has not been set explicitly, hence returning None.
2025-10-16 21:55:45,787:INFO:Engine for model 'omp_cds_dt' has not been set explicitly, hence returning None.
2025-10-16 21:55:45,788:INFO:Engine for model 'knn_cds_dt' has not been set explicitly, hence returning None.
2025-10-16 21:55:45,788:INFO:Engine for model 'dt_cds_dt' has not been set explicitly, hence returning None.
2025-10-16 21:55:45,788:INFO:Engine for model 'rf_cds_dt' has not been set explicitly, hence returning None.
2025-10-16 21:55:45,788:INFO:Engine for model 'et_cds_dt' has not been set explicitly, hence returning None.
2025-10-16 21:55:45,789:INFO:Engine for model 'gbr_cds_dt' has not been set explicitly, hence returning None.
2025-10-16 21:55:45,789:INFO:Engine for model 'ada_cds_dt' has not been set explicitly, hence returning None.
2025-10-16 21:55:45,789:INFO:Engine for model 'xgboost_cds_dt' has not been set explicitly, hence returning None.
2025-10-16 21:55:45,789:WARNING:
'xgboost' is a soft dependency and not included in the pycaret installation. Please run: `pip install xgboost` to install.
Alternately, you can install this by running `pip install pycaret[models]`
2025-10-16 21:55:45,789:WARNING:
'xgboost' is a soft dependency and not included in the pycaret installation. Please run: `pip install xgboost` to install.
Alternately, you can install this by running `pip install pycaret[models]`
2025-10-16 21:55:45,789:INFO:Engine for model 'lightgbm_cds_dt' has not been set explicitly, hence returning None.
2025-10-16 21:55:45,789:INFO:Engine for model 'catboost_cds_dt' has not been set explicitly, hence returning None.
2025-10-16 21:55:45,789:WARNING:
'catboost' is a soft dependency and not included in the pycaret installation. Please run: `pip install catboost` to install.
Alternately, you can install this by running `pip install pycaret[models]`
2025-10-16 21:55:45,789:WARNING:
'catboost' is a soft dependency and not included in the pycaret installation. Please run: `pip install catboost` to install.
Alternately, you can install this by running `pip install pycaret[models]`
2025-10-16 21:55:45,791:WARNING:
'prophet' is a soft dependency and not included in the pycaret installation. Please run: `pip install prophet` to install.
2025-10-16 21:55:45,791:INFO:Engine for model 'lr_cds_dt' has not been set explicitly, hence returning None.
2025-10-16 21:55:45,791:INFO:Engine for model 'en_cds_dt' has not been set explicitly, hence returning None.
2025-10-16 21:55:45,791:INFO:Engine for model 'ridge_cds_dt' has not been set explicitly, hence returning None.
2025-10-16 21:55:45,791:INFO:Engine for model 'lasso_cds_dt' has not been set explicitly, hence returning None.
2025-10-16 21:55:45,792:INFO:Engine for model 'llar_cds_dt' has not been set explicitly, hence returning None.
2025-10-16 21:55:45,792:INFO:Engine for model 'br_cds_dt' has not been set explicitly, hence returning None.
2025-10-16 21:55:45,792:INFO:Engine for model 'huber_cds_dt' has not been set explicitly, hence returning None.
2025-10-16 21:55:45,792:INFO:Engine for model 'omp_cds_dt' has not been set explicitly, hence returning None.
2025-10-16 21:55:45,793:INFO:Engine for model 'knn_cds_dt' has not been set explicitly, hence returning None.
2025-10-16 21:55:45,793:INFO:Engine for model 'dt_cds_dt' has not been set explicitly, hence returning None.
2025-10-16 21:55:45,793:INFO:Engine for model 'rf_cds_dt' has not been set explicitly, hence returning None.
2025-10-16 21:55:45,794:INFO:Engine for model 'et_cds_dt' has not been set explicitly, hence returning None.
2025-10-16 21:55:45,794:INFO:Engine for model 'gbr_cds_dt' has not been set explicitly, hence returning None.
2025-10-16 21:55:45,794:INFO:Engine for model 'ada_cds_dt' has not been set explicitly, hence returning None.
2025-10-16 21:55:45,794:INFO:Engine for model 'xgboost_cds_dt' has not been set explicitly, hence returning None.
2025-10-16 21:55:45,794:WARNING:
'xgboost' is a soft dependency and not included in the pycaret installation. Please run: `pip install xgboost` to install.
Alternately, you can install this by running `pip install pycaret[models]`
2025-10-16 21:55:45,794:WARNING:
'xgboost' is a soft dependency and not included in the pycaret installation. Please run: `pip install xgboost` to install.
Alternately, you can install this by running `pip install pycaret[models]`
2025-10-16 21:55:45,794:INFO:Engine for model 'lightgbm_cds_dt' has not been set explicitly, hence returning None.
2025-10-16 21:55:45,794:INFO:Engine for model 'catboost_cds_dt' has not been set explicitly, hence returning None.
2025-10-16 21:55:45,794:WARNING:
'catboost' is a soft dependency and not included in the pycaret installation. Please run: `pip install catboost` to install.
Alternately, you can install this by running `pip install pycaret[models]`
2025-10-16 21:55:45,794:WARNING:
'catboost' is a soft dependency and not included in the pycaret installation. Please run: `pip install catboost` to install.
Alternately, you can install this by running `pip install pycaret[models]`
2025-10-16 21:55:45,795:INFO:Engine successfully changes for model 'lr_cds_dt' to 'sklearn'.
2025-10-16 21:55:45,796:WARNING:
'prophet' is a soft dependency and not included in the pycaret installation. Please run: `pip install prophet` to install.
2025-10-16 21:55:45,796:INFO:Engine for model 'en_cds_dt' has not been set explicitly, hence returning None.
2025-10-16 21:55:45,796:INFO:Engine for model 'ridge_cds_dt' has not been set explicitly, hence returning None.
2025-10-16 21:55:45,796:INFO:Engine for model 'lasso_cds_dt' has not been set explicitly, hence returning None.
2025-10-16 21:55:45,797:INFO:Engine for model 'llar_cds_dt' has not been set explicitly, hence returning None.
2025-10-16 21:55:45,797:INFO:Engine for model 'br_cds_dt' has not been set explicitly, hence returning None.
2025-10-16 21:55:45,797:INFO:Engine for model 'huber_cds_dt' has not been set explicitly, hence returning None.
2025-10-16 21:55:45,798:INFO:Engine for model 'omp_cds_dt' has not been set explicitly, hence returning None.
2025-10-16 21:55:45,798:INFO:Engine for model 'knn_cds_dt' has not been set explicitly, hence returning None.
2025-10-16 21:55:45,798:INFO:Engine for model 'dt_cds_dt' has not been set explicitly, hence returning None.
2025-10-16 21:55:45,798:INFO:Engine for model 'rf_cds_dt' has not been set explicitly, hence returning None.
2025-10-16 21:55:45,799:INFO:Engine for model 'et_cds_dt' has not been set explicitly, hence returning None.
2025-10-16 21:55:45,799:INFO:Engine for model 'gbr_cds_dt' has not been set explicitly, hence returning None.
2025-10-16 21:55:45,799:INFO:Engine for model 'ada_cds_dt' has not been set explicitly, hence returning None.
2025-10-16 21:55:45,799:INFO:Engine for model 'xgboost_cds_dt' has not been set explicitly, hence returning None.
2025-10-16 21:55:45,799:WARNING:
'xgboost' is a soft dependency and not included in the pycaret installation. Please run: `pip install xgboost` to install.
Alternately, you can install this by running `pip install pycaret[models]`
2025-10-16 21:55:45,799:WARNING:
'xgboost' is a soft dependency and not included in the pycaret installation. Please run: `pip install xgboost` to install.
Alternately, you can install this by running `pip install pycaret[models]`
2025-10-16 21:55:45,799:INFO:Engine for model 'lightgbm_cds_dt' has not been set explicitly, hence returning None.
2025-10-16 21:55:45,799:INFO:Engine for model 'catboost_cds_dt' has not been set explicitly, hence returning None.
2025-10-16 21:55:45,799:WARNING:
'catboost' is a soft dependency and not included in the pycaret installation. Please run: `pip install catboost` to install.
Alternately, you can install this by running `pip install pycaret[models]`
2025-10-16 21:55:45,799:WARNING:
'catboost' is a soft dependency and not included in the pycaret installation. Please run: `pip install catboost` to install.
Alternately, you can install this by running `pip install pycaret[models]`
2025-10-16 21:55:45,801:WARNING:
'prophet' is a soft dependency and not included in the pycaret installation. Please run: `pip install prophet` to install.
2025-10-16 21:55:45,801:INFO:Engine for model 'en_cds_dt' has not been set explicitly, hence returning None.
2025-10-16 21:55:45,801:INFO:Engine for model 'ridge_cds_dt' has not been set explicitly, hence returning None.
2025-10-16 21:55:45,801:INFO:Engine for model 'lasso_cds_dt' has not been set explicitly, hence returning None.
2025-10-16 21:55:45,802:INFO:Engine for model 'llar_cds_dt' has not been set explicitly, hence returning None.
2025-10-16 21:55:45,802:INFO:Engine for model 'br_cds_dt' has not been set explicitly, hence returning None.
2025-10-16 21:55:45,802:INFO:Engine for model 'huber_cds_dt' has not been set explicitly, hence returning None.
2025-10-16 21:55:45,802:INFO:Engine for model 'omp_cds_dt' has not been set explicitly, hence returning None.
2025-10-16 21:55:45,803:INFO:Engine for model 'knn_cds_dt' has not been set explicitly, hence returning None.
2025-10-16 21:55:45,803:INFO:Engine for model 'dt_cds_dt' has not been set explicitly, hence returning None.
2025-10-16 21:55:45,803:INFO:Engine for model 'rf_cds_dt' has not been set explicitly, hence returning None.
2025-10-16 21:55:45,804:INFO:Engine for model 'et_cds_dt' has not been set explicitly, hence returning None.
2025-10-16 21:55:45,804:INFO:Engine for model 'gbr_cds_dt' has not been set explicitly, hence returning None.
2025-10-16 21:55:45,804:INFO:Engine for model 'ada_cds_dt' has not been set explicitly, hence returning None.
2025-10-16 21:55:45,804:INFO:Engine for model 'xgboost_cds_dt' has not been set explicitly, hence returning None.
2025-10-16 21:55:45,804:WARNING:
'xgboost' is a soft dependency and not included in the pycaret installation. Please run: `pip install xgboost` to install.
Alternately, you can install this by running `pip install pycaret[models]`
2025-10-16 21:55:45,804:WARNING:
'xgboost' is a soft dependency and not included in the pycaret installation. Please run: `pip install xgboost` to install.
Alternately, you can install this by running `pip install pycaret[models]`
2025-10-16 21:55:45,804:INFO:Engine for model 'lightgbm_cds_dt' has not been set explicitly, hence returning None.
2025-10-16 21:55:45,804:INFO:Engine for model 'catboost_cds_dt' has not been set explicitly, hence returning None.
2025-10-16 21:55:45,804:WARNING:
'catboost' is a soft dependency and not included in the pycaret installation. Please run: `pip install catboost` to install.
Alternately, you can install this by running `pip install pycaret[models]`
2025-10-16 21:55:45,804:WARNING:
'catboost' is a soft dependency and not included in the pycaret installation. Please run: `pip install catboost` to install.
Alternately, you can install this by running `pip install pycaret[models]`
2025-10-16 21:55:45,805:INFO:Engine successfully changes for model 'en_cds_dt' to 'sklearn'.
2025-10-16 21:55:45,806:WARNING:
'prophet' is a soft dependency and not included in the pycaret installation. Please run: `pip install prophet` to install.
2025-10-16 21:55:45,806:INFO:Engine for model 'ridge_cds_dt' has not been set explicitly, hence returning None.
2025-10-16 21:55:45,806:INFO:Engine for model 'lasso_cds_dt' has not been set explicitly, hence returning None.
2025-10-16 21:55:45,806:INFO:Engine for model 'llar_cds_dt' has not been set explicitly, hence returning None.
2025-10-16 21:55:45,807:INFO:Engine for model 'br_cds_dt' has not been set explicitly, hence returning None.
2025-10-16 21:55:45,807:INFO:Engine for model 'huber_cds_dt' has not been set explicitly, hence returning None.
2025-10-16 21:55:45,807:INFO:Engine for model 'omp_cds_dt' has not been set explicitly, hence returning None.
2025-10-16 21:55:45,808:INFO:Engine for model 'knn_cds_dt' has not been set explicitly, hence returning None.
2025-10-16 21:55:45,808:INFO:Engine for model 'dt_cds_dt' has not been set explicitly, hence returning None.
2025-10-16 21:55:45,808:INFO:Engine for model 'rf_cds_dt' has not been set explicitly, hence returning None.
2025-10-16 21:55:45,809:INFO:Engine for model 'et_cds_dt' has not been set explicitly, hence returning None.
2025-10-16 21:55:45,809:INFO:Engine for model 'gbr_cds_dt' has not been set explicitly, hence returning None.
2025-10-16 21:55:45,809:INFO:Engine for model 'ada_cds_dt' has not been set explicitly, hence returning None.
2025-10-16 21:55:45,809:INFO:Engine for model 'xgboost_cds_dt' has not been set explicitly, hence returning None.
2025-10-16 21:55:45,809:WARNING:
'xgboost' is a soft dependency and not included in the pycaret installation. Please run: `pip install xgboost` to install.
Alternately, you can install this by running `pip install pycaret[models]`
2025-10-16 21:55:45,809:WARNING:
'xgboost' is a soft dependency and not included in the pycaret installation. Please run: `pip install xgboost` to install.
Alternately, you can install this by running `pip install pycaret[models]`
2025-10-16 21:55:45,809:INFO:Engine for model 'lightgbm_cds_dt' has not been set explicitly, hence returning None.
2025-10-16 21:55:45,809:INFO:Engine for model 'catboost_cds_dt' has not been set explicitly, hence returning None.
2025-10-16 21:55:45,809:WARNING:
'catboost' is a soft dependency and not included in the pycaret installation. Please run: `pip install catboost` to install.
Alternately, you can install this by running `pip install pycaret[models]`
2025-10-16 21:55:45,809:WARNING:
'catboost' is a soft dependency and not included in the pycaret installation. Please run: `pip install catboost` to install.
Alternately, you can install this by running `pip install pycaret[models]`
2025-10-16 21:55:45,811:WARNING:
'prophet' is a soft dependency and not included in the pycaret installation. Please run: `pip install prophet` to install.
2025-10-16 21:55:45,811:INFO:Engine for model 'ridge_cds_dt' has not been set explicitly, hence returning None.
2025-10-16 21:55:45,811:INFO:Engine for model 'lasso_cds_dt' has not been set explicitly, hence returning None.
2025-10-16 21:55:45,811:INFO:Engine for model 'llar_cds_dt' has not been set explicitly, hence returning None.
2025-10-16 21:55:45,812:INFO:Engine for model 'br_cds_dt' has not been set explicitly, hence returning None.
2025-10-16 21:55:45,812:INFO:Engine for model 'huber_cds_dt' has not been set explicitly, hence returning None.
2025-10-16 21:55:45,812:INFO:Engine for model 'omp_cds_dt' has not been set explicitly, hence returning None.
2025-10-16 21:55:45,813:INFO:Engine for model 'knn_cds_dt' has not been set explicitly, hence returning None.
2025-10-16 21:55:45,813:INFO:Engine for model 'dt_cds_dt' has not been set explicitly, hence returning None.
2025-10-16 21:55:45,813:INFO:Engine for model 'rf_cds_dt' has not been set explicitly, hence returning None.
2025-10-16 21:55:45,813:INFO:Engine for model 'et_cds_dt' has not been set explicitly, hence returning None.
2025-10-16 21:55:45,814:INFO:Engine for model 'gbr_cds_dt' has not been set explicitly, hence returning None.
2025-10-16 21:55:45,814:INFO:Engine for model 'ada_cds_dt' has not been set explicitly, hence returning None.
2025-10-16 21:55:45,814:INFO:Engine for model 'xgboost_cds_dt' has not been set explicitly, hence returning None.
2025-10-16 21:55:45,814:WARNING:
'xgboost' is a soft dependency and not included in the pycaret installation. Please run: `pip install xgboost` to install.
Alternately, you can install this by running `pip install pycaret[models]`
2025-10-16 21:55:45,814:WARNING:
'xgboost' is a soft dependency and not included in the pycaret installation. Please run: `pip install xgboost` to install.
Alternately, you can install this by running `pip install pycaret[models]`
2025-10-16 21:55:45,814:INFO:Engine for model 'lightgbm_cds_dt' has not been set explicitly, hence returning None.
2025-10-16 21:55:45,814:INFO:Engine for model 'catboost_cds_dt' has not been set explicitly, hence returning None.
2025-10-16 21:55:45,814:WARNING:
'catboost' is a soft dependency and not included in the pycaret installation. Please run: `pip install catboost` to install.
Alternately, you can install this by running `pip install pycaret[models]`
2025-10-16 21:55:45,814:WARNING:
'catboost' is a soft dependency and not included in the pycaret installation. Please run: `pip install catboost` to install.
Alternately, you can install this by running `pip install pycaret[models]`
2025-10-16 21:55:45,814:INFO:Engine successfully changes for model 'ridge_cds_dt' to 'sklearn'.
2025-10-16 21:55:45,816:WARNING:
'prophet' is a soft dependency and not included in the pycaret installation. Please run: `pip install prophet` to install.
2025-10-16 21:55:45,816:INFO:Engine for model 'lasso_cds_dt' has not been set explicitly, hence returning None.
2025-10-16 21:55:45,816:INFO:Engine for model 'llar_cds_dt' has not been set explicitly, hence returning None.
2025-10-16 21:55:45,816:INFO:Engine for model 'br_cds_dt' has not been set explicitly, hence returning None.
2025-10-16 21:55:45,816:INFO:Engine for model 'huber_cds_dt' has not been set explicitly, hence returning None.
2025-10-16 21:55:45,817:INFO:Engine for model 'omp_cds_dt' has not been set explicitly, hence returning None.
2025-10-16 21:55:45,818:INFO:Engine for model 'knn_cds_dt' has not been set explicitly, hence returning None.
2025-10-16 21:55:45,818:INFO:Engine for model 'dt_cds_dt' has not been set explicitly, hence returning None.
2025-10-16 21:55:45,818:INFO:Engine for model 'rf_cds_dt' has not been set explicitly, hence returning None.
2025-10-16 21:55:45,818:INFO:Engine for model 'et_cds_dt' has not been set explicitly, hence returning None.
2025-10-16 21:55:45,818:INFO:Engine for model 'gbr_cds_dt' has not been set explicitly, hence returning None.
2025-10-16 21:55:45,819:INFO:Engine for model 'ada_cds_dt' has not been set explicitly, hence returning None.
2025-10-16 21:55:45,819:INFO:Engine for model 'xgboost_cds_dt' has not been set explicitly, hence returning None.
2025-10-16 21:55:45,819:WARNING:
'xgboost' is a soft dependency and not included in the pycaret installation. Please run: `pip install xgboost` to install.
Alternately, you can install this by running `pip install pycaret[models]`
2025-10-16 21:55:45,819:WARNING:
'xgboost' is a soft dependency and not included in the pycaret installation. Please run: `pip install xgboost` to install.
Alternately, you can install this by running `pip install pycaret[models]`
2025-10-16 21:55:45,819:INFO:Engine for model 'lightgbm_cds_dt' has not been set explicitly, hence returning None.
2025-10-16 21:55:45,819:INFO:Engine for model 'catboost_cds_dt' has not been set explicitly, hence returning None.
2025-10-16 21:55:45,819:WARNING:
'catboost' is a soft dependency and not included in the pycaret installation. Please run: `pip install catboost` to install.
Alternately, you can install this by running `pip install pycaret[models]`
2025-10-16 21:55:45,819:WARNING:
'catboost' is a soft dependency and not included in the pycaret installation. Please run: `pip install catboost` to install.
Alternately, you can install this by running `pip install pycaret[models]`
2025-10-16 21:55:45,820:WARNING:
'prophet' is a soft dependency and not included in the pycaret installation. Please run: `pip install prophet` to install.
2025-10-16 21:55:45,821:INFO:Engine for model 'lasso_cds_dt' has not been set explicitly, hence returning None.
2025-10-16 21:55:45,821:INFO:Engine for model 'llar_cds_dt' has not been set explicitly, hence returning None.
2025-10-16 21:55:45,821:INFO:Engine for model 'br_cds_dt' has not been set explicitly, hence returning None.
2025-10-16 21:55:45,821:INFO:Engine for model 'huber_cds_dt' has not been set explicitly, hence returning None.
2025-10-16 21:55:45,822:INFO:Engine for model 'omp_cds_dt' has not been set explicitly, hence returning None.
2025-10-16 21:55:45,823:INFO:Engine for model 'knn_cds_dt' has not been set explicitly, hence returning None.
2025-10-16 21:55:45,823:INFO:Engine for model 'dt_cds_dt' has not been set explicitly, hence returning None.
2025-10-16 21:55:45,823:INFO:Engine for model 'rf_cds_dt' has not been set explicitly, hence returning None.
2025-10-16 21:55:45,823:INFO:Engine for model 'et_cds_dt' has not been set explicitly, hence returning None.
2025-10-16 21:55:45,823:INFO:Engine for model 'gbr_cds_dt' has not been set explicitly, hence returning None.
2025-10-16 21:55:45,823:INFO:Engine for model 'ada_cds_dt' has not been set explicitly, hence returning None.
2025-10-16 21:55:45,824:INFO:Engine for model 'xgboost_cds_dt' has not been set explicitly, hence returning None.
2025-10-16 21:55:45,824:WARNING:
'xgboost' is a soft dependency and not included in the pycaret installation. Please run: `pip install xgboost` to install.
Alternately, you can install this by running `pip install pycaret[models]`
2025-10-16 21:55:45,824:WARNING:
'xgboost' is a soft dependency and not included in the pycaret installation. Please run: `pip install xgboost` to install.
Alternately, you can install this by running `pip install pycaret[models]`
2025-10-16 21:55:45,824:INFO:Engine for model 'lightgbm_cds_dt' has not been set explicitly, hence returning None.
2025-10-16 21:55:45,824:INFO:Engine for model 'catboost_cds_dt' has not been set explicitly, hence returning None.
2025-10-16 21:55:45,824:WARNING:
'catboost' is a soft dependency and not included in the pycaret installation. Please run: `pip install catboost` to install.
Alternately, you can install this by running `pip install pycaret[models]`
2025-10-16 21:55:45,824:WARNING:
'catboost' is a soft dependency and not included in the pycaret installation. Please run: `pip install catboost` to install.
Alternately, you can install this by running `pip install pycaret[models]`
2025-10-16 21:55:45,824:INFO:Engine successfully changes for model 'lasso_cds_dt' to 'sklearn'.
2025-10-16 21:55:45,825:WARNING:
'prophet' is a soft dependency and not included in the pycaret installation. Please run: `pip install prophet` to install.
2025-10-16 21:55:45,826:INFO:Engine for model 'llar_cds_dt' has not been set explicitly, hence returning None.
2025-10-16 21:55:45,826:INFO:Engine for model 'br_cds_dt' has not been set explicitly, hence returning None.
2025-10-16 21:55:45,826:INFO:Engine for model 'huber_cds_dt' has not been set explicitly, hence returning None.
2025-10-16 21:55:45,827:INFO:Engine for model 'omp_cds_dt' has not been set explicitly, hence returning None.
2025-10-16 21:55:45,827:INFO:Engine for model 'knn_cds_dt' has not been set explicitly, hence returning None.
2025-10-16 21:55:45,828:INFO:Engine for model 'dt_cds_dt' has not been set explicitly, hence returning None.
2025-10-16 21:55:45,828:INFO:Engine for model 'rf_cds_dt' has not been set explicitly, hence returning None.
2025-10-16 21:55:45,828:INFO:Engine for model 'et_cds_dt' has not been set explicitly, hence returning None.
2025-10-16 21:55:45,828:INFO:Engine for model 'gbr_cds_dt' has not been set explicitly, hence returning None.
2025-10-16 21:55:45,828:INFO:Engine for model 'ada_cds_dt' has not been set explicitly, hence returning None.
2025-10-16 21:55:45,829:INFO:Engine for model 'xgboost_cds_dt' has not been set explicitly, hence returning None.
2025-10-16 21:55:45,829:WARNING:
'xgboost' is a soft dependency and not included in the pycaret installation. Please run: `pip install xgboost` to install.
Alternately, you can install this by running `pip install pycaret[models]`
2025-10-16 21:55:45,829:WARNING:
'xgboost' is a soft dependency and not included in the pycaret installation. Please run: `pip install xgboost` to install.
Alternately, you can install this by running `pip install pycaret[models]`
2025-10-16 21:55:45,829:INFO:Engine for model 'lightgbm_cds_dt' has not been set explicitly, hence returning None.
2025-10-16 21:55:45,829:INFO:Engine for model 'catboost_cds_dt' has not been set explicitly, hence returning None.
2025-10-16 21:55:45,829:WARNING:
'catboost' is a soft dependency and not included in the pycaret installation. Please run: `pip install catboost` to install.
Alternately, you can install this by running `pip install pycaret[models]`
2025-10-16 21:55:45,829:WARNING:
'catboost' is a soft dependency and not included in the pycaret installation. Please run: `pip install catboost` to install.
Alternately, you can install this by running `pip install pycaret[models]`
2025-10-16 21:55:45,830:WARNING:
'prophet' is a soft dependency and not included in the pycaret installation. Please run: `pip install prophet` to install.
2025-10-16 21:55:45,831:INFO:Engine for model 'llar_cds_dt' has not been set explicitly, hence returning None.
2025-10-16 21:55:45,831:INFO:Engine for model 'br_cds_dt' has not been set explicitly, hence returning None.
2025-10-16 21:55:45,831:INFO:Engine for model 'huber_cds_dt' has not been set explicitly, hence returning None.
2025-10-16 21:55:45,832:INFO:Engine for model 'omp_cds_dt' has not been set explicitly, hence returning None.
2025-10-16 21:55:45,832:INFO:Engine for model 'knn_cds_dt' has not been set explicitly, hence returning None.
2025-10-16 21:55:45,833:INFO:Engine for model 'dt_cds_dt' has not been set explicitly, hence returning None.
2025-10-16 21:55:45,833:INFO:Engine for model 'rf_cds_dt' has not been set explicitly, hence returning None.
2025-10-16 21:55:45,833:INFO:Engine for model 'et_cds_dt' has not been set explicitly, hence returning None.
2025-10-16 21:55:45,833:INFO:Engine for model 'gbr_cds_dt' has not been set explicitly, hence returning None.
2025-10-16 21:55:45,833:INFO:Engine for model 'ada_cds_dt' has not been set explicitly, hence returning None.
2025-10-16 21:55:45,833:INFO:Engine for model 'xgboost_cds_dt' has not been set explicitly, hence returning None.
2025-10-16 21:55:45,833:WARNING:
'xgboost' is a soft dependency and not included in the pycaret installation. Please run: `pip install xgboost` to install.
Alternately, you can install this by running `pip install pycaret[models]`
2025-10-16 21:55:45,833:WARNING:
'xgboost' is a soft dependency and not included in the pycaret installation. Please run: `pip install xgboost` to install.
Alternately, you can install this by running `pip install pycaret[models]`
2025-10-16 21:55:45,834:INFO:Engine for model 'lightgbm_cds_dt' has not been set explicitly, hence returning None.
2025-10-16 21:55:45,834:INFO:Engine for model 'catboost_cds_dt' has not been set explicitly, hence returning None.
2025-10-16 21:55:45,834:WARNING:
'catboost' is a soft dependency and not included in the pycaret installation. Please run: `pip install catboost` to install.
Alternately, you can install this by running `pip install pycaret[models]`
2025-10-16 21:55:45,834:WARNING:
'catboost' is a soft dependency and not included in the pycaret installation. Please run: `pip install catboost` to install.
Alternately, you can install this by running `pip install pycaret[models]`
2025-10-16 21:55:45,834:INFO:Engine successfully changes for model 'lar_cds_dt' to 'sklearn'.
2025-10-16 21:55:45,835:WARNING:
'prophet' is a soft dependency and not included in the pycaret installation. Please run: `pip install prophet` to install.
2025-10-16 21:55:45,836:INFO:Engine for model 'llar_cds_dt' has not been set explicitly, hence returning None.
2025-10-16 21:55:45,836:INFO:Engine for model 'br_cds_dt' has not been set explicitly, hence returning None.
2025-10-16 21:55:45,836:INFO:Engine for model 'huber_cds_dt' has not been set explicitly, hence returning None.
2025-10-16 21:55:45,837:INFO:Engine for model 'omp_cds_dt' has not been set explicitly, hence returning None.
2025-10-16 21:55:45,837:INFO:Engine for model 'knn_cds_dt' has not been set explicitly, hence returning None.
2025-10-16 21:55:45,837:INFO:Engine for model 'dt_cds_dt' has not been set explicitly, hence returning None.
2025-10-16 21:55:45,838:INFO:Engine for model 'rf_cds_dt' has not been set explicitly, hence returning None.
2025-10-16 21:55:45,838:INFO:Engine for model 'et_cds_dt' has not been set explicitly, hence returning None.
2025-10-16 21:55:45,838:INFO:Engine for model 'gbr_cds_dt' has not been set explicitly, hence returning None.
2025-10-16 21:55:45,838:INFO:Engine for model 'ada_cds_dt' has not been set explicitly, hence returning None.
2025-10-16 21:55:45,838:INFO:Engine for model 'xgboost_cds_dt' has not been set explicitly, hence returning None.
2025-10-16 21:55:45,838:WARNING:
'xgboost' is a soft dependency and not included in the pycaret installation. Please run: `pip install xgboost` to install.
Alternately, you can install this by running `pip install pycaret[models]`
2025-10-16 21:55:45,838:WARNING:
'xgboost' is a soft dependency and not included in the pycaret installation. Please run: `pip install xgboost` to install.
Alternately, you can install this by running `pip install pycaret[models]`
2025-10-16 21:55:45,838:INFO:Engine for model 'lightgbm_cds_dt' has not been set explicitly, hence returning None.
2025-10-16 21:55:45,838:INFO:Engine for model 'catboost_cds_dt' has not been set explicitly, hence returning None.
2025-10-16 21:55:45,838:WARNING:
'catboost' is a soft dependency and not included in the pycaret installation. Please run: `pip install catboost` to install.
Alternately, you can install this by running `pip install pycaret[models]`
2025-10-16 21:55:45,838:WARNING:
'catboost' is a soft dependency and not included in the pycaret installation. Please run: `pip install catboost` to install.
Alternately, you can install this by running `pip install pycaret[models]`
2025-10-16 21:55:45,840:WARNING:
'prophet' is a soft dependency and not included in the pycaret installation. Please run: `pip install prophet` to install.
2025-10-16 21:55:45,840:INFO:Engine for model 'llar_cds_dt' has not been set explicitly, hence returning None.
2025-10-16 21:55:45,840:INFO:Engine for model 'br_cds_dt' has not been set explicitly, hence returning None.
2025-10-16 21:55:45,841:INFO:Engine for model 'huber_cds_dt' has not been set explicitly, hence returning None.
2025-10-16 21:55:45,841:INFO:Engine for model 'omp_cds_dt' has not been set explicitly, hence returning None.
2025-10-16 21:55:45,842:INFO:Engine for model 'knn_cds_dt' has not been set explicitly, hence returning None.
2025-10-16 21:55:45,842:INFO:Engine for model 'dt_cds_dt' has not been set explicitly, hence returning None.
2025-10-16 21:55:45,842:INFO:Engine for model 'rf_cds_dt' has not been set explicitly, hence returning None.
2025-10-16 21:55:45,842:INFO:Engine for model 'et_cds_dt' has not been set explicitly, hence returning None.
2025-10-16 21:55:45,843:INFO:Engine for model 'gbr_cds_dt' has not been set explicitly, hence returning None.
2025-10-16 21:55:45,843:INFO:Engine for model 'ada_cds_dt' has not been set explicitly, hence returning None.
2025-10-16 21:55:45,843:INFO:Engine for model 'xgboost_cds_dt' has not been set explicitly, hence returning None.
2025-10-16 21:55:45,843:WARNING:
'xgboost' is a soft dependency and not included in the pycaret installation. Please run: `pip install xgboost` to install.
Alternately, you can install this by running `pip install pycaret[models]`
2025-10-16 21:55:45,843:WARNING:
'xgboost' is a soft dependency and not included in the pycaret installation. Please run: `pip install xgboost` to install.
Alternately, you can install this by running `pip install pycaret[models]`
2025-10-16 21:55:45,843:INFO:Engine for model 'lightgbm_cds_dt' has not been set explicitly, hence returning None.
2025-10-16 21:55:45,843:INFO:Engine for model 'catboost_cds_dt' has not been set explicitly, hence returning None.
2025-10-16 21:55:45,843:WARNING:
'catboost' is a soft dependency and not included in the pycaret installation. Please run: `pip install catboost` to install.
Alternately, you can install this by running `pip install pycaret[models]`
2025-10-16 21:55:45,843:WARNING:
'catboost' is a soft dependency and not included in the pycaret installation. Please run: `pip install catboost` to install.
Alternately, you can install this by running `pip install pycaret[models]`
2025-10-16 21:55:45,843:INFO:Engine successfully changes for model 'llar_cds_dt' to 'sklearn'.
2025-10-16 21:55:45,845:WARNING:
'prophet' is a soft dependency and not included in the pycaret installation. Please run: `pip install prophet` to install.
2025-10-16 21:55:45,845:INFO:Engine for model 'br_cds_dt' has not been set explicitly, hence returning None.
2025-10-16 21:55:45,845:INFO:Engine for model 'huber_cds_dt' has not been set explicitly, hence returning None.
2025-10-16 21:55:45,846:INFO:Engine for model 'omp_cds_dt' has not been set explicitly, hence returning None.
2025-10-16 21:55:45,847:INFO:Engine for model 'knn_cds_dt' has not been set explicitly, hence returning None.
2025-10-16 21:55:45,847:INFO:Engine for model 'dt_cds_dt' has not been set explicitly, hence returning None.
2025-10-16 21:55:45,847:INFO:Engine for model 'rf_cds_dt' has not been set explicitly, hence returning None.
2025-10-16 21:55:45,847:INFO:Engine for model 'et_cds_dt' has not been set explicitly, hence returning None.
2025-10-16 21:55:45,847:INFO:Engine for model 'gbr_cds_dt' has not been set explicitly, hence returning None.
2025-10-16 21:55:45,847:INFO:Engine for model 'ada_cds_dt' has not been set explicitly, hence returning None.
2025-10-16 21:55:45,848:INFO:Engine for model 'xgboost_cds_dt' has not been set explicitly, hence returning None.
2025-10-16 21:55:45,848:WARNING:
'xgboost' is a soft dependency and not included in the pycaret installation. Please run: `pip install xgboost` to install.
Alternately, you can install this by running `pip install pycaret[models]`
2025-10-16 21:55:45,848:WARNING:
'xgboost' is a soft dependency and not included in the pycaret installation. Please run: `pip install xgboost` to install.
Alternately, you can install this by running `pip install pycaret[models]`
2025-10-16 21:55:45,848:INFO:Engine for model 'lightgbm_cds_dt' has not been set explicitly, hence returning None.
2025-10-16 21:55:45,848:INFO:Engine for model 'catboost_cds_dt' has not been set explicitly, hence returning None.
2025-10-16 21:55:45,848:WARNING:
'catboost' is a soft dependency and not included in the pycaret installation. Please run: `pip install catboost` to install.
Alternately, you can install this by running `pip install pycaret[models]`
2025-10-16 21:55:45,848:WARNING:
'catboost' is a soft dependency and not included in the pycaret installation. Please run: `pip install catboost` to install.
Alternately, you can install this by running `pip install pycaret[models]`
2025-10-16 21:55:45,849:WARNING:
'prophet' is a soft dependency and not included in the pycaret installation. Please run: `pip install prophet` to install.
2025-10-16 21:55:45,850:INFO:Engine for model 'br_cds_dt' has not been set explicitly, hence returning None.
2025-10-16 21:55:45,850:INFO:Engine for model 'huber_cds_dt' has not been set explicitly, hence returning None.
2025-10-16 21:55:45,851:INFO:Engine for model 'omp_cds_dt' has not been set explicitly, hence returning None.
2025-10-16 21:55:45,851:INFO:Engine for model 'knn_cds_dt' has not been set explicitly, hence returning None.
2025-10-16 21:55:45,851:INFO:Engine for model 'dt_cds_dt' has not been set explicitly, hence returning None.
2025-10-16 21:55:45,852:INFO:Engine for model 'rf_cds_dt' has not been set explicitly, hence returning None.
2025-10-16 21:55:45,852:INFO:Engine for model 'et_cds_dt' has not been set explicitly, hence returning None.
2025-10-16 21:55:45,852:INFO:Engine for model 'gbr_cds_dt' has not been set explicitly, hence returning None.
2025-10-16 21:55:45,852:INFO:Engine for model 'ada_cds_dt' has not been set explicitly, hence returning None.
2025-10-16 21:55:45,852:INFO:Engine for model 'xgboost_cds_dt' has not been set explicitly, hence returning None.
2025-10-16 21:55:45,852:WARNING:
'xgboost' is a soft dependency and not included in the pycaret installation. Please run: `pip install xgboost` to install.
Alternately, you can install this by running `pip install pycaret[models]`
2025-10-16 21:55:45,852:WARNING:
'xgboost' is a soft dependency and not included in the pycaret installation. Please run: `pip install xgboost` to install.
Alternately, you can install this by running `pip install pycaret[models]`
2025-10-16 21:55:45,852:INFO:Engine for model 'lightgbm_cds_dt' has not been set explicitly, hence returning None.
2025-10-16 21:55:45,853:INFO:Engine for model 'catboost_cds_dt' has not been set explicitly, hence returning None.
2025-10-16 21:55:45,853:WARNING:
'catboost' is a soft dependency and not included in the pycaret installation. Please run: `pip install catboost` to install.
Alternately, you can install this by running `pip install pycaret[models]`
2025-10-16 21:55:45,853:WARNING:
'catboost' is a soft dependency and not included in the pycaret installation. Please run: `pip install catboost` to install.
Alternately, you can install this by running `pip install pycaret[models]`
2025-10-16 21:55:45,853:INFO:Engine successfully changes for model 'br_cds_dt' to 'sklearn'.
2025-10-16 21:55:45,854:WARNING:
'prophet' is a soft dependency and not included in the pycaret installation. Please run: `pip install prophet` to install.
2025-10-16 21:55:45,855:INFO:Engine for model 'huber_cds_dt' has not been set explicitly, hence returning None.
2025-10-16 21:55:45,855:INFO:Engine for model 'omp_cds_dt' has not been set explicitly, hence returning None.
2025-10-16 21:55:45,856:INFO:Engine for model 'knn_cds_dt' has not been set explicitly, hence returning None.
2025-10-16 21:55:45,856:INFO:Engine for model 'dt_cds_dt' has not been set explicitly, hence returning None.
2025-10-16 21:55:45,856:INFO:Engine for model 'rf_cds_dt' has not been set explicitly, hence returning None.
2025-10-16 21:55:45,856:INFO:Engine for model 'et_cds_dt' has not been set explicitly, hence returning None.
2025-10-16 21:55:45,857:INFO:Engine for model 'gbr_cds_dt' has not been set explicitly, hence returning None.
2025-10-16 21:55:45,857:INFO:Engine for model 'ada_cds_dt' has not been set explicitly, hence returning None.
2025-10-16 21:55:45,857:INFO:Engine for model 'xgboost_cds_dt' has not been set explicitly, hence returning None.
2025-10-16 21:55:45,857:WARNING:
'xgboost' is a soft dependency and not included in the pycaret installation. Please run: `pip install xgboost` to install.
Alternately, you can install this by running `pip install pycaret[models]`
2025-10-16 21:55:45,857:WARNING:
'xgboost' is a soft dependency and not included in the pycaret installation. Please run: `pip install xgboost` to install.
Alternately, you can install this by running `pip install pycaret[models]`
2025-10-16 21:55:45,857:INFO:Engine for model 'lightgbm_cds_dt' has not been set explicitly, hence returning None.
2025-10-16 21:55:45,857:INFO:Engine for model 'catboost_cds_dt' has not been set explicitly, hence returning None.
2025-10-16 21:55:45,857:WARNING:
'catboost' is a soft dependency and not included in the pycaret installation. Please run: `pip install catboost` to install.
Alternately, you can install this by running `pip install pycaret[models]`
2025-10-16 21:55:45,857:WARNING:
'catboost' is a soft dependency and not included in the pycaret installation. Please run: `pip install catboost` to install.
Alternately, you can install this by running `pip install pycaret[models]`
2025-10-16 21:55:45,859:WARNING:
'prophet' is a soft dependency and not included in the pycaret installation. Please run: `pip install prophet` to install.
2025-10-16 21:55:45,859:INFO:Engine for model 'huber_cds_dt' has not been set explicitly, hence returning None.
2025-10-16 21:55:45,860:INFO:Engine for model 'omp_cds_dt' has not been set explicitly, hence returning None.
2025-10-16 21:55:45,861:INFO:Engine for model 'knn_cds_dt' has not been set explicitly, hence returning None.
2025-10-16 21:55:45,861:INFO:Engine for model 'dt_cds_dt' has not been set explicitly, hence returning None.
2025-10-16 21:55:45,861:INFO:Engine for model 'rf_cds_dt' has not been set explicitly, hence returning None.
2025-10-16 21:55:45,861:INFO:Engine for model 'et_cds_dt' has not been set explicitly, hence returning None.
2025-10-16 21:55:45,861:INFO:Engine for model 'gbr_cds_dt' has not been set explicitly, hence returning None.
2025-10-16 21:55:45,861:INFO:Engine for model 'ada_cds_dt' has not been set explicitly, hence returning None.
2025-10-16 21:55:45,862:INFO:Engine for model 'xgboost_cds_dt' has not been set explicitly, hence returning None.
2025-10-16 21:55:45,862:WARNING:
'xgboost' is a soft dependency and not included in the pycaret installation. Please run: `pip install xgboost` to install.
Alternately, you can install this by running `pip install pycaret[models]`
2025-10-16 21:55:45,862:WARNING:
'xgboost' is a soft dependency and not included in the pycaret installation. Please run: `pip install xgboost` to install.
Alternately, you can install this by running `pip install pycaret[models]`
2025-10-16 21:55:45,862:INFO:Engine for model 'lightgbm_cds_dt' has not been set explicitly, hence returning None.
2025-10-16 21:55:45,862:INFO:Engine for model 'catboost_cds_dt' has not been set explicitly, hence returning None.
2025-10-16 21:55:45,862:WARNING:
'catboost' is a soft dependency and not included in the pycaret installation. Please run: `pip install catboost` to install.
Alternately, you can install this by running `pip install pycaret[models]`
2025-10-16 21:55:45,862:WARNING:
'catboost' is a soft dependency and not included in the pycaret installation. Please run: `pip install catboost` to install.
Alternately, you can install this by running `pip install pycaret[models]`
2025-10-16 21:55:45,862:INFO:Engine successfully changes for model 'huber_cds_dt' to 'sklearn'.
2025-10-16 21:55:45,863:WARNING:
'prophet' is a soft dependency and not included in the pycaret installation. Please run: `pip install prophet` to install.
2025-10-16 21:55:45,865:INFO:Engine for model 'omp_cds_dt' has not been set explicitly, hence returning None.
2025-10-16 21:55:45,865:INFO:Engine for model 'knn_cds_dt' has not been set explicitly, hence returning None.
2025-10-16 21:55:45,865:INFO:Engine for model 'dt_cds_dt' has not been set explicitly, hence returning None.
2025-10-16 21:55:45,866:INFO:Engine for model 'rf_cds_dt' has not been set explicitly, hence returning None.
2025-10-16 21:55:45,866:INFO:Engine for model 'et_cds_dt' has not been set explicitly, hence returning None.
2025-10-16 21:55:45,866:INFO:Engine for model 'gbr_cds_dt' has not been set explicitly, hence returning None.
2025-10-16 21:55:45,866:INFO:Engine for model 'ada_cds_dt' has not been set explicitly, hence returning None.
2025-10-16 21:55:45,866:INFO:Engine for model 'xgboost_cds_dt' has not been set explicitly, hence returning None.
2025-10-16 21:55:45,866:WARNING:
'xgboost' is a soft dependency and not included in the pycaret installation. Please run: `pip install xgboost` to install.
Alternately, you can install this by running `pip install pycaret[models]`
2025-10-16 21:55:45,866:WARNING:
'xgboost' is a soft dependency and not included in the pycaret installation. Please run: `pip install xgboost` to install.
Alternately, you can install this by running `pip install pycaret[models]`
2025-10-16 21:55:45,866:INFO:Engine for model 'lightgbm_cds_dt' has not been set explicitly, hence returning None.
2025-10-16 21:55:45,866:INFO:Engine for model 'catboost_cds_dt' has not been set explicitly, hence returning None.
2025-10-16 21:55:45,867:WARNING:
'catboost' is a soft dependency and not included in the pycaret installation. Please run: `pip install catboost` to install.
Alternately, you can install this by running `pip install pycaret[models]`
2025-10-16 21:55:45,867:WARNING:
'catboost' is a soft dependency and not included in the pycaret installation. Please run: `pip install catboost` to install.
Alternately, you can install this by running `pip install pycaret[models]`
2025-10-16 21:55:45,868:WARNING:
'prophet' is a soft dependency and not included in the pycaret installation. Please run: `pip install prophet` to install.
2025-10-16 21:55:45,869:INFO:Engine for model 'omp_cds_dt' has not been set explicitly, hence returning None.
2025-10-16 21:55:45,870:INFO:Engine for model 'knn_cds_dt' has not been set explicitly, hence returning None.
2025-10-16 21:55:45,870:INFO:Engine for model 'dt_cds_dt' has not been set explicitly, hence returning None.
2025-10-16 21:55:45,870:INFO:Engine for model 'rf_cds_dt' has not been set explicitly, hence returning None.
2025-10-16 21:55:45,870:INFO:Engine for model 'et_cds_dt' has not been set explicitly, hence returning None.
2025-10-16 21:55:45,871:INFO:Engine for model 'gbr_cds_dt' has not been set explicitly, hence returning None.
2025-10-16 21:55:45,871:INFO:Engine for model 'ada_cds_dt' has not been set explicitly, hence returning None.
2025-10-16 21:55:45,871:INFO:Engine for model 'xgboost_cds_dt' has not been set explicitly, hence returning None.
2025-10-16 21:55:45,871:WARNING:
'xgboost' is a soft dependency and not included in the pycaret installation. Please run: `pip install xgboost` to install.
Alternately, you can install this by running `pip install pycaret[models]`
2025-10-16 21:55:45,871:WARNING:
'xgboost' is a soft dependency and not included in the pycaret installation. Please run: `pip install xgboost` to install.
Alternately, you can install this by running `pip install pycaret[models]`
2025-10-16 21:55:45,871:INFO:Engine for model 'lightgbm_cds_dt' has not been set explicitly, hence returning None.
2025-10-16 21:55:45,871:INFO:Engine for model 'catboost_cds_dt' has not been set explicitly, hence returning None.
2025-10-16 21:55:45,871:WARNING:
'catboost' is a soft dependency and not included in the pycaret installation. Please run: `pip install catboost` to install.
Alternately, you can install this by running `pip install pycaret[models]`
2025-10-16 21:55:45,871:WARNING:
'catboost' is a soft dependency and not included in the pycaret installation. Please run: `pip install catboost` to install.
Alternately, you can install this by running `pip install pycaret[models]`
2025-10-16 21:55:45,871:INFO:Engine successfully changes for model 'par_cds_dt' to 'sklearn'.
2025-10-16 21:55:45,873:WARNING:
'prophet' is a soft dependency and not included in the pycaret installation. Please run: `pip install prophet` to install.
2025-10-16 21:55:45,874:INFO:Engine for model 'omp_cds_dt' has not been set explicitly, hence returning None.
2025-10-16 21:55:45,875:INFO:Engine for model 'knn_cds_dt' has not been set explicitly, hence returning None.
2025-10-16 21:55:45,875:INFO:Engine for model 'dt_cds_dt' has not been set explicitly, hence returning None.
2025-10-16 21:55:45,875:INFO:Engine for model 'rf_cds_dt' has not been set explicitly, hence returning None.
2025-10-16 21:55:45,875:INFO:Engine for model 'et_cds_dt' has not been set explicitly, hence returning None.
2025-10-16 21:55:45,875:INFO:Engine for model 'gbr_cds_dt' has not been set explicitly, hence returning None.
2025-10-16 21:55:45,875:INFO:Engine for model 'ada_cds_dt' has not been set explicitly, hence returning None.
2025-10-16 21:55:45,876:INFO:Engine for model 'xgboost_cds_dt' has not been set explicitly, hence returning None.
2025-10-16 21:55:45,876:WARNING:
'xgboost' is a soft dependency and not included in the pycaret installation. Please run: `pip install xgboost` to install.
Alternately, you can install this by running `pip install pycaret[models]`
2025-10-16 21:55:45,876:WARNING:
'xgboost' is a soft dependency and not included in the pycaret installation. Please run: `pip install xgboost` to install.
Alternately, you can install this by running `pip install pycaret[models]`
2025-10-16 21:55:45,876:INFO:Engine for model 'lightgbm_cds_dt' has not been set explicitly, hence returning None.
2025-10-16 21:55:45,876:INFO:Engine for model 'catboost_cds_dt' has not been set explicitly, hence returning None.
2025-10-16 21:55:45,876:WARNING:
'catboost' is a soft dependency and not included in the pycaret installation. Please run: `pip install catboost` to install.
Alternately, you can install this by running `pip install pycaret[models]`
2025-10-16 21:55:45,876:WARNING:
'catboost' is a soft dependency and not included in the pycaret installation. Please run: `pip install catboost` to install.
Alternately, you can install this by running `pip install pycaret[models]`
2025-10-16 21:55:45,877:WARNING:
'prophet' is a soft dependency and not included in the pycaret installation. Please run: `pip install prophet` to install.
2025-10-16 21:55:45,879:INFO:Engine for model 'omp_cds_dt' has not been set explicitly, hence returning None.
2025-10-16 21:55:45,879:INFO:Engine for model 'knn_cds_dt' has not been set explicitly, hence returning None.
2025-10-16 21:55:45,879:INFO:Engine for model 'dt_cds_dt' has not been set explicitly, hence returning None.
2025-10-16 21:55:45,880:INFO:Engine for model 'rf_cds_dt' has not been set explicitly, hence returning None.
2025-10-16 21:55:45,880:INFO:Engine for model 'et_cds_dt' has not been set explicitly, hence returning None.
2025-10-16 21:55:45,880:INFO:Engine for model 'gbr_cds_dt' has not been set explicitly, hence returning None.
2025-10-16 21:55:45,880:INFO:Engine for model 'ada_cds_dt' has not been set explicitly, hence returning None.
2025-10-16 21:55:45,880:INFO:Engine for model 'xgboost_cds_dt' has not been set explicitly, hence returning None.
2025-10-16 21:55:45,880:WARNING:
'xgboost' is a soft dependency and not included in the pycaret installation. Please run: `pip install xgboost` to install.
Alternately, you can install this by running `pip install pycaret[models]`
2025-10-16 21:55:45,880:WARNING:
'xgboost' is a soft dependency and not included in the pycaret installation. Please run: `pip install xgboost` to install.
Alternately, you can install this by running `pip install pycaret[models]`
2025-10-16 21:55:45,880:INFO:Engine for model 'lightgbm_cds_dt' has not been set explicitly, hence returning None.
2025-10-16 21:55:45,880:INFO:Engine for model 'catboost_cds_dt' has not been set explicitly, hence returning None.
2025-10-16 21:55:45,881:WARNING:
'catboost' is a soft dependency and not included in the pycaret installation. Please run: `pip install catboost` to install.
Alternately, you can install this by running `pip install pycaret[models]`
2025-10-16 21:55:45,881:WARNING:
'catboost' is a soft dependency and not included in the pycaret installation. Please run: `pip install catboost` to install.
Alternately, you can install this by running `pip install pycaret[models]`
2025-10-16 21:55:45,881:INFO:Engine successfully changes for model 'omp_cds_dt' to 'sklearn'.
2025-10-16 21:55:45,882:WARNING:
'prophet' is a soft dependency and not included in the pycaret installation. Please run: `pip install prophet` to install.
2025-10-16 21:55:45,884:INFO:Engine for model 'knn_cds_dt' has not been set explicitly, hence returning None.
2025-10-16 21:55:45,884:INFO:Engine for model 'dt_cds_dt' has not been set explicitly, hence returning None.
2025-10-16 21:55:45,884:INFO:Engine for model 'rf_cds_dt' has not been set explicitly, hence returning None.
2025-10-16 21:55:45,884:INFO:Engine for model 'et_cds_dt' has not been set explicitly, hence returning None.
2025-10-16 21:55:45,884:INFO:Engine for model 'gbr_cds_dt' has not been set explicitly, hence returning None.
2025-10-16 21:55:45,885:INFO:Engine for model 'ada_cds_dt' has not been set explicitly, hence returning None.
2025-10-16 21:55:45,885:INFO:Engine for model 'xgboost_cds_dt' has not been set explicitly, hence returning None.
2025-10-16 21:55:45,885:WARNING:
'xgboost' is a soft dependency and not included in the pycaret installation. Please run: `pip install xgboost` to install.
Alternately, you can install this by running `pip install pycaret[models]`
2025-10-16 21:55:45,885:WARNING:
'xgboost' is a soft dependency and not included in the pycaret installation. Please run: `pip install xgboost` to install.
Alternately, you can install this by running `pip install pycaret[models]`
2025-10-16 21:55:45,885:INFO:Engine for model 'lightgbm_cds_dt' has not been set explicitly, hence returning None.
2025-10-16 21:55:45,885:INFO:Engine for model 'catboost_cds_dt' has not been set explicitly, hence returning None.
2025-10-16 21:55:45,885:WARNING:
'catboost' is a soft dependency and not included in the pycaret installation. Please run: `pip install catboost` to install.
Alternately, you can install this by running `pip install pycaret[models]`
2025-10-16 21:55:45,885:WARNING:
'catboost' is a soft dependency and not included in the pycaret installation. Please run: `pip install catboost` to install.
Alternately, you can install this by running `pip install pycaret[models]`
2025-10-16 21:55:45,886:WARNING:
'prophet' is a soft dependency and not included in the pycaret installation. Please run: `pip install prophet` to install.
2025-10-16 21:55:45,888:INFO:Engine for model 'knn_cds_dt' has not been set explicitly, hence returning None.
2025-10-16 21:55:45,889:INFO:Engine for model 'dt_cds_dt' has not been set explicitly, hence returning None.
2025-10-16 21:55:45,889:INFO:Engine for model 'rf_cds_dt' has not been set explicitly, hence returning None.
2025-10-16 21:55:45,889:INFO:Engine for model 'et_cds_dt' has not been set explicitly, hence returning None.
2025-10-16 21:55:45,889:INFO:Engine for model 'gbr_cds_dt' has not been set explicitly, hence returning None.
2025-10-16 21:55:45,889:INFO:Engine for model 'ada_cds_dt' has not been set explicitly, hence returning None.
2025-10-16 21:55:45,889:INFO:Engine for model 'xgboost_cds_dt' has not been set explicitly, hence returning None.
2025-10-16 21:55:45,889:WARNING:
'xgboost' is a soft dependency and not included in the pycaret installation. Please run: `pip install xgboost` to install.
Alternately, you can install this by running `pip install pycaret[models]`
2025-10-16 21:55:45,889:WARNING:
'xgboost' is a soft dependency and not included in the pycaret installation. Please run: `pip install xgboost` to install.
Alternately, you can install this by running `pip install pycaret[models]`
2025-10-16 21:55:45,890:INFO:Engine for model 'lightgbm_cds_dt' has not been set explicitly, hence returning None.
2025-10-16 21:55:45,890:INFO:Engine for model 'catboost_cds_dt' has not been set explicitly, hence returning None.
2025-10-16 21:55:45,890:WARNING:
'catboost' is a soft dependency and not included in the pycaret installation. Please run: `pip install catboost` to install.
Alternately, you can install this by running `pip install pycaret[models]`
2025-10-16 21:55:45,890:WARNING:
'catboost' is a soft dependency and not included in the pycaret installation. Please run: `pip install catboost` to install.
Alternately, you can install this by running `pip install pycaret[models]`
2025-10-16 21:55:45,890:INFO:Engine successfully changes for model 'knn_cds_dt' to 'sklearn'.
2025-10-16 21:55:45,891:WARNING:
'prophet' is a soft dependency and not included in the pycaret installation. Please run: `pip install prophet` to install.
2025-10-16 21:55:45,893:INFO:Engine for model 'dt_cds_dt' has not been set explicitly, hence returning None.
2025-10-16 21:55:45,893:INFO:Engine for model 'rf_cds_dt' has not been set explicitly, hence returning None.
2025-10-16 21:55:45,894:INFO:Engine for model 'et_cds_dt' has not been set explicitly, hence returning None.
2025-10-16 21:55:45,894:INFO:Engine for model 'gbr_cds_dt' has not been set explicitly, hence returning None.
2025-10-16 21:55:45,894:INFO:Engine for model 'ada_cds_dt' has not been set explicitly, hence returning None.
2025-10-16 21:55:45,894:INFO:Engine for model 'xgboost_cds_dt' has not been set explicitly, hence returning None.
2025-10-16 21:55:45,894:WARNING:
'xgboost' is a soft dependency and not included in the pycaret installation. Please run: `pip install xgboost` to install.
Alternately, you can install this by running `pip install pycaret[models]`
2025-10-16 21:55:45,894:WARNING:
'xgboost' is a soft dependency and not included in the pycaret installation. Please run: `pip install xgboost` to install.
Alternately, you can install this by running `pip install pycaret[models]`
2025-10-16 21:55:45,894:INFO:Engine for model 'lightgbm_cds_dt' has not been set explicitly, hence returning None.
2025-10-16 21:55:45,894:INFO:Engine for model 'catboost_cds_dt' has not been set explicitly, hence returning None.
2025-10-16 21:55:45,895:WARNING:
'catboost' is a soft dependency and not included in the pycaret installation. Please run: `pip install catboost` to install.
Alternately, you can install this by running `pip install pycaret[models]`
2025-10-16 21:55:45,895:WARNING:
'catboost' is a soft dependency and not included in the pycaret installation. Please run: `pip install catboost` to install.
Alternately, you can install this by running `pip install pycaret[models]`
2025-10-16 21:55:45,896:WARNING:
'prophet' is a soft dependency and not included in the pycaret installation. Please run: `pip install prophet` to install.
2025-10-16 21:55:45,898:INFO:Engine for model 'dt_cds_dt' has not been set explicitly, hence returning None.
2025-10-16 21:55:45,898:INFO:Engine for model 'rf_cds_dt' has not been set explicitly, hence returning None.
2025-10-16 21:55:45,898:INFO:Engine for model 'et_cds_dt' has not been set explicitly, hence returning None.
2025-10-16 21:55:45,898:INFO:Engine for model 'gbr_cds_dt' has not been set explicitly, hence returning None.
2025-10-16 21:55:45,899:INFO:Engine for model 'ada_cds_dt' has not been set explicitly, hence returning None.
2025-10-16 21:55:45,899:INFO:Engine for model 'xgboost_cds_dt' has not been set explicitly, hence returning None.
2025-10-16 21:55:45,899:WARNING:
'xgboost' is a soft dependency and not included in the pycaret installation. Please run: `pip install xgboost` to install.
Alternately, you can install this by running `pip install pycaret[models]`
2025-10-16 21:55:45,899:WARNING:
'xgboost' is a soft dependency and not included in the pycaret installation. Please run: `pip install xgboost` to install.
Alternately, you can install this by running `pip install pycaret[models]`
2025-10-16 21:55:45,899:INFO:Engine for model 'lightgbm_cds_dt' has not been set explicitly, hence returning None.
2025-10-16 21:55:45,899:INFO:Engine for model 'catboost_cds_dt' has not been set explicitly, hence returning None.
2025-10-16 21:55:45,899:WARNING:
'catboost' is a soft dependency and not included in the pycaret installation. Please run: `pip install catboost` to install.
Alternately, you can install this by running `pip install pycaret[models]`
2025-10-16 21:55:45,899:WARNING:
'catboost' is a soft dependency and not included in the pycaret installation. Please run: `pip install catboost` to install.
Alternately, you can install this by running `pip install pycaret[models]`
2025-10-16 21:55:45,899:INFO:Engine successfully changes for model 'dt_cds_dt' to 'sklearn'.
2025-10-16 21:55:45,900:WARNING:
'prophet' is a soft dependency and not included in the pycaret installation. Please run: `pip install prophet` to install.
2025-10-16 21:55:45,902:INFO:Engine for model 'rf_cds_dt' has not been set explicitly, hence returning None.
2025-10-16 21:55:45,903:INFO:Engine for model 'et_cds_dt' has not been set explicitly, hence returning None.
2025-10-16 21:55:45,903:INFO:Engine for model 'gbr_cds_dt' has not been set explicitly, hence returning None.
2025-10-16 21:55:45,903:INFO:Engine for model 'ada_cds_dt' has not been set explicitly, hence returning None.
2025-10-16 21:55:45,903:INFO:Engine for model 'xgboost_cds_dt' has not been set explicitly, hence returning None.
2025-10-16 21:55:45,903:WARNING:
'xgboost' is a soft dependency and not included in the pycaret installation. Please run: `pip install xgboost` to install.
Alternately, you can install this by running `pip install pycaret[models]`
2025-10-16 21:55:45,903:WARNING:
'xgboost' is a soft dependency and not included in the pycaret installation. Please run: `pip install xgboost` to install.
Alternately, you can install this by running `pip install pycaret[models]`
2025-10-16 21:55:45,903:INFO:Engine for model 'lightgbm_cds_dt' has not been set explicitly, hence returning None.
2025-10-16 21:55:45,903:INFO:Engine for model 'catboost_cds_dt' has not been set explicitly, hence returning None.
2025-10-16 21:55:45,903:WARNING:
'catboost' is a soft dependency and not included in the pycaret installation. Please run: `pip install catboost` to install.
Alternately, you can install this by running `pip install pycaret[models]`
2025-10-16 21:55:45,903:WARNING:
'catboost' is a soft dependency and not included in the pycaret installation. Please run: `pip install catboost` to install.
Alternately, you can install this by running `pip install pycaret[models]`
2025-10-16 21:55:45,905:WARNING:
'prophet' is a soft dependency and not included in the pycaret installation. Please run: `pip install prophet` to install.
2025-10-16 21:55:45,907:INFO:Engine for model 'rf_cds_dt' has not been set explicitly, hence returning None.
2025-10-16 21:55:45,907:INFO:Engine for model 'et_cds_dt' has not been set explicitly, hence returning None.
2025-10-16 21:55:45,907:INFO:Engine for model 'gbr_cds_dt' has not been set explicitly, hence returning None.
2025-10-16 21:55:45,907:INFO:Engine for model 'ada_cds_dt' has not been set explicitly, hence returning None.
2025-10-16 21:55:45,908:INFO:Engine for model 'xgboost_cds_dt' has not been set explicitly, hence returning None.
2025-10-16 21:55:45,908:WARNING:
'xgboost' is a soft dependency and not included in the pycaret installation. Please run: `pip install xgboost` to install.
Alternately, you can install this by running `pip install pycaret[models]`
2025-10-16 21:55:45,908:WARNING:
'xgboost' is a soft dependency and not included in the pycaret installation. Please run: `pip install xgboost` to install.
Alternately, you can install this by running `pip install pycaret[models]`
2025-10-16 21:55:45,908:INFO:Engine for model 'lightgbm_cds_dt' has not been set explicitly, hence returning None.
2025-10-16 21:55:45,908:INFO:Engine for model 'catboost_cds_dt' has not been set explicitly, hence returning None.
2025-10-16 21:55:45,908:WARNING:
'catboost' is a soft dependency and not included in the pycaret installation. Please run: `pip install catboost` to install.
Alternately, you can install this by running `pip install pycaret[models]`
2025-10-16 21:55:45,908:WARNING:
'catboost' is a soft dependency and not included in the pycaret installation. Please run: `pip install catboost` to install.
Alternately, you can install this by running `pip install pycaret[models]`
2025-10-16 21:55:45,908:INFO:Engine successfully changes for model 'rf_cds_dt' to 'sklearn'.
2025-10-16 21:55:45,909:WARNING:
'prophet' is a soft dependency and not included in the pycaret installation. Please run: `pip install prophet` to install.
2025-10-16 21:55:45,912:INFO:Engine for model 'et_cds_dt' has not been set explicitly, hence returning None.
2025-10-16 21:55:45,912:INFO:Engine for model 'gbr_cds_dt' has not been set explicitly, hence returning None.
2025-10-16 21:55:45,912:INFO:Engine for model 'ada_cds_dt' has not been set explicitly, hence returning None.
2025-10-16 21:55:45,912:INFO:Engine for model 'xgboost_cds_dt' has not been set explicitly, hence returning None.
2025-10-16 21:55:45,912:WARNING:
'xgboost' is a soft dependency and not included in the pycaret installation. Please run: `pip install xgboost` to install.
Alternately, you can install this by running `pip install pycaret[models]`
2025-10-16 21:55:45,912:WARNING:
'xgboost' is a soft dependency and not included in the pycaret installation. Please run: `pip install xgboost` to install.
Alternately, you can install this by running `pip install pycaret[models]`
2025-10-16 21:55:45,912:INFO:Engine for model 'lightgbm_cds_dt' has not been set explicitly, hence returning None.
2025-10-16 21:55:45,912:INFO:Engine for model 'catboost_cds_dt' has not been set explicitly, hence returning None.
2025-10-16 21:55:45,912:WARNING:
'catboost' is a soft dependency and not included in the pycaret installation. Please run: `pip install catboost` to install.
Alternately, you can install this by running `pip install pycaret[models]`
2025-10-16 21:55:45,912:WARNING:
'catboost' is a soft dependency and not included in the pycaret installation. Please run: `pip install catboost` to install.
Alternately, you can install this by running `pip install pycaret[models]`
2025-10-16 21:55:45,914:WARNING:
'prophet' is a soft dependency and not included in the pycaret installation. Please run: `pip install prophet` to install.
2025-10-16 21:55:45,916:INFO:Engine for model 'et_cds_dt' has not been set explicitly, hence returning None.
2025-10-16 21:55:45,916:INFO:Engine for model 'gbr_cds_dt' has not been set explicitly, hence returning None.
2025-10-16 21:55:45,916:INFO:Engine for model 'ada_cds_dt' has not been set explicitly, hence returning None.
2025-10-16 21:55:45,916:INFO:Engine for model 'xgboost_cds_dt' has not been set explicitly, hence returning None.
2025-10-16 21:55:45,917:WARNING:
'xgboost' is a soft dependency and not included in the pycaret installation. Please run: `pip install xgboost` to install.
Alternately, you can install this by running `pip install pycaret[models]`
2025-10-16 21:55:45,917:WARNING:
'xgboost' is a soft dependency and not included in the pycaret installation. Please run: `pip install xgboost` to install.
Alternately, you can install this by running `pip install pycaret[models]`
2025-10-16 21:55:45,917:INFO:Engine for model 'lightgbm_cds_dt' has not been set explicitly, hence returning None.
2025-10-16 21:55:45,917:INFO:Engine for model 'catboost_cds_dt' has not been set explicitly, hence returning None.
2025-10-16 21:55:45,917:WARNING:
'catboost' is a soft dependency and not included in the pycaret installation. Please run: `pip install catboost` to install.
Alternately, you can install this by running `pip install pycaret[models]`
2025-10-16 21:55:45,917:WARNING:
'catboost' is a soft dependency and not included in the pycaret installation. Please run: `pip install catboost` to install.
Alternately, you can install this by running `pip install pycaret[models]`
2025-10-16 21:55:45,917:INFO:Engine successfully changes for model 'et_cds_dt' to 'sklearn'.
2025-10-16 21:55:45,918:WARNING:
'prophet' is a soft dependency and not included in the pycaret installation. Please run: `pip install prophet` to install.
2025-10-16 21:55:45,921:INFO:Engine for model 'gbr_cds_dt' has not been set explicitly, hence returning None.
2025-10-16 21:55:45,921:INFO:Engine for model 'ada_cds_dt' has not been set explicitly, hence returning None.
2025-10-16 21:55:45,921:INFO:Engine for model 'xgboost_cds_dt' has not been set explicitly, hence returning None.
2025-10-16 21:55:45,921:WARNING:
'xgboost' is a soft dependency and not included in the pycaret installation. Please run: `pip install xgboost` to install.
Alternately, you can install this by running `pip install pycaret[models]`
2025-10-16 21:55:45,921:WARNING:
'xgboost' is a soft dependency and not included in the pycaret installation. Please run: `pip install xgboost` to install.
Alternately, you can install this by running `pip install pycaret[models]`
2025-10-16 21:55:45,921:INFO:Engine for model 'lightgbm_cds_dt' has not been set explicitly, hence returning None.
2025-10-16 21:55:45,921:INFO:Engine for model 'catboost_cds_dt' has not been set explicitly, hence returning None.
2025-10-16 21:55:45,921:WARNING:
'catboost' is a soft dependency and not included in the pycaret installation. Please run: `pip install catboost` to install.
Alternately, you can install this by running `pip install pycaret[models]`
2025-10-16 21:55:45,921:WARNING:
'catboost' is a soft dependency and not included in the pycaret installation. Please run: `pip install catboost` to install.
Alternately, you can install this by running `pip install pycaret[models]`
2025-10-16 21:55:45,923:WARNING:
'prophet' is a soft dependency and not included in the pycaret installation. Please run: `pip install prophet` to install.
2025-10-16 21:55:45,925:INFO:Engine for model 'gbr_cds_dt' has not been set explicitly, hence returning None.
2025-10-16 21:55:45,925:INFO:Engine for model 'ada_cds_dt' has not been set explicitly, hence returning None.
2025-10-16 21:55:45,925:INFO:Engine for model 'xgboost_cds_dt' has not been set explicitly, hence returning None.
2025-10-16 21:55:45,925:WARNING:
'xgboost' is a soft dependency and not included in the pycaret installation. Please run: `pip install xgboost` to install.
Alternately, you can install this by running `pip install pycaret[models]`
2025-10-16 21:55:45,925:WARNING:
'xgboost' is a soft dependency and not included in the pycaret installation. Please run: `pip install xgboost` to install.
Alternately, you can install this by running `pip install pycaret[models]`
2025-10-16 21:55:45,925:INFO:Engine for model 'lightgbm_cds_dt' has not been set explicitly, hence returning None.
2025-10-16 21:55:45,926:INFO:Engine for model 'catboost_cds_dt' has not been set explicitly, hence returning None.
2025-10-16 21:55:45,926:WARNING:
'catboost' is a soft dependency and not included in the pycaret installation. Please run: `pip install catboost` to install.
Alternately, you can install this by running `pip install pycaret[models]`
2025-10-16 21:55:45,926:WARNING:
'catboost' is a soft dependency and not included in the pycaret installation. Please run: `pip install catboost` to install.
Alternately, you can install this by running `pip install pycaret[models]`
2025-10-16 21:55:45,926:INFO:Engine successfully changes for model 'gbr_cds_dt' to 'sklearn'.
2025-10-16 21:55:45,927:WARNING:
'prophet' is a soft dependency and not included in the pycaret installation. Please run: `pip install prophet` to install.
2025-10-16 21:55:45,929:INFO:Engine for model 'ada_cds_dt' has not been set explicitly, hence returning None.
2025-10-16 21:55:45,930:INFO:Engine for model 'xgboost_cds_dt' has not been set explicitly, hence returning None.
2025-10-16 21:55:45,930:WARNING:
'xgboost' is a soft dependency and not included in the pycaret installation. Please run: `pip install xgboost` to install.
Alternately, you can install this by running `pip install pycaret[models]`
2025-10-16 21:55:45,930:WARNING:
'xgboost' is a soft dependency and not included in the pycaret installation. Please run: `pip install xgboost` to install.
Alternately, you can install this by running `pip install pycaret[models]`
2025-10-16 21:55:45,930:INFO:Engine for model 'lightgbm_cds_dt' has not been set explicitly, hence returning None.
2025-10-16 21:55:45,930:INFO:Engine for model 'catboost_cds_dt' has not been set explicitly, hence returning None.
2025-10-16 21:55:45,930:WARNING:
'catboost' is a soft dependency and not included in the pycaret installation. Please run: `pip install catboost` to install.
Alternately, you can install this by running `pip install pycaret[models]`
2025-10-16 21:55:45,930:WARNING:
'catboost' is a soft dependency and not included in the pycaret installation. Please run: `pip install catboost` to install.
Alternately, you can install this by running `pip install pycaret[models]`
2025-10-16 21:55:45,931:WARNING:
'prophet' is a soft dependency and not included in the pycaret installation. Please run: `pip install prophet` to install.
2025-10-16 21:55:45,934:INFO:Engine for model 'ada_cds_dt' has not been set explicitly, hence returning None.
2025-10-16 21:55:45,934:INFO:Engine for model 'xgboost_cds_dt' has not been set explicitly, hence returning None.
2025-10-16 21:55:45,934:WARNING:
'xgboost' is a soft dependency and not included in the pycaret installation. Please run: `pip install xgboost` to install.
Alternately, you can install this by running `pip install pycaret[models]`
2025-10-16 21:55:45,934:WARNING:
'xgboost' is a soft dependency and not included in the pycaret installation. Please run: `pip install xgboost` to install.
Alternately, you can install this by running `pip install pycaret[models]`
2025-10-16 21:55:45,934:INFO:Engine for model 'lightgbm_cds_dt' has not been set explicitly, hence returning None.
2025-10-16 21:55:45,934:INFO:Engine for model 'catboost_cds_dt' has not been set explicitly, hence returning None.
2025-10-16 21:55:45,934:WARNING:
'catboost' is a soft dependency and not included in the pycaret installation. Please run: `pip install catboost` to install.
Alternately, you can install this by running `pip install pycaret[models]`
2025-10-16 21:55:45,934:WARNING:
'catboost' is a soft dependency and not included in the pycaret installation. Please run: `pip install catboost` to install.
Alternately, you can install this by running `pip install pycaret[models]`
2025-10-16 21:55:45,934:INFO:Engine successfully changes for model 'ada_cds_dt' to 'sklearn'.
2025-10-16 21:55:45,936:WARNING:
'prophet' is a soft dependency and not included in the pycaret installation. Please run: `pip install prophet` to install.
2025-10-16 21:55:45,938:INFO:Engine for model 'xgboost_cds_dt' has not been set explicitly, hence returning None.
2025-10-16 21:55:45,938:WARNING:
'xgboost' is a soft dependency and not included in the pycaret installation. Please run: `pip install xgboost` to install.
Alternately, you can install this by running `pip install pycaret[models]`
2025-10-16 21:55:45,938:WARNING:
'xgboost' is a soft dependency and not included in the pycaret installation. Please run: `pip install xgboost` to install.
Alternately, you can install this by running `pip install pycaret[models]`
2025-10-16 21:55:45,938:INFO:Engine for model 'lightgbm_cds_dt' has not been set explicitly, hence returning None.
2025-10-16 21:55:45,939:INFO:Engine for model 'catboost_cds_dt' has not been set explicitly, hence returning None.
2025-10-16 21:55:45,939:WARNING:
'catboost' is a soft dependency and not included in the pycaret installation. Please run: `pip install catboost` to install.
Alternately, you can install this by running `pip install pycaret[models]`
2025-10-16 21:55:45,939:WARNING:
'catboost' is a soft dependency and not included in the pycaret installation. Please run: `pip install catboost` to install.
Alternately, you can install this by running `pip install pycaret[models]`
2025-10-16 21:55:45,940:WARNING:
'prophet' is a soft dependency and not included in the pycaret installation. Please run: `pip install prophet` to install.
2025-10-16 21:55:45,943:INFO:Engine for model 'xgboost_cds_dt' has not been set explicitly, hence returning None.
2025-10-16 21:55:45,943:WARNING:
'xgboost' is a soft dependency and not included in the pycaret installation. Please run: `pip install xgboost` to install.
Alternately, you can install this by running `pip install pycaret[models]`
2025-10-16 21:55:45,943:WARNING:
'xgboost' is a soft dependency and not included in the pycaret installation. Please run: `pip install xgboost` to install.
Alternately, you can install this by running `pip install pycaret[models]`
2025-10-16 21:55:45,943:INFO:Engine for model 'lightgbm_cds_dt' has not been set explicitly, hence returning None.
2025-10-16 21:55:45,943:INFO:Engine for model 'catboost_cds_dt' has not been set explicitly, hence returning None.
2025-10-16 21:55:45,943:WARNING:
'catboost' is a soft dependency and not included in the pycaret installation. Please run: `pip install catboost` to install.
Alternately, you can install this by running `pip install pycaret[models]`
2025-10-16 21:55:45,943:WARNING:
'catboost' is a soft dependency and not included in the pycaret installation. Please run: `pip install catboost` to install.
Alternately, you can install this by running `pip install pycaret[models]`
2025-10-16 21:55:45,943:INFO:Engine successfully changes for model 'xgboost_cds_dt' to 'sklearn'.
2025-10-16 21:55:45,944:WARNING:
'prophet' is a soft dependency and not included in the pycaret installation. Please run: `pip install prophet` to install.
2025-10-16 21:55:45,947:WARNING:
'xgboost' is a soft dependency and not included in the pycaret installation. Please run: `pip install xgboost` to install.
Alternately, you can install this by running `pip install pycaret[models]`
2025-10-16 21:55:45,947:WARNING:
'xgboost' is a soft dependency and not included in the pycaret installation. Please run: `pip install xgboost` to install.
Alternately, you can install this by running `pip install pycaret[models]`
2025-10-16 21:55:45,947:INFO:Engine for model 'lightgbm_cds_dt' has not been set explicitly, hence returning None.
2025-10-16 21:55:45,947:INFO:Engine for model 'catboost_cds_dt' has not been set explicitly, hence returning None.
2025-10-16 21:55:45,947:WARNING:
'catboost' is a soft dependency and not included in the pycaret installation. Please run: `pip install catboost` to install.
Alternately, you can install this by running `pip install pycaret[models]`
2025-10-16 21:55:45,947:WARNING:
'catboost' is a soft dependency and not included in the pycaret installation. Please run: `pip install catboost` to install.
Alternately, you can install this by running `pip install pycaret[models]`
2025-10-16 21:55:45,949:WARNING:
'prophet' is a soft dependency and not included in the pycaret installation. Please run: `pip install prophet` to install.
2025-10-16 21:55:45,951:WARNING:
'xgboost' is a soft dependency and not included in the pycaret installation. Please run: `pip install xgboost` to install.
Alternately, you can install this by running `pip install pycaret[models]`
2025-10-16 21:55:45,951:WARNING:
'xgboost' is a soft dependency and not included in the pycaret installation. Please run: `pip install xgboost` to install.
Alternately, you can install this by running `pip install pycaret[models]`
2025-10-16 21:55:45,951:INFO:Engine for model 'lightgbm_cds_dt' has not been set explicitly, hence returning None.
2025-10-16 21:55:45,952:INFO:Engine for model 'catboost_cds_dt' has not been set explicitly, hence returning None.
2025-10-16 21:55:45,952:WARNING:
'catboost' is a soft dependency and not included in the pycaret installation. Please run: `pip install catboost` to install.
Alternately, you can install this by running `pip install pycaret[models]`
2025-10-16 21:55:45,952:WARNING:
'catboost' is a soft dependency and not included in the pycaret installation. Please run: `pip install catboost` to install.
Alternately, you can install this by running `pip install pycaret[models]`
2025-10-16 21:55:45,952:INFO:Engine successfully changes for model 'lightgbm_cds_dt' to 'sklearn'.
2025-10-16 21:55:45,953:WARNING:
'prophet' is a soft dependency and not included in the pycaret installation. Please run: `pip install prophet` to install.
2025-10-16 21:55:45,956:WARNING:
'xgboost' is a soft dependency and not included in the pycaret installation. Please run: `pip install xgboost` to install.
Alternately, you can install this by running `pip install pycaret[models]`
2025-10-16 21:55:45,956:WARNING:
'xgboost' is a soft dependency and not included in the pycaret installation. Please run: `pip install xgboost` to install.
Alternately, you can install this by running `pip install pycaret[models]`
2025-10-16 21:55:45,956:INFO:Engine for model 'catboost_cds_dt' has not been set explicitly, hence returning None.
2025-10-16 21:55:45,956:WARNING:
'catboost' is a soft dependency and not included in the pycaret installation. Please run: `pip install catboost` to install.
Alternately, you can install this by running `pip install pycaret[models]`
2025-10-16 21:55:45,956:WARNING:
'catboost' is a soft dependency and not included in the pycaret installation. Please run: `pip install catboost` to install.
Alternately, you can install this by running `pip install pycaret[models]`
2025-10-16 21:55:45,957:WARNING:
'prophet' is a soft dependency and not included in the pycaret installation. Please run: `pip install prophet` to install.
2025-10-16 21:55:45,960:WARNING:
'xgboost' is a soft dependency and not included in the pycaret installation. Please run: `pip install xgboost` to install.
Alternately, you can install this by running `pip install pycaret[models]`
2025-10-16 21:55:45,960:WARNING:
'xgboost' is a soft dependency and not included in the pycaret installation. Please run: `pip install xgboost` to install.
Alternately, you can install this by running `pip install pycaret[models]`
2025-10-16 21:55:45,960:INFO:Engine for model 'catboost_cds_dt' has not been set explicitly, hence returning None.
2025-10-16 21:55:45,960:WARNING:
'catboost' is a soft dependency and not included in the pycaret installation. Please run: `pip install catboost` to install.
Alternately, you can install this by running `pip install pycaret[models]`
2025-10-16 21:55:45,960:WARNING:
'catboost' is a soft dependency and not included in the pycaret installation. Please run: `pip install catboost` to install.
Alternately, you can install this by running `pip install pycaret[models]`
2025-10-16 21:55:45,960:INFO:Engine successfully changes for model 'catboost_cds_dt' to 'sklearn'.
2025-10-16 21:55:45,962:WARNING:
'prophet' is a soft dependency and not included in the pycaret installation. Please run: `pip install prophet` to install.
2025-10-16 21:55:45,964:WARNING:
'xgboost' is a soft dependency and not included in the pycaret installation. Please run: `pip install xgboost` to install.
Alternately, you can install this by running `pip install pycaret[models]`
2025-10-16 21:55:45,964:WARNING:
'xgboost' is a soft dependency and not included in the pycaret installation. Please run: `pip install xgboost` to install.
Alternately, you can install this by running `pip install pycaret[models]`
2025-10-16 21:55:45,964:WARNING:
'catboost' is a soft dependency and not included in the pycaret installation. Please run: `pip install catboost` to install.
Alternately, you can install this by running `pip install pycaret[models]`
2025-10-16 21:55:45,964:WARNING:
'catboost' is a soft dependency and not included in the pycaret installation. Please run: `pip install catboost` to install.
Alternately, you can install this by running `pip install pycaret[models]`
2025-10-16 21:55:45,966:WARNING:
'prophet' is a soft dependency and not included in the pycaret installation. Please run: `pip install prophet` to install.
2025-10-16 21:55:45,969:WARNING:
'xgboost' is a soft dependency and not included in the pycaret installation. Please run: `pip install xgboost` to install.
Alternately, you can install this by running `pip install pycaret[models]`
2025-10-16 21:55:45,969:WARNING:
'xgboost' is a soft dependency and not included in the pycaret installation. Please run: `pip install xgboost` to install.
Alternately, you can install this by running `pip install pycaret[models]`
2025-10-16 21:55:45,969:WARNING:
'catboost' is a soft dependency and not included in the pycaret installation. Please run: `pip install catboost` to install.
Alternately, you can install this by running `pip install pycaret[models]`
2025-10-16 21:55:45,969:WARNING:
'catboost' is a soft dependency and not included in the pycaret installation. Please run: `pip install catboost` to install.
Alternately, you can install this by running `pip install pycaret[models]`
2025-10-16 21:55:45,970:WARNING:
'prophet' is a soft dependency and not included in the pycaret installation. Please run: `pip install prophet` to install.
2025-10-16 21:55:45,973:WARNING:
'xgboost' is a soft dependency and not included in the pycaret installation. Please run: `pip install xgboost` to install.
Alternately, you can install this by running `pip install pycaret[models]`
2025-10-16 21:55:45,973:WARNING:
'xgboost' is a soft dependency and not included in the pycaret installation. Please run: `pip install xgboost` to install.
Alternately, you can install this by running `pip install pycaret[models]`
2025-10-16 21:55:45,973:WARNING:
'catboost' is a soft dependency and not included in the pycaret installation. Please run: `pip install catboost` to install.
Alternately, you can install this by running `pip install pycaret[models]`
2025-10-16 21:55:45,973:WARNING:
'catboost' is a soft dependency and not included in the pycaret installation. Please run: `pip install catboost` to install.
Alternately, you can install this by running `pip install pycaret[models]`
2025-10-16 21:55:45,974:WARNING:
'prophet' is a soft dependency and not included in the pycaret installation. Please run: `pip install prophet` to install.
2025-10-16 21:55:45,977:WARNING:
'xgboost' is a soft dependency and not included in the pycaret installation. Please run: `pip install xgboost` to install.
Alternately, you can install this by running `pip install pycaret[models]`
2025-10-16 21:55:45,977:WARNING:
'xgboost' is a soft dependency and not included in the pycaret installation. Please run: `pip install xgboost` to install.
Alternately, you can install this by running `pip install pycaret[models]`
2025-10-16 21:55:45,977:WARNING:
'catboost' is a soft dependency and not included in the pycaret installation. Please run: `pip install catboost` to install.
Alternately, you can install this by running `pip install pycaret[models]`
2025-10-16 21:55:45,977:WARNING:
'catboost' is a soft dependency and not included in the pycaret installation. Please run: `pip install catboost` to install.
Alternately, you can install this by running `pip install pycaret[models]`
2025-10-16 21:55:45,978:INFO:setup() successfully completed in 0.5s...............
2025-10-16 21:55:45,978:INFO:Initializing compare_models()
2025-10-16 21:55:45,978:INFO:compare_models(self=<pycaret.time_series.forecasting.oop.TSForecastingExperiment object at 0x0000018FAB9B90D0>, include=None, exclude=None, fold=None, round=4, cross_validation=True, sort=MASE, n_select=3, budget_time=None, turbo=False, errors=raise, fit_kwargs=None, groups=None, experiment_custom_tags=None, probability_threshold=None, verbose=True, parallel=None, caller_params={'self': <pycaret.time_series.forecasting.oop.TSForecastingExperiment object at 0x0000018FAB9B90D0>, 'include': None, 'exclude': None, 'fold': None, 'round': 4, 'cross_validation': True, 'sort': 'MASE', 'n_select': 3, 'budget_time': None, 'turbo': False, 'errors': 'raise', 'fit_kwargs': None, 'experiment_custom_tags': None, 'engine': None, 'verbose': True, 'parallel': None, '__class__': <class 'pycaret.time_series.forecasting.oop.TSForecastingExperiment'>})
2025-10-16 21:55:45,978:INFO:Checking exceptions
2025-10-16 21:55:45,979:INFO:Preparing display monitor
2025-10-16 21:55:45,981:WARNING:C:\CODING PROJECTS\ts-pycaret\.venv\Lib\site-packages\pycaret\internal\pycaret_experiment\supervised_experiment.py:713: UserWarning:

Unsupported estimator `ensemble_forecaster` for method `compare_models()`, removing from model_library


2025-10-16 21:55:45,981:INFO:Initializing Naive Forecaster
2025-10-16 21:55:45,981:INFO:Total runtime is 0.0 minutes
2025-10-16 21:55:45,981:INFO:SubProcess create_model() called ==================================
2025-10-16 21:55:45,981:INFO:Initializing create_model()
2025-10-16 21:55:45,981:INFO:create_model(self=<pycaret.time_series.forecasting.oop.TSForecastingExperiment object at 0x0000018FAB9B90D0>, estimator=naive, fold=None, round=4, cross_validation=True, predict=True, fit_kwargs={}, groups=None, refit=False, probability_threshold=None, experiment_custom_tags=None, verbose=False, system=False, add_to_model_list=True, metrics=None, display=<pycaret.internal.display.display.CommonDisplay object at 0x0000018FABC6F350>, model_only=True, return_train_score=False, error_score=raise, kwargs={})
2025-10-16 21:55:45,981:INFO:Checking exceptions
2025-10-16 21:55:45,981:INFO:Importing libraries
2025-10-16 21:55:45,981:INFO:Copying training dataset
2025-10-16 21:55:45,982:INFO:Defining folds
2025-10-16 21:55:45,982:INFO:Declaring metric variables
2025-10-16 21:55:45,983:INFO:Importing untrained model
2025-10-16 21:55:45,983:INFO:Naive Forecaster Imported successfully
2025-10-16 21:55:45,984:INFO:Starting cross validation
2025-10-16 21:55:45,985:INFO:Cross validating with ExpandingWindowSplitter(fh=ForecastingHorizon([ 1,  2,  3,  4,  5,  6,  7,  8,  9, 10, 11, 12, 13, 14, 15, 16, 17, 18,
       19, 20, 21, 22, 23, 24],
      dtype='int32', is_relative=True),
                        initial_window=48, step_length=24), n_jobs=-1
2025-10-16 21:55:48,013:WARNING:C:\CODING PROJECTS\ts-pycaret\.venv\Lib\site-packages\sklearn\metrics\_regression.py:483: FutureWarning: 'squared' is deprecated in version 1.4 and will be removed in 1.6. To calculate the root mean squared error, use the function'root_mean_squared_error'.
  warnings.warn(

2025-10-16 21:55:48,013:WARNING:C:\CODING PROJECTS\ts-pycaret\.venv\Lib\site-packages\sklearn\metrics\_regression.py:483: FutureWarning: 'squared' is deprecated in version 1.4 and will be removed in 1.6. To calculate the root mean squared error, use the function'root_mean_squared_error'.
  warnings.warn(

2025-10-16 21:55:48,013:WARNING:C:\CODING PROJECTS\ts-pycaret\.venv\Lib\site-packages\sklearn\metrics\_regression.py:483: FutureWarning: 'squared' is deprecated in version 1.4 and will be removed in 1.6. To calculate the root mean squared error, use the function'root_mean_squared_error'.
  warnings.warn(

2025-10-16 21:55:48,013:WARNING:C:\CODING PROJECTS\ts-pycaret\.venv\Lib\site-packages\sklearn\metrics\_regression.py:483: FutureWarning: 'squared' is deprecated in version 1.4 and will be removed in 1.6. To calculate the root mean squared error, use the function'root_mean_squared_error'.
  warnings.warn(

2025-10-16 21:55:48,013:WARNING:C:\CODING PROJECTS\ts-pycaret\.venv\Lib\site-packages\sklearn\metrics\_regression.py:483: FutureWarning: 'squared' is deprecated in version 1.4 and will be removed in 1.6. To calculate the root mean squared error, use the function'root_mean_squared_error'.
  warnings.warn(

2025-10-16 21:55:48,013:WARNING:C:\CODING PROJECTS\ts-pycaret\.venv\Lib\site-packages\sklearn\metrics\_regression.py:483: FutureWarning: 'squared' is deprecated in version 1.4 and will be removed in 1.6. To calculate the root mean squared error, use the function'root_mean_squared_error'.
  warnings.warn(

2025-10-16 21:55:48,018:INFO:Calculating mean and std
2025-10-16 21:55:48,019:INFO:Creating metrics dataframe
2025-10-16 21:55:48,021:WARNING:C:\CODING PROJECTS\ts-pycaret\.venv\Lib\site-packages\pycaret\time_series\forecasting\oop.py:2694: FutureWarning:

The behavior of DataFrame concatenation with empty or all-NA entries is deprecated. In a future version, this will no longer exclude empty or all-NA columns when determining the result dtypes. To retain the old behavior, exclude the relevant entries before the concat operation.


2025-10-16 21:55:48,022:INFO:Uploading results into container
2025-10-16 21:55:48,022:INFO:Uploading model into container now
2025-10-16 21:55:48,022:INFO:_master_model_container: 1
2025-10-16 21:55:48,022:INFO:_display_container: 2
2025-10-16 21:55:48,022:INFO:NaiveForecaster()
2025-10-16 21:55:48,022:INFO:create_model() successfully completed......................................
2025-10-16 21:55:48,113:INFO:SubProcess create_model() end ==================================
2025-10-16 21:55:48,113:INFO:Creating metrics dataframe
2025-10-16 21:55:48,114:INFO:Initializing Grand Means Forecaster
2025-10-16 21:55:48,114:INFO:Total runtime is 0.035562121868133546 minutes
2025-10-16 21:55:48,114:INFO:SubProcess create_model() called ==================================
2025-10-16 21:55:48,114:INFO:Initializing create_model()
2025-10-16 21:55:48,114:INFO:create_model(self=<pycaret.time_series.forecasting.oop.TSForecastingExperiment object at 0x0000018FAB9B90D0>, estimator=grand_means, fold=None, round=4, cross_validation=True, predict=True, fit_kwargs={}, groups=None, refit=False, probability_threshold=None, experiment_custom_tags=None, verbose=False, system=False, add_to_model_list=True, metrics=None, display=<pycaret.internal.display.display.CommonDisplay object at 0x0000018FABC6F350>, model_only=True, return_train_score=False, error_score=raise, kwargs={})
2025-10-16 21:55:48,114:INFO:Checking exceptions
2025-10-16 21:55:48,115:INFO:Importing libraries
2025-10-16 21:55:48,115:INFO:Copying training dataset
2025-10-16 21:55:48,116:INFO:Defining folds
2025-10-16 21:55:48,116:INFO:Declaring metric variables
2025-10-16 21:55:48,116:INFO:Importing untrained model
2025-10-16 21:55:48,116:INFO:Grand Means Forecaster Imported successfully
2025-10-16 21:55:48,117:INFO:Starting cross validation
2025-10-16 21:55:48,118:INFO:Cross validating with ExpandingWindowSplitter(fh=ForecastingHorizon([ 1,  2,  3,  4,  5,  6,  7,  8,  9, 10, 11, 12, 13, 14, 15, 16, 17, 18,
       19, 20, 21, 22, 23, 24],
      dtype='int32', is_relative=True),
                        initial_window=48, step_length=24), n_jobs=-1
2025-10-16 21:55:49,688:WARNING:C:\CODING PROJECTS\ts-pycaret\.venv\Lib\site-packages\sklearn\metrics\_regression.py:483: FutureWarning: 'squared' is deprecated in version 1.4 and will be removed in 1.6. To calculate the root mean squared error, use the function'root_mean_squared_error'.
  warnings.warn(

2025-10-16 21:55:49,688:WARNING:C:\CODING PROJECTS\ts-pycaret\.venv\Lib\site-packages\sklearn\metrics\_regression.py:483: FutureWarning: 'squared' is deprecated in version 1.4 and will be removed in 1.6. To calculate the root mean squared error, use the function'root_mean_squared_error'.
  warnings.warn(

2025-10-16 21:55:49,688:WARNING:C:\CODING PROJECTS\ts-pycaret\.venv\Lib\site-packages\sklearn\metrics\_regression.py:483: FutureWarning: 'squared' is deprecated in version 1.4 and will be removed in 1.6. To calculate the root mean squared error, use the function'root_mean_squared_error'.
  warnings.warn(

2025-10-16 21:55:49,688:WARNING:C:\CODING PROJECTS\ts-pycaret\.venv\Lib\site-packages\sklearn\metrics\_regression.py:483: FutureWarning: 'squared' is deprecated in version 1.4 and will be removed in 1.6. To calculate the root mean squared error, use the function'root_mean_squared_error'.
  warnings.warn(

2025-10-16 21:55:49,688:WARNING:C:\CODING PROJECTS\ts-pycaret\.venv\Lib\site-packages\sklearn\metrics\_regression.py:483: FutureWarning: 'squared' is deprecated in version 1.4 and will be removed in 1.6. To calculate the root mean squared error, use the function'root_mean_squared_error'.
  warnings.warn(

2025-10-16 21:55:49,700:INFO:Calculating mean and std
2025-10-16 21:55:49,701:INFO:Creating metrics dataframe
2025-10-16 21:55:49,702:WARNING:C:\CODING PROJECTS\ts-pycaret\.venv\Lib\site-packages\pycaret\time_series\forecasting\oop.py:2694: FutureWarning:

The behavior of DataFrame concatenation with empty or all-NA entries is deprecated. In a future version, this will no longer exclude empty or all-NA columns when determining the result dtypes. To retain the old behavior, exclude the relevant entries before the concat operation.


2025-10-16 21:55:49,703:INFO:Uploading results into container
2025-10-16 21:55:49,703:INFO:Uploading model into container now
2025-10-16 21:55:49,704:INFO:_master_model_container: 2
2025-10-16 21:55:49,704:INFO:_display_container: 2
2025-10-16 21:55:49,704:INFO:NaiveForecaster(strategy='mean')
2025-10-16 21:55:49,704:INFO:create_model() successfully completed......................................
2025-10-16 21:55:49,793:INFO:SubProcess create_model() end ==================================
2025-10-16 21:55:49,793:INFO:Creating metrics dataframe
2025-10-16 21:55:49,795:INFO:Initializing Seasonal Naive Forecaster
2025-10-16 21:55:49,795:INFO:Total runtime is 0.06356927553812664 minutes
2025-10-16 21:55:49,795:INFO:SubProcess create_model() called ==================================
2025-10-16 21:55:49,795:INFO:Initializing create_model()
2025-10-16 21:55:49,795:INFO:create_model(self=<pycaret.time_series.forecasting.oop.TSForecastingExperiment object at 0x0000018FAB9B90D0>, estimator=snaive, fold=None, round=4, cross_validation=True, predict=True, fit_kwargs={}, groups=None, refit=False, probability_threshold=None, experiment_custom_tags=None, verbose=False, system=False, add_to_model_list=True, metrics=None, display=<pycaret.internal.display.display.CommonDisplay object at 0x0000018FABC6F350>, model_only=True, return_train_score=False, error_score=raise, kwargs={})
2025-10-16 21:55:49,795:INFO:Checking exceptions
2025-10-16 21:55:49,795:INFO:Importing libraries
2025-10-16 21:55:49,795:INFO:Copying training dataset
2025-10-16 21:55:49,796:INFO:Defining folds
2025-10-16 21:55:49,796:INFO:Declaring metric variables
2025-10-16 21:55:49,796:INFO:Importing untrained model
2025-10-16 21:55:49,797:INFO:Seasonal Naive Forecaster Imported successfully
2025-10-16 21:55:49,797:INFO:Starting cross validation
2025-10-16 21:55:49,798:INFO:Cross validating with ExpandingWindowSplitter(fh=ForecastingHorizon([ 1,  2,  3,  4,  5,  6,  7,  8,  9, 10, 11, 12, 13, 14, 15, 16, 17, 18,
       19, 20, 21, 22, 23, 24],
      dtype='int32', is_relative=True),
                        initial_window=48, step_length=24), n_jobs=-1
2025-10-16 21:55:51,384:WARNING:C:\CODING PROJECTS\ts-pycaret\.venv\Lib\site-packages\sklearn\metrics\_regression.py:483: FutureWarning: 'squared' is deprecated in version 1.4 and will be removed in 1.6. To calculate the root mean squared error, use the function'root_mean_squared_error'.
  warnings.warn(

2025-10-16 21:55:51,384:WARNING:C:\CODING PROJECTS\ts-pycaret\.venv\Lib\site-packages\sklearn\metrics\_regression.py:483: FutureWarning: 'squared' is deprecated in version 1.4 and will be removed in 1.6. To calculate the root mean squared error, use the function'root_mean_squared_error'.
  warnings.warn(

2025-10-16 21:55:51,384:WARNING:C:\CODING PROJECTS\ts-pycaret\.venv\Lib\site-packages\sklearn\metrics\_regression.py:483: FutureWarning: 'squared' is deprecated in version 1.4 and will be removed in 1.6. To calculate the root mean squared error, use the function'root_mean_squared_error'.
  warnings.warn(

2025-10-16 21:55:51,384:WARNING:C:\CODING PROJECTS\ts-pycaret\.venv\Lib\site-packages\sklearn\metrics\_regression.py:483: FutureWarning: 'squared' is deprecated in version 1.4 and will be removed in 1.6. To calculate the root mean squared error, use the function'root_mean_squared_error'.
  warnings.warn(

2025-10-16 21:55:51,385:WARNING:C:\CODING PROJECTS\ts-pycaret\.venv\Lib\site-packages\sklearn\metrics\_regression.py:483: FutureWarning: 'squared' is deprecated in version 1.4 and will be removed in 1.6. To calculate the root mean squared error, use the function'root_mean_squared_error'.
  warnings.warn(

2025-10-16 21:55:51,391:INFO:Calculating mean and std
2025-10-16 21:55:51,391:INFO:Creating metrics dataframe
2025-10-16 21:55:51,393:WARNING:C:\CODING PROJECTS\ts-pycaret\.venv\Lib\site-packages\pycaret\time_series\forecasting\oop.py:2694: FutureWarning:

The behavior of DataFrame concatenation with empty or all-NA entries is deprecated. In a future version, this will no longer exclude empty or all-NA columns when determining the result dtypes. To retain the old behavior, exclude the relevant entries before the concat operation.


2025-10-16 21:55:51,394:INFO:Uploading results into container
2025-10-16 21:55:51,394:INFO:Uploading model into container now
2025-10-16 21:55:51,394:INFO:_master_model_container: 3
2025-10-16 21:55:51,394:INFO:_display_container: 2
2025-10-16 21:55:51,394:INFO:NaiveForecaster(sp=12)
2025-10-16 21:55:51,394:INFO:create_model() successfully completed......................................
2025-10-16 21:55:51,487:INFO:SubProcess create_model() end ==================================
2025-10-16 21:55:51,487:INFO:Creating metrics dataframe
2025-10-16 21:55:51,489:INFO:Initializing Polynomial Trend Forecaster
2025-10-16 21:55:51,489:INFO:Total runtime is 0.09180956284205119 minutes
2025-10-16 21:55:51,489:INFO:SubProcess create_model() called ==================================
2025-10-16 21:55:51,489:INFO:Initializing create_model()
2025-10-16 21:55:51,489:INFO:create_model(self=<pycaret.time_series.forecasting.oop.TSForecastingExperiment object at 0x0000018FAB9B90D0>, estimator=polytrend, fold=None, round=4, cross_validation=True, predict=True, fit_kwargs={}, groups=None, refit=False, probability_threshold=None, experiment_custom_tags=None, verbose=False, system=False, add_to_model_list=True, metrics=None, display=<pycaret.internal.display.display.CommonDisplay object at 0x0000018FABC6F350>, model_only=True, return_train_score=False, error_score=raise, kwargs={})
2025-10-16 21:55:51,489:INFO:Checking exceptions
2025-10-16 21:55:51,489:INFO:Importing libraries
2025-10-16 21:55:51,489:INFO:Copying training dataset
2025-10-16 21:55:51,491:INFO:Defining folds
2025-10-16 21:55:51,491:INFO:Declaring metric variables
2025-10-16 21:55:51,491:INFO:Importing untrained model
2025-10-16 21:55:51,491:INFO:Polynomial Trend Forecaster Imported successfully
2025-10-16 21:55:51,492:INFO:Starting cross validation
2025-10-16 21:55:51,493:INFO:Cross validating with ExpandingWindowSplitter(fh=ForecastingHorizon([ 1,  2,  3,  4,  5,  6,  7,  8,  9, 10, 11, 12, 13, 14, 15, 16, 17, 18,
       19, 20, 21, 22, 23, 24],
      dtype='int32', is_relative=True),
                        initial_window=48, step_length=24), n_jobs=-1
2025-10-16 21:55:53,120:WARNING:C:\CODING PROJECTS\ts-pycaret\.venv\Lib\site-packages\sklearn\metrics\_regression.py:483: FutureWarning: 'squared' is deprecated in version 1.4 and will be removed in 1.6. To calculate the root mean squared error, use the function'root_mean_squared_error'.
  warnings.warn(

2025-10-16 21:55:53,121:WARNING:C:\CODING PROJECTS\ts-pycaret\.venv\Lib\site-packages\sklearn\metrics\_regression.py:483: FutureWarning: 'squared' is deprecated in version 1.4 and will be removed in 1.6. To calculate the root mean squared error, use the function'root_mean_squared_error'.
  warnings.warn(

2025-10-16 21:55:53,121:WARNING:C:\CODING PROJECTS\ts-pycaret\.venv\Lib\site-packages\sklearn\metrics\_regression.py:483: FutureWarning: 'squared' is deprecated in version 1.4 and will be removed in 1.6. To calculate the root mean squared error, use the function'root_mean_squared_error'.
  warnings.warn(

2025-10-16 21:55:53,121:WARNING:C:\CODING PROJECTS\ts-pycaret\.venv\Lib\site-packages\sklearn\metrics\_regression.py:483: FutureWarning: 'squared' is deprecated in version 1.4 and will be removed in 1.6. To calculate the root mean squared error, use the function'root_mean_squared_error'.
  warnings.warn(

2025-10-16 21:55:53,121:WARNING:C:\CODING PROJECTS\ts-pycaret\.venv\Lib\site-packages\sklearn\metrics\_regression.py:483: FutureWarning: 'squared' is deprecated in version 1.4 and will be removed in 1.6. To calculate the root mean squared error, use the function'root_mean_squared_error'.
  warnings.warn(

2025-10-16 21:55:53,121:WARNING:C:\CODING PROJECTS\ts-pycaret\.venv\Lib\site-packages\sklearn\metrics\_regression.py:483: FutureWarning: 'squared' is deprecated in version 1.4 and will be removed in 1.6. To calculate the root mean squared error, use the function'root_mean_squared_error'.
  warnings.warn(

2025-10-16 21:55:53,128:INFO:Calculating mean and std
2025-10-16 21:55:53,128:INFO:Creating metrics dataframe
2025-10-16 21:55:53,130:WARNING:C:\CODING PROJECTS\ts-pycaret\.venv\Lib\site-packages\pycaret\time_series\forecasting\oop.py:2694: FutureWarning:

The behavior of DataFrame concatenation with empty or all-NA entries is deprecated. In a future version, this will no longer exclude empty or all-NA columns when determining the result dtypes. To retain the old behavior, exclude the relevant entries before the concat operation.


2025-10-16 21:55:53,131:INFO:Uploading results into container
2025-10-16 21:55:53,131:INFO:Uploading model into container now
2025-10-16 21:55:53,131:INFO:_master_model_container: 4
2025-10-16 21:55:53,131:INFO:_display_container: 2
2025-10-16 21:55:53,131:INFO:PolynomialTrendForecaster()
2025-10-16 21:55:53,131:INFO:create_model() successfully completed......................................
2025-10-16 21:55:53,222:INFO:SubProcess create_model() end ==================================
2025-10-16 21:55:53,222:INFO:Creating metrics dataframe
2025-10-16 21:55:53,224:INFO:Initializing ARIMA
2025-10-16 21:55:53,224:INFO:Total runtime is 0.1207179586092631 minutes
2025-10-16 21:55:53,224:INFO:SubProcess create_model() called ==================================
2025-10-16 21:55:53,224:INFO:Initializing create_model()
2025-10-16 21:55:53,224:INFO:create_model(self=<pycaret.time_series.forecasting.oop.TSForecastingExperiment object at 0x0000018FAB9B90D0>, estimator=arima, fold=None, round=4, cross_validation=True, predict=True, fit_kwargs={}, groups=None, refit=False, probability_threshold=None, experiment_custom_tags=None, verbose=False, system=False, add_to_model_list=True, metrics=None, display=<pycaret.internal.display.display.CommonDisplay object at 0x0000018FABC6F350>, model_only=True, return_train_score=False, error_score=raise, kwargs={})
2025-10-16 21:55:53,224:INFO:Checking exceptions
2025-10-16 21:55:53,224:INFO:Importing libraries
2025-10-16 21:55:53,224:INFO:Copying training dataset
2025-10-16 21:55:53,226:INFO:Defining folds
2025-10-16 21:55:53,226:INFO:Declaring metric variables
2025-10-16 21:55:53,226:INFO:Importing untrained model
2025-10-16 21:55:53,226:INFO:ARIMA Imported successfully
2025-10-16 21:55:53,227:INFO:Starting cross validation
2025-10-16 21:55:53,228:INFO:Cross validating with ExpandingWindowSplitter(fh=ForecastingHorizon([ 1,  2,  3,  4,  5,  6,  7,  8,  9, 10, 11, 12, 13, 14, 15, 16, 17, 18,
       19, 20, 21, 22, 23, 24],
      dtype='int32', is_relative=True),
                        initial_window=48, step_length=24), n_jobs=-1
2025-10-16 21:55:54,885:WARNING:C:\CODING PROJECTS\ts-pycaret\.venv\Lib\site-packages\sklearn\metrics\_regression.py:483: FutureWarning: 'squared' is deprecated in version 1.4 and will be removed in 1.6. To calculate the root mean squared error, use the function'root_mean_squared_error'.
  warnings.warn(

2025-10-16 21:55:54,885:WARNING:C:\CODING PROJECTS\ts-pycaret\.venv\Lib\site-packages\sklearn\metrics\_regression.py:483: FutureWarning: 'squared' is deprecated in version 1.4 and will be removed in 1.6. To calculate the root mean squared error, use the function'root_mean_squared_error'.
  warnings.warn(

2025-10-16 21:55:54,886:WARNING:C:\CODING PROJECTS\ts-pycaret\.venv\Lib\site-packages\sklearn\metrics\_regression.py:483: FutureWarning: 'squared' is deprecated in version 1.4 and will be removed in 1.6. To calculate the root mean squared error, use the function'root_mean_squared_error'.
  warnings.warn(

2025-10-16 21:55:54,886:WARNING:C:\CODING PROJECTS\ts-pycaret\.venv\Lib\site-packages\sklearn\metrics\_regression.py:483: FutureWarning: 'squared' is deprecated in version 1.4 and will be removed in 1.6. To calculate the root mean squared error, use the function'root_mean_squared_error'.
  warnings.warn(

2025-10-16 21:55:54,887:WARNING:C:\CODING PROJECTS\ts-pycaret\.venv\Lib\site-packages\sklearn\metrics\_regression.py:483: FutureWarning: 'squared' is deprecated in version 1.4 and will be removed in 1.6. To calculate the root mean squared error, use the function'root_mean_squared_error'.
  warnings.warn(

2025-10-16 21:55:54,887:WARNING:C:\CODING PROJECTS\ts-pycaret\.venv\Lib\site-packages\sklearn\metrics\_regression.py:483: FutureWarning: 'squared' is deprecated in version 1.4 and will be removed in 1.6. To calculate the root mean squared error, use the function'root_mean_squared_error'.
  warnings.warn(

2025-10-16 21:55:54,895:INFO:Calculating mean and std
2025-10-16 21:55:54,896:INFO:Creating metrics dataframe
2025-10-16 21:55:54,897:WARNING:C:\CODING PROJECTS\ts-pycaret\.venv\Lib\site-packages\pycaret\time_series\forecasting\oop.py:2694: FutureWarning:

The behavior of DataFrame concatenation with empty or all-NA entries is deprecated. In a future version, this will no longer exclude empty or all-NA columns when determining the result dtypes. To retain the old behavior, exclude the relevant entries before the concat operation.


2025-10-16 21:55:54,899:INFO:Uploading results into container
2025-10-16 21:55:54,899:INFO:Uploading model into container now
2025-10-16 21:55:54,899:INFO:_master_model_container: 5
2025-10-16 21:55:54,899:INFO:_display_container: 2
2025-10-16 21:55:54,899:INFO:ARIMA(seasonal_order=(0, 1, 0, 12))
2025-10-16 21:55:54,899:INFO:create_model() successfully completed......................................
2025-10-16 21:55:54,986:INFO:SubProcess create_model() end ==================================
2025-10-16 21:55:54,986:INFO:Creating metrics dataframe
2025-10-16 21:55:54,988:INFO:Initializing Auto ARIMA
2025-10-16 21:55:54,988:INFO:Total runtime is 0.15011925299962361 minutes
2025-10-16 21:55:54,988:INFO:SubProcess create_model() called ==================================
2025-10-16 21:55:54,988:INFO:Initializing create_model()
2025-10-16 21:55:54,988:INFO:create_model(self=<pycaret.time_series.forecasting.oop.TSForecastingExperiment object at 0x0000018FAB9B90D0>, estimator=auto_arima, fold=None, round=4, cross_validation=True, predict=True, fit_kwargs={}, groups=None, refit=False, probability_threshold=None, experiment_custom_tags=None, verbose=False, system=False, add_to_model_list=True, metrics=None, display=<pycaret.internal.display.display.CommonDisplay object at 0x0000018FABC6F350>, model_only=True, return_train_score=False, error_score=raise, kwargs={})
2025-10-16 21:55:54,988:INFO:Checking exceptions
2025-10-16 21:55:54,988:INFO:Importing libraries
2025-10-16 21:55:54,988:INFO:Copying training dataset
2025-10-16 21:55:54,989:INFO:Defining folds
2025-10-16 21:55:54,990:INFO:Declaring metric variables
2025-10-16 21:55:54,990:INFO:Importing untrained model
2025-10-16 21:55:54,990:INFO:Auto ARIMA Imported successfully
2025-10-16 21:55:54,991:INFO:Starting cross validation
2025-10-16 21:55:54,992:INFO:Cross validating with ExpandingWindowSplitter(fh=ForecastingHorizon([ 1,  2,  3,  4,  5,  6,  7,  8,  9, 10, 11, 12, 13, 14, 15, 16, 17, 18,
       19, 20, 21, 22, 23, 24],
      dtype='int32', is_relative=True),
                        initial_window=48, step_length=24), n_jobs=-1
2025-10-16 21:55:56,822:WARNING:C:\CODING PROJECTS\ts-pycaret\.venv\Lib\site-packages\sklearn\metrics\_regression.py:483: FutureWarning: 'squared' is deprecated in version 1.4 and will be removed in 1.6. To calculate the root mean squared error, use the function'root_mean_squared_error'.
  warnings.warn(

2025-10-16 21:55:56,822:WARNING:C:\CODING PROJECTS\ts-pycaret\.venv\Lib\site-packages\sklearn\metrics\_regression.py:483: FutureWarning: 'squared' is deprecated in version 1.4 and will be removed in 1.6. To calculate the root mean squared error, use the function'root_mean_squared_error'.
  warnings.warn(

2025-10-16 21:55:57,909:WARNING:C:\CODING PROJECTS\ts-pycaret\.venv\Lib\site-packages\sklearn\metrics\_regression.py:483: FutureWarning: 'squared' is deprecated in version 1.4 and will be removed in 1.6. To calculate the root mean squared error, use the function'root_mean_squared_error'.
  warnings.warn(

2025-10-16 21:55:57,909:WARNING:C:\CODING PROJECTS\ts-pycaret\.venv\Lib\site-packages\sklearn\metrics\_regression.py:483: FutureWarning: 'squared' is deprecated in version 1.4 and will be removed in 1.6. To calculate the root mean squared error, use the function'root_mean_squared_error'.
  warnings.warn(

2025-10-16 21:55:57,970:WARNING:C:\CODING PROJECTS\ts-pycaret\.venv\Lib\site-packages\sklearn\metrics\_regression.py:483: FutureWarning: 'squared' is deprecated in version 1.4 and will be removed in 1.6. To calculate the root mean squared error, use the function'root_mean_squared_error'.
  warnings.warn(

2025-10-16 21:55:57,970:WARNING:C:\CODING PROJECTS\ts-pycaret\.venv\Lib\site-packages\sklearn\metrics\_regression.py:483: FutureWarning: 'squared' is deprecated in version 1.4 and will be removed in 1.6. To calculate the root mean squared error, use the function'root_mean_squared_error'.
  warnings.warn(

2025-10-16 21:55:57,975:INFO:Calculating mean and std
2025-10-16 21:55:57,975:INFO:Creating metrics dataframe
2025-10-16 21:55:57,976:WARNING:C:\CODING PROJECTS\ts-pycaret\.venv\Lib\site-packages\pycaret\time_series\forecasting\oop.py:2694: FutureWarning:

The behavior of DataFrame concatenation with empty or all-NA entries is deprecated. In a future version, this will no longer exclude empty or all-NA columns when determining the result dtypes. To retain the old behavior, exclude the relevant entries before the concat operation.


2025-10-16 21:55:57,977:INFO:Uploading results into container
2025-10-16 21:55:57,978:INFO:Uploading model into container now
2025-10-16 21:55:57,978:INFO:_master_model_container: 6
2025-10-16 21:55:57,978:INFO:_display_container: 2
2025-10-16 21:55:57,978:INFO:AutoARIMA(random_state=123, sp=12, suppress_warnings=True)
2025-10-16 21:55:57,978:INFO:create_model() successfully completed......................................
2025-10-16 21:55:58,055:INFO:SubProcess create_model() end ==================================
2025-10-16 21:55:58,055:INFO:Creating metrics dataframe
2025-10-16 21:55:58,057:INFO:Initializing Exponential Smoothing
2025-10-16 21:55:58,057:INFO:Total runtime is 0.20126334031422932 minutes
2025-10-16 21:55:58,057:INFO:SubProcess create_model() called ==================================
2025-10-16 21:55:58,057:INFO:Initializing create_model()
2025-10-16 21:55:58,057:INFO:create_model(self=<pycaret.time_series.forecasting.oop.TSForecastingExperiment object at 0x0000018FAB9B90D0>, estimator=exp_smooth, fold=None, round=4, cross_validation=True, predict=True, fit_kwargs={}, groups=None, refit=False, probability_threshold=None, experiment_custom_tags=None, verbose=False, system=False, add_to_model_list=True, metrics=None, display=<pycaret.internal.display.display.CommonDisplay object at 0x0000018FABC6F350>, model_only=True, return_train_score=False, error_score=raise, kwargs={})
2025-10-16 21:55:58,057:INFO:Checking exceptions
2025-10-16 21:55:58,057:INFO:Importing libraries
2025-10-16 21:55:58,057:INFO:Copying training dataset
2025-10-16 21:55:58,059:INFO:Defining folds
2025-10-16 21:55:58,059:INFO:Declaring metric variables
2025-10-16 21:55:58,059:INFO:Importing untrained model
2025-10-16 21:55:58,059:INFO:Exponential Smoothing Imported successfully
2025-10-16 21:55:58,060:INFO:Starting cross validation
2025-10-16 21:55:58,061:INFO:Cross validating with ExpandingWindowSplitter(fh=ForecastingHorizon([ 1,  2,  3,  4,  5,  6,  7,  8,  9, 10, 11, 12, 13, 14, 15, 16, 17, 18,
       19, 20, 21, 22, 23, 24],
      dtype='int32', is_relative=True),
                        initial_window=48, step_length=24), n_jobs=-1
2025-10-16 21:55:58,126:WARNING:C:\CODING PROJECTS\ts-pycaret\.venv\Lib\site-packages\sklearn\metrics\_regression.py:483: FutureWarning: 'squared' is deprecated in version 1.4 and will be removed in 1.6. To calculate the root mean squared error, use the function'root_mean_squared_error'.
  warnings.warn(

2025-10-16 21:55:58,127:WARNING:C:\CODING PROJECTS\ts-pycaret\.venv\Lib\site-packages\sklearn\metrics\_regression.py:483: FutureWarning: 'squared' is deprecated in version 1.4 and will be removed in 1.6. To calculate the root mean squared error, use the function'root_mean_squared_error'.
  warnings.warn(

2025-10-16 21:55:58,131:WARNING:C:\CODING PROJECTS\ts-pycaret\.venv\Lib\site-packages\sklearn\metrics\_regression.py:483: FutureWarning: 'squared' is deprecated in version 1.4 and will be removed in 1.6. To calculate the root mean squared error, use the function'root_mean_squared_error'.
  warnings.warn(

2025-10-16 21:55:58,131:WARNING:C:\CODING PROJECTS\ts-pycaret\.venv\Lib\site-packages\sklearn\metrics\_regression.py:483: FutureWarning: 'squared' is deprecated in version 1.4 and will be removed in 1.6. To calculate the root mean squared error, use the function'root_mean_squared_error'.
  warnings.warn(

2025-10-16 21:55:58,141:WARNING:C:\CODING PROJECTS\ts-pycaret\.venv\Lib\site-packages\sklearn\metrics\_regression.py:483: FutureWarning: 'squared' is deprecated in version 1.4 and will be removed in 1.6. To calculate the root mean squared error, use the function'root_mean_squared_error'.
  warnings.warn(

2025-10-16 21:55:58,141:WARNING:C:\CODING PROJECTS\ts-pycaret\.venv\Lib\site-packages\sklearn\metrics\_regression.py:483: FutureWarning: 'squared' is deprecated in version 1.4 and will be removed in 1.6. To calculate the root mean squared error, use the function'root_mean_squared_error'.
  warnings.warn(

2025-10-16 21:55:58,151:INFO:Calculating mean and std
2025-10-16 21:55:58,152:INFO:Creating metrics dataframe
2025-10-16 21:55:58,153:WARNING:C:\CODING PROJECTS\ts-pycaret\.venv\Lib\site-packages\pycaret\time_series\forecasting\oop.py:2694: FutureWarning:

The behavior of DataFrame concatenation with empty or all-NA entries is deprecated. In a future version, this will no longer exclude empty or all-NA columns when determining the result dtypes. To retain the old behavior, exclude the relevant entries before the concat operation.


2025-10-16 21:55:58,154:INFO:Uploading results into container
2025-10-16 21:55:58,154:INFO:Uploading model into container now
2025-10-16 21:55:58,154:INFO:_master_model_container: 7
2025-10-16 21:55:58,154:INFO:_display_container: 2
2025-10-16 21:55:58,154:INFO:ExponentialSmoothing(seasonal='mul', sp=12, trend='add')
2025-10-16 21:55:58,154:INFO:create_model() successfully completed......................................
2025-10-16 21:55:58,233:INFO:SubProcess create_model() end ==================================
2025-10-16 21:55:58,233:INFO:Creating metrics dataframe
2025-10-16 21:55:58,235:INFO:Initializing ETS
2025-10-16 21:55:58,235:INFO:Total runtime is 0.2042313774426778 minutes
2025-10-16 21:55:58,235:INFO:SubProcess create_model() called ==================================
2025-10-16 21:55:58,235:INFO:Initializing create_model()
2025-10-16 21:55:58,235:INFO:create_model(self=<pycaret.time_series.forecasting.oop.TSForecastingExperiment object at 0x0000018FAB9B90D0>, estimator=ets, fold=None, round=4, cross_validation=True, predict=True, fit_kwargs={}, groups=None, refit=False, probability_threshold=None, experiment_custom_tags=None, verbose=False, system=False, add_to_model_list=True, metrics=None, display=<pycaret.internal.display.display.CommonDisplay object at 0x0000018FABC6F350>, model_only=True, return_train_score=False, error_score=raise, kwargs={})
2025-10-16 21:55:58,235:INFO:Checking exceptions
2025-10-16 21:55:58,235:INFO:Importing libraries
2025-10-16 21:55:58,235:INFO:Copying training dataset
2025-10-16 21:55:58,237:INFO:Defining folds
2025-10-16 21:55:58,237:INFO:Declaring metric variables
2025-10-16 21:55:58,237:INFO:Importing untrained model
2025-10-16 21:55:58,237:INFO:ETS Imported successfully
2025-10-16 21:55:58,238:INFO:Starting cross validation
2025-10-16 21:55:58,239:INFO:Cross validating with ExpandingWindowSplitter(fh=ForecastingHorizon([ 1,  2,  3,  4,  5,  6,  7,  8,  9, 10, 11, 12, 13, 14, 15, 16, 17, 18,
       19, 20, 21, 22, 23, 24],
      dtype='int32', is_relative=True),
                        initial_window=48, step_length=24), n_jobs=-1
2025-10-16 21:55:58,349:WARNING:C:\CODING PROJECTS\ts-pycaret\.venv\Lib\site-packages\sklearn\metrics\_regression.py:483: FutureWarning: 'squared' is deprecated in version 1.4 and will be removed in 1.6. To calculate the root mean squared error, use the function'root_mean_squared_error'.
  warnings.warn(

2025-10-16 21:55:58,350:WARNING:C:\CODING PROJECTS\ts-pycaret\.venv\Lib\site-packages\sklearn\metrics\_regression.py:483: FutureWarning: 'squared' is deprecated in version 1.4 and will be removed in 1.6. To calculate the root mean squared error, use the function'root_mean_squared_error'.
  warnings.warn(

2025-10-16 21:55:58,353:WARNING:C:\CODING PROJECTS\ts-pycaret\.venv\Lib\site-packages\sklearn\metrics\_regression.py:483: FutureWarning: 'squared' is deprecated in version 1.4 and will be removed in 1.6. To calculate the root mean squared error, use the function'root_mean_squared_error'.
  warnings.warn(

2025-10-16 21:55:58,354:WARNING:C:\CODING PROJECTS\ts-pycaret\.venv\Lib\site-packages\sklearn\metrics\_regression.py:483: FutureWarning: 'squared' is deprecated in version 1.4 and will be removed in 1.6. To calculate the root mean squared error, use the function'root_mean_squared_error'.
  warnings.warn(

2025-10-16 21:55:58,355:WARNING:C:\CODING PROJECTS\ts-pycaret\.venv\Lib\site-packages\sklearn\metrics\_regression.py:483: FutureWarning: 'squared' is deprecated in version 1.4 and will be removed in 1.6. To calculate the root mean squared error, use the function'root_mean_squared_error'.
  warnings.warn(

2025-10-16 21:55:58,356:WARNING:C:\CODING PROJECTS\ts-pycaret\.venv\Lib\site-packages\sklearn\metrics\_regression.py:483: FutureWarning: 'squared' is deprecated in version 1.4 and will be removed in 1.6. To calculate the root mean squared error, use the function'root_mean_squared_error'.
  warnings.warn(

2025-10-16 21:55:58,361:INFO:Calculating mean and std
2025-10-16 21:55:58,362:INFO:Creating metrics dataframe
2025-10-16 21:55:58,363:WARNING:C:\CODING PROJECTS\ts-pycaret\.venv\Lib\site-packages\pycaret\time_series\forecasting\oop.py:2694: FutureWarning:

The behavior of DataFrame concatenation with empty or all-NA entries is deprecated. In a future version, this will no longer exclude empty or all-NA columns when determining the result dtypes. To retain the old behavior, exclude the relevant entries before the concat operation.


2025-10-16 21:55:58,364:INFO:Uploading results into container
2025-10-16 21:55:58,364:INFO:Uploading model into container now
2025-10-16 21:55:58,364:INFO:_master_model_container: 8
2025-10-16 21:55:58,364:INFO:_display_container: 2
2025-10-16 21:55:58,365:INFO:AutoETS(seasonal='mul', sp=12, trend='add')
2025-10-16 21:55:58,365:INFO:create_model() successfully completed......................................
2025-10-16 21:55:58,441:INFO:SubProcess create_model() end ==================================
2025-10-16 21:55:58,441:INFO:Creating metrics dataframe
2025-10-16 21:55:58,443:INFO:Initializing Theta Forecaster
2025-10-16 21:55:58,443:INFO:Total runtime is 0.20770661830902098 minutes
2025-10-16 21:55:58,443:INFO:SubProcess create_model() called ==================================
2025-10-16 21:55:58,444:INFO:Initializing create_model()
2025-10-16 21:55:58,444:INFO:create_model(self=<pycaret.time_series.forecasting.oop.TSForecastingExperiment object at 0x0000018FAB9B90D0>, estimator=theta, fold=None, round=4, cross_validation=True, predict=True, fit_kwargs={}, groups=None, refit=False, probability_threshold=None, experiment_custom_tags=None, verbose=False, system=False, add_to_model_list=True, metrics=None, display=<pycaret.internal.display.display.CommonDisplay object at 0x0000018FABC6F350>, model_only=True, return_train_score=False, error_score=raise, kwargs={})
2025-10-16 21:55:58,444:INFO:Checking exceptions
2025-10-16 21:55:58,444:INFO:Importing libraries
2025-10-16 21:55:58,444:INFO:Copying training dataset
2025-10-16 21:55:58,445:INFO:Defining folds
2025-10-16 21:55:58,445:INFO:Declaring metric variables
2025-10-16 21:55:58,445:INFO:Importing untrained model
2025-10-16 21:55:58,446:INFO:Theta Forecaster Imported successfully
2025-10-16 21:55:58,446:INFO:Starting cross validation
2025-10-16 21:55:58,447:INFO:Cross validating with ExpandingWindowSplitter(fh=ForecastingHorizon([ 1,  2,  3,  4,  5,  6,  7,  8,  9, 10, 11, 12, 13, 14, 15, 16, 17, 18,
       19, 20, 21, 22, 23, 24],
      dtype='int32', is_relative=True),
                        initial_window=48, step_length=24), n_jobs=-1
2025-10-16 21:55:58,478:WARNING:C:\CODING PROJECTS\ts-pycaret\.venv\Lib\site-packages\sklearn\metrics\_regression.py:483: FutureWarning: 'squared' is deprecated in version 1.4 and will be removed in 1.6. To calculate the root mean squared error, use the function'root_mean_squared_error'.
  warnings.warn(

2025-10-16 21:55:58,478:WARNING:C:\CODING PROJECTS\ts-pycaret\.venv\Lib\site-packages\sklearn\metrics\_regression.py:483: FutureWarning: 'squared' is deprecated in version 1.4 and will be removed in 1.6. To calculate the root mean squared error, use the function'root_mean_squared_error'.
  warnings.warn(

2025-10-16 21:55:58,478:WARNING:C:\CODING PROJECTS\ts-pycaret\.venv\Lib\site-packages\sklearn\metrics\_regression.py:483: FutureWarning: 'squared' is deprecated in version 1.4 and will be removed in 1.6. To calculate the root mean squared error, use the function'root_mean_squared_error'.
  warnings.warn(

2025-10-16 21:55:58,478:WARNING:C:\CODING PROJECTS\ts-pycaret\.venv\Lib\site-packages\sklearn\metrics\_regression.py:483: FutureWarning: 'squared' is deprecated in version 1.4 and will be removed in 1.6. To calculate the root mean squared error, use the function'root_mean_squared_error'.
  warnings.warn(

2025-10-16 21:55:58,479:WARNING:C:\CODING PROJECTS\ts-pycaret\.venv\Lib\site-packages\sklearn\metrics\_regression.py:483: FutureWarning: 'squared' is deprecated in version 1.4 and will be removed in 1.6. To calculate the root mean squared error, use the function'root_mean_squared_error'.
  warnings.warn(

2025-10-16 21:55:58,479:WARNING:C:\CODING PROJECTS\ts-pycaret\.venv\Lib\site-packages\sklearn\metrics\_regression.py:483: FutureWarning: 'squared' is deprecated in version 1.4 and will be removed in 1.6. To calculate the root mean squared error, use the function'root_mean_squared_error'.
  warnings.warn(

2025-10-16 21:55:58,485:INFO:Calculating mean and std
2025-10-16 21:55:58,485:INFO:Creating metrics dataframe
2025-10-16 21:55:58,486:WARNING:C:\CODING PROJECTS\ts-pycaret\.venv\Lib\site-packages\pycaret\time_series\forecasting\oop.py:2694: FutureWarning:

The behavior of DataFrame concatenation with empty or all-NA entries is deprecated. In a future version, this will no longer exclude empty or all-NA columns when determining the result dtypes. To retain the old behavior, exclude the relevant entries before the concat operation.


2025-10-16 21:55:58,487:INFO:Uploading results into container
2025-10-16 21:55:58,487:INFO:Uploading model into container now
2025-10-16 21:55:58,488:INFO:_master_model_container: 9
2025-10-16 21:55:58,488:INFO:_display_container: 2
2025-10-16 21:55:58,488:INFO:ThetaForecaster(sp=12)
2025-10-16 21:55:58,488:INFO:create_model() successfully completed......................................
2025-10-16 21:55:58,565:INFO:SubProcess create_model() end ==================================
2025-10-16 21:55:58,565:INFO:Creating metrics dataframe
2025-10-16 21:55:58,567:INFO:Initializing STLF
2025-10-16 21:55:58,567:INFO:Total runtime is 0.20976265271504718 minutes
2025-10-16 21:55:58,567:INFO:SubProcess create_model() called ==================================
2025-10-16 21:55:58,567:INFO:Initializing create_model()
2025-10-16 21:55:58,567:INFO:create_model(self=<pycaret.time_series.forecasting.oop.TSForecastingExperiment object at 0x0000018FAB9B90D0>, estimator=stlf, fold=None, round=4, cross_validation=True, predict=True, fit_kwargs={}, groups=None, refit=False, probability_threshold=None, experiment_custom_tags=None, verbose=False, system=False, add_to_model_list=True, metrics=None, display=<pycaret.internal.display.display.CommonDisplay object at 0x0000018FABC6F350>, model_only=True, return_train_score=False, error_score=raise, kwargs={})
2025-10-16 21:55:58,567:INFO:Checking exceptions
2025-10-16 21:55:58,567:INFO:Importing libraries
2025-10-16 21:55:58,567:INFO:Copying training dataset
2025-10-16 21:55:58,568:INFO:Defining folds
2025-10-16 21:55:58,569:INFO:Declaring metric variables
2025-10-16 21:55:58,569:INFO:Importing untrained model
2025-10-16 21:55:58,569:INFO:STLF Imported successfully
2025-10-16 21:55:58,570:INFO:Starting cross validation
2025-10-16 21:55:58,571:INFO:Cross validating with ExpandingWindowSplitter(fh=ForecastingHorizon([ 1,  2,  3,  4,  5,  6,  7,  8,  9, 10, 11, 12, 13, 14, 15, 16, 17, 18,
       19, 20, 21, 22, 23, 24],
      dtype='int32', is_relative=True),
                        initial_window=48, step_length=24), n_jobs=-1
2025-10-16 21:55:58,608:WARNING:C:\CODING PROJECTS\ts-pycaret\.venv\Lib\site-packages\sklearn\metrics\_regression.py:483: FutureWarning: 'squared' is deprecated in version 1.4 and will be removed in 1.6. To calculate the root mean squared error, use the function'root_mean_squared_error'.
  warnings.warn(

2025-10-16 21:55:58,608:WARNING:C:\CODING PROJECTS\ts-pycaret\.venv\Lib\site-packages\sklearn\metrics\_regression.py:483: FutureWarning: 'squared' is deprecated in version 1.4 and will be removed in 1.6. To calculate the root mean squared error, use the function'root_mean_squared_error'.
  warnings.warn(

2025-10-16 21:55:58,609:WARNING:C:\CODING PROJECTS\ts-pycaret\.venv\Lib\site-packages\sklearn\metrics\_regression.py:483: FutureWarning: 'squared' is deprecated in version 1.4 and will be removed in 1.6. To calculate the root mean squared error, use the function'root_mean_squared_error'.
  warnings.warn(

2025-10-16 21:55:58,609:WARNING:C:\CODING PROJECTS\ts-pycaret\.venv\Lib\site-packages\sklearn\metrics\_regression.py:483: FutureWarning: 'squared' is deprecated in version 1.4 and will be removed in 1.6. To calculate the root mean squared error, use the function'root_mean_squared_error'.
  warnings.warn(

2025-10-16 21:55:58,609:WARNING:C:\CODING PROJECTS\ts-pycaret\.venv\Lib\site-packages\sklearn\metrics\_regression.py:483: FutureWarning: 'squared' is deprecated in version 1.4 and will be removed in 1.6. To calculate the root mean squared error, use the function'root_mean_squared_error'.
  warnings.warn(

2025-10-16 21:55:58,609:WARNING:C:\CODING PROJECTS\ts-pycaret\.venv\Lib\site-packages\sklearn\metrics\_regression.py:483: FutureWarning: 'squared' is deprecated in version 1.4 and will be removed in 1.6. To calculate the root mean squared error, use the function'root_mean_squared_error'.
  warnings.warn(

2025-10-16 21:55:58,618:INFO:Calculating mean and std
2025-10-16 21:55:58,619:INFO:Creating metrics dataframe
2025-10-16 21:55:58,620:WARNING:C:\CODING PROJECTS\ts-pycaret\.venv\Lib\site-packages\pycaret\time_series\forecasting\oop.py:2694: FutureWarning:

The behavior of DataFrame concatenation with empty or all-NA entries is deprecated. In a future version, this will no longer exclude empty or all-NA columns when determining the result dtypes. To retain the old behavior, exclude the relevant entries before the concat operation.


2025-10-16 21:55:58,621:INFO:Uploading results into container
2025-10-16 21:55:58,621:INFO:Uploading model into container now
2025-10-16 21:55:58,621:INFO:_master_model_container: 10
2025-10-16 21:55:58,621:INFO:_display_container: 2
2025-10-16 21:55:58,621:INFO:STLForecaster(sp=12)
2025-10-16 21:55:58,621:INFO:create_model() successfully completed......................................
2025-10-16 21:55:58,697:INFO:SubProcess create_model() end ==================================
2025-10-16 21:55:58,697:INFO:Creating metrics dataframe
2025-10-16 21:55:58,699:INFO:Initializing Croston
2025-10-16 21:55:58,699:INFO:Total runtime is 0.21197601556777954 minutes
2025-10-16 21:55:58,699:INFO:SubProcess create_model() called ==================================
2025-10-16 21:55:58,699:INFO:Initializing create_model()
2025-10-16 21:55:58,699:INFO:create_model(self=<pycaret.time_series.forecasting.oop.TSForecastingExperiment object at 0x0000018FAB9B90D0>, estimator=croston, fold=None, round=4, cross_validation=True, predict=True, fit_kwargs={}, groups=None, refit=False, probability_threshold=None, experiment_custom_tags=None, verbose=False, system=False, add_to_model_list=True, metrics=None, display=<pycaret.internal.display.display.CommonDisplay object at 0x0000018FABC6F350>, model_only=True, return_train_score=False, error_score=raise, kwargs={})
2025-10-16 21:55:58,699:INFO:Checking exceptions
2025-10-16 21:55:58,699:INFO:Importing libraries
2025-10-16 21:55:58,699:INFO:Copying training dataset
2025-10-16 21:55:58,701:INFO:Defining folds
2025-10-16 21:55:58,701:INFO:Declaring metric variables
2025-10-16 21:55:58,701:INFO:Importing untrained model
2025-10-16 21:55:58,701:INFO:Croston Imported successfully
2025-10-16 21:55:58,702:INFO:Starting cross validation
2025-10-16 21:55:58,703:INFO:Cross validating with ExpandingWindowSplitter(fh=ForecastingHorizon([ 1,  2,  3,  4,  5,  6,  7,  8,  9, 10, 11, 12, 13, 14, 15, 16, 17, 18,
       19, 20, 21, 22, 23, 24],
      dtype='int32', is_relative=True),
                        initial_window=48, step_length=24), n_jobs=-1
2025-10-16 21:55:58,717:WARNING:C:\CODING PROJECTS\ts-pycaret\.venv\Lib\site-packages\sklearn\metrics\_regression.py:483: FutureWarning: 'squared' is deprecated in version 1.4 and will be removed in 1.6. To calculate the root mean squared error, use the function'root_mean_squared_error'.
  warnings.warn(

2025-10-16 21:55:58,717:WARNING:C:\CODING PROJECTS\ts-pycaret\.venv\Lib\site-packages\sklearn\metrics\_regression.py:483: FutureWarning: 'squared' is deprecated in version 1.4 and will be removed in 1.6. To calculate the root mean squared error, use the function'root_mean_squared_error'.
  warnings.warn(

2025-10-16 21:55:58,717:WARNING:C:\CODING PROJECTS\ts-pycaret\.venv\Lib\site-packages\sklearn\metrics\_regression.py:483: FutureWarning: 'squared' is deprecated in version 1.4 and will be removed in 1.6. To calculate the root mean squared error, use the function'root_mean_squared_error'.
  warnings.warn(

2025-10-16 21:55:58,717:WARNING:C:\CODING PROJECTS\ts-pycaret\.venv\Lib\site-packages\sklearn\metrics\_regression.py:483: FutureWarning: 'squared' is deprecated in version 1.4 and will be removed in 1.6. To calculate the root mean squared error, use the function'root_mean_squared_error'.
  warnings.warn(

2025-10-16 21:55:58,717:WARNING:C:\CODING PROJECTS\ts-pycaret\.venv\Lib\site-packages\sklearn\metrics\_regression.py:483: FutureWarning: 'squared' is deprecated in version 1.4 and will be removed in 1.6. To calculate the root mean squared error, use the function'root_mean_squared_error'.
  warnings.warn(

2025-10-16 21:55:58,717:WARNING:C:\CODING PROJECTS\ts-pycaret\.venv\Lib\site-packages\sklearn\metrics\_regression.py:483: FutureWarning: 'squared' is deprecated in version 1.4 and will be removed in 1.6. To calculate the root mean squared error, use the function'root_mean_squared_error'.
  warnings.warn(

2025-10-16 21:55:58,729:INFO:Calculating mean and std
2025-10-16 21:55:58,729:INFO:Creating metrics dataframe
2025-10-16 21:55:58,730:WARNING:C:\CODING PROJECTS\ts-pycaret\.venv\Lib\site-packages\pycaret\time_series\forecasting\oop.py:2694: FutureWarning:

The behavior of DataFrame concatenation with empty or all-NA entries is deprecated. In a future version, this will no longer exclude empty or all-NA columns when determining the result dtypes. To retain the old behavior, exclude the relevant entries before the concat operation.


2025-10-16 21:55:58,731:INFO:Uploading results into container
2025-10-16 21:55:58,731:INFO:Uploading model into container now
2025-10-16 21:55:58,731:INFO:_master_model_container: 11
2025-10-16 21:55:58,731:INFO:_display_container: 2
2025-10-16 21:55:58,732:INFO:Croston()
2025-10-16 21:55:58,732:INFO:create_model() successfully completed......................................
2025-10-16 21:55:58,807:INFO:SubProcess create_model() end ==================================
2025-10-16 21:55:58,808:INFO:Creating metrics dataframe
2025-10-16 21:55:58,809:INFO:Initializing BATS
2025-10-16 21:55:58,809:INFO:Total runtime is 0.21380958557128907 minutes
2025-10-16 21:55:58,809:INFO:SubProcess create_model() called ==================================
2025-10-16 21:55:58,809:INFO:Initializing create_model()
2025-10-16 21:55:58,810:INFO:create_model(self=<pycaret.time_series.forecasting.oop.TSForecastingExperiment object at 0x0000018FAB9B90D0>, estimator=bats, fold=None, round=4, cross_validation=True, predict=True, fit_kwargs={}, groups=None, refit=False, probability_threshold=None, experiment_custom_tags=None, verbose=False, system=False, add_to_model_list=True, metrics=None, display=<pycaret.internal.display.display.CommonDisplay object at 0x0000018FABC6F350>, model_only=True, return_train_score=False, error_score=raise, kwargs={})
2025-10-16 21:55:58,810:INFO:Checking exceptions
2025-10-16 21:55:58,810:INFO:Importing libraries
2025-10-16 21:55:58,810:INFO:Copying training dataset
2025-10-16 21:55:58,811:INFO:Defining folds
2025-10-16 21:55:58,811:INFO:Declaring metric variables
2025-10-16 21:55:58,811:INFO:Importing untrained model
2025-10-16 21:55:58,811:INFO:BATS Imported successfully
2025-10-16 21:55:58,812:INFO:Starting cross validation
2025-10-16 21:55:58,813:INFO:Cross validating with ExpandingWindowSplitter(fh=ForecastingHorizon([ 1,  2,  3,  4,  5,  6,  7,  8,  9, 10, 11, 12, 13, 14, 15, 16, 17, 18,
       19, 20, 21, 22, 23, 24],
      dtype='int32', is_relative=True),
                        initial_window=48, step_length=24), n_jobs=-1
2025-10-16 21:56:02,044:WARNING:C:\CODING PROJECTS\ts-pycaret\.venv\Lib\site-packages\sklearn\metrics\_regression.py:483: FutureWarning: 'squared' is deprecated in version 1.4 and will be removed in 1.6. To calculate the root mean squared error, use the function'root_mean_squared_error'.
  warnings.warn(

2025-10-16 21:56:02,044:WARNING:C:\CODING PROJECTS\ts-pycaret\.venv\Lib\site-packages\sklearn\metrics\_regression.py:483: FutureWarning: 'squared' is deprecated in version 1.4 and will be removed in 1.6. To calculate the root mean squared error, use the function'root_mean_squared_error'.
  warnings.warn(

2025-10-16 21:56:02,233:WARNING:C:\CODING PROJECTS\ts-pycaret\.venv\Lib\site-packages\sklearn\metrics\_regression.py:483: FutureWarning: 'squared' is deprecated in version 1.4 and will be removed in 1.6. To calculate the root mean squared error, use the function'root_mean_squared_error'.
  warnings.warn(

2025-10-16 21:56:02,233:WARNING:C:\CODING PROJECTS\ts-pycaret\.venv\Lib\site-packages\sklearn\metrics\_regression.py:483: FutureWarning: 'squared' is deprecated in version 1.4 and will be removed in 1.6. To calculate the root mean squared error, use the function'root_mean_squared_error'.
  warnings.warn(

2025-10-16 21:56:02,769:WARNING:C:\CODING PROJECTS\ts-pycaret\.venv\Lib\site-packages\sklearn\metrics\_regression.py:483: FutureWarning: 'squared' is deprecated in version 1.4 and will be removed in 1.6. To calculate the root mean squared error, use the function'root_mean_squared_error'.
  warnings.warn(

2025-10-16 21:56:02,769:WARNING:C:\CODING PROJECTS\ts-pycaret\.venv\Lib\site-packages\sklearn\metrics\_regression.py:483: FutureWarning: 'squared' is deprecated in version 1.4 and will be removed in 1.6. To calculate the root mean squared error, use the function'root_mean_squared_error'.
  warnings.warn(

2025-10-16 21:56:02,781:INFO:Calculating mean and std
2025-10-16 21:56:02,781:INFO:Creating metrics dataframe
2025-10-16 21:56:02,783:WARNING:C:\CODING PROJECTS\ts-pycaret\.venv\Lib\site-packages\pycaret\time_series\forecasting\oop.py:2694: FutureWarning:

The behavior of DataFrame concatenation with empty or all-NA entries is deprecated. In a future version, this will no longer exclude empty or all-NA columns when determining the result dtypes. To retain the old behavior, exclude the relevant entries before the concat operation.


2025-10-16 21:56:02,784:INFO:Uploading results into container
2025-10-16 21:56:02,784:INFO:Uploading model into container now
2025-10-16 21:56:02,784:INFO:_master_model_container: 12
2025-10-16 21:56:02,784:INFO:_display_container: 2
2025-10-16 21:56:02,784:INFO:BATS(show_warnings=False, sp=12, use_box_cox=True)
2025-10-16 21:56:02,784:INFO:create_model() successfully completed......................................
2025-10-16 21:56:02,862:INFO:SubProcess create_model() end ==================================
2025-10-16 21:56:02,862:INFO:Creating metrics dataframe
2025-10-16 21:56:02,864:INFO:Initializing TBATS
2025-10-16 21:56:02,864:INFO:Total runtime is 0.28138057788213094 minutes
2025-10-16 21:56:02,864:INFO:SubProcess create_model() called ==================================
2025-10-16 21:56:02,864:INFO:Initializing create_model()
2025-10-16 21:56:02,864:INFO:create_model(self=<pycaret.time_series.forecasting.oop.TSForecastingExperiment object at 0x0000018FAB9B90D0>, estimator=tbats, fold=None, round=4, cross_validation=True, predict=True, fit_kwargs={}, groups=None, refit=False, probability_threshold=None, experiment_custom_tags=None, verbose=False, system=False, add_to_model_list=True, metrics=None, display=<pycaret.internal.display.display.CommonDisplay object at 0x0000018FABC6F350>, model_only=True, return_train_score=False, error_score=raise, kwargs={})
2025-10-16 21:56:02,864:INFO:Checking exceptions
2025-10-16 21:56:02,864:INFO:Importing libraries
2025-10-16 21:56:02,864:INFO:Copying training dataset
2025-10-16 21:56:02,865:INFO:Defining folds
2025-10-16 21:56:02,865:INFO:Declaring metric variables
2025-10-16 21:56:02,865:INFO:Importing untrained model
2025-10-16 21:56:02,866:INFO:TBATS Imported successfully
2025-10-16 21:56:02,867:INFO:Starting cross validation
2025-10-16 21:56:02,867:INFO:Cross validating with ExpandingWindowSplitter(fh=ForecastingHorizon([ 1,  2,  3,  4,  5,  6,  7,  8,  9, 10, 11, 12, 13, 14, 15, 16, 17, 18,
       19, 20, 21, 22, 23, 24],
      dtype='int32', is_relative=True),
                        initial_window=48, step_length=24), n_jobs=-1
2025-10-16 21:56:10,879:WARNING:C:\CODING PROJECTS\ts-pycaret\.venv\Lib\site-packages\sklearn\metrics\_regression.py:483: FutureWarning: 'squared' is deprecated in version 1.4 and will be removed in 1.6. To calculate the root mean squared error, use the function'root_mean_squared_error'.
  warnings.warn(

2025-10-16 21:56:10,879:WARNING:C:\CODING PROJECTS\ts-pycaret\.venv\Lib\site-packages\sklearn\metrics\_regression.py:483: FutureWarning: 'squared' is deprecated in version 1.4 and will be removed in 1.6. To calculate the root mean squared error, use the function'root_mean_squared_error'.
  warnings.warn(

2025-10-16 21:56:12,194:WARNING:C:\CODING PROJECTS\ts-pycaret\.venv\Lib\site-packages\sklearn\metrics\_regression.py:483: FutureWarning: 'squared' is deprecated in version 1.4 and will be removed in 1.6. To calculate the root mean squared error, use the function'root_mean_squared_error'.
  warnings.warn(

2025-10-16 21:56:12,194:WARNING:C:\CODING PROJECTS\ts-pycaret\.venv\Lib\site-packages\sklearn\metrics\_regression.py:483: FutureWarning: 'squared' is deprecated in version 1.4 and will be removed in 1.6. To calculate the root mean squared error, use the function'root_mean_squared_error'.
  warnings.warn(

2025-10-16 21:56:17,245:WARNING:C:\CODING PROJECTS\ts-pycaret\.venv\Lib\site-packages\sklearn\metrics\_regression.py:483: FutureWarning: 'squared' is deprecated in version 1.4 and will be removed in 1.6. To calculate the root mean squared error, use the function'root_mean_squared_error'.
  warnings.warn(

2025-10-16 21:56:17,245:WARNING:C:\CODING PROJECTS\ts-pycaret\.venv\Lib\site-packages\sklearn\metrics\_regression.py:483: FutureWarning: 'squared' is deprecated in version 1.4 and will be removed in 1.6. To calculate the root mean squared error, use the function'root_mean_squared_error'.
  warnings.warn(

2025-10-16 21:56:17,251:INFO:Calculating mean and std
2025-10-16 21:56:17,252:INFO:Creating metrics dataframe
2025-10-16 21:56:17,253:WARNING:C:\CODING PROJECTS\ts-pycaret\.venv\Lib\site-packages\pycaret\time_series\forecasting\oop.py:2694: FutureWarning:

The behavior of DataFrame concatenation with empty or all-NA entries is deprecated. In a future version, this will no longer exclude empty or all-NA columns when determining the result dtypes. To retain the old behavior, exclude the relevant entries before the concat operation.


2025-10-16 21:56:17,254:INFO:Uploading results into container
2025-10-16 21:56:17,254:INFO:Uploading model into container now
2025-10-16 21:56:17,254:INFO:_master_model_container: 13
2025-10-16 21:56:17,254:INFO:_display_container: 2
2025-10-16 21:56:17,254:INFO:TBATS(show_warnings=False, sp=[12], use_box_cox=True)
2025-10-16 21:56:17,254:INFO:create_model() successfully completed......................................
2025-10-16 21:56:17,333:INFO:SubProcess create_model() end ==================================
2025-10-16 21:56:17,333:INFO:Creating metrics dataframe
2025-10-16 21:56:17,334:INFO:Initializing Linear w/ Cond. Deseasonalize & Detrending
2025-10-16 21:56:17,335:INFO:Total runtime is 0.522562833627065 minutes
2025-10-16 21:56:17,335:INFO:SubProcess create_model() called ==================================
2025-10-16 21:56:17,335:INFO:Initializing create_model()
2025-10-16 21:56:17,335:INFO:create_model(self=<pycaret.time_series.forecasting.oop.TSForecastingExperiment object at 0x0000018FAB9B90D0>, estimator=lr_cds_dt, fold=None, round=4, cross_validation=True, predict=True, fit_kwargs={}, groups=None, refit=False, probability_threshold=None, experiment_custom_tags=None, verbose=False, system=False, add_to_model_list=True, metrics=None, display=<pycaret.internal.display.display.CommonDisplay object at 0x0000018FABC6F350>, model_only=True, return_train_score=False, error_score=raise, kwargs={})
2025-10-16 21:56:17,335:INFO:Checking exceptions
2025-10-16 21:56:17,335:INFO:Importing libraries
2025-10-16 21:56:17,335:INFO:Copying training dataset
2025-10-16 21:56:17,336:INFO:Defining folds
2025-10-16 21:56:17,336:INFO:Declaring metric variables
2025-10-16 21:56:17,336:INFO:Importing untrained model
2025-10-16 21:56:17,337:INFO:Linear w/ Cond. Deseasonalize & Detrending Imported successfully
2025-10-16 21:56:17,338:INFO:Starting cross validation
2025-10-16 21:56:17,338:INFO:Cross validating with ExpandingWindowSplitter(fh=ForecastingHorizon([ 1,  2,  3,  4,  5,  6,  7,  8,  9, 10, 11, 12, 13, 14, 15, 16, 17, 18,
       19, 20, 21, 22, 23, 24],
      dtype='int32', is_relative=True),
                        initial_window=48, step_length=24), n_jobs=-1
2025-10-16 21:56:17,665:WARNING:
'prophet' is a soft dependency and not included in the pycaret installation. Please run: `pip install prophet` to install.
2025-10-16 21:56:17,665:WARNING:
'prophet' is a soft dependency and not included in the pycaret installation. Please run: `pip install prophet` to install.
2025-10-16 21:56:17,665:WARNING:
'prophet' is a soft dependency and not included in the pycaret installation. Please run: `pip install prophet` to install.
2025-10-16 21:56:17,991:WARNING:C:\CODING PROJECTS\ts-pycaret\.venv\Lib\site-packages\sklearn\metrics\_regression.py:483: FutureWarning: 'squared' is deprecated in version 1.4 and will be removed in 1.6. To calculate the root mean squared error, use the function'root_mean_squared_error'.
  warnings.warn(

2025-10-16 21:56:17,992:WARNING:C:\CODING PROJECTS\ts-pycaret\.venv\Lib\site-packages\sklearn\metrics\_regression.py:483: FutureWarning: 'squared' is deprecated in version 1.4 and will be removed in 1.6. To calculate the root mean squared error, use the function'root_mean_squared_error'.
  warnings.warn(

2025-10-16 21:56:17,993:WARNING:C:\CODING PROJECTS\ts-pycaret\.venv\Lib\site-packages\sklearn\metrics\_regression.py:483: FutureWarning: 'squared' is deprecated in version 1.4 and will be removed in 1.6. To calculate the root mean squared error, use the function'root_mean_squared_error'.
  warnings.warn(

2025-10-16 21:56:17,993:WARNING:C:\CODING PROJECTS\ts-pycaret\.venv\Lib\site-packages\sklearn\metrics\_regression.py:483: FutureWarning: 'squared' is deprecated in version 1.4 and will be removed in 1.6. To calculate the root mean squared error, use the function'root_mean_squared_error'.
  warnings.warn(

2025-10-16 21:56:17,996:WARNING:C:\CODING PROJECTS\ts-pycaret\.venv\Lib\site-packages\sklearn\metrics\_regression.py:483: FutureWarning: 'squared' is deprecated in version 1.4 and will be removed in 1.6. To calculate the root mean squared error, use the function'root_mean_squared_error'.
  warnings.warn(

2025-10-16 21:56:17,997:WARNING:C:\CODING PROJECTS\ts-pycaret\.venv\Lib\site-packages\sklearn\metrics\_regression.py:483: FutureWarning: 'squared' is deprecated in version 1.4 and will be removed in 1.6. To calculate the root mean squared error, use the function'root_mean_squared_error'.
  warnings.warn(

2025-10-16 21:56:18,008:INFO:Calculating mean and std
2025-10-16 21:56:18,008:INFO:Creating metrics dataframe
2025-10-16 21:56:18,010:WARNING:C:\CODING PROJECTS\ts-pycaret\.venv\Lib\site-packages\pycaret\time_series\forecasting\oop.py:2694: FutureWarning:

The behavior of DataFrame concatenation with empty or all-NA entries is deprecated. In a future version, this will no longer exclude empty or all-NA columns when determining the result dtypes. To retain the old behavior, exclude the relevant entries before the concat operation.


2025-10-16 21:56:18,011:INFO:Uploading results into container
2025-10-16 21:56:18,011:INFO:Uploading model into container now
2025-10-16 21:56:18,011:INFO:_master_model_container: 14
2025-10-16 21:56:18,011:INFO:_display_container: 2
2025-10-16 21:56:18,015:INFO:BaseCdsDtForecaster(fe_target_rr=[WindowSummarizer(lag_feature={'lag': [12, 11,
                                                                        10, 9,
                                                                        8, 7, 6,
                                                                        5, 4, 3,
                                                                        2, 1]},
                                                   n_jobs=1)],
                    regressor=LinearRegression(n_jobs=-1), sp=12,
                    window_length=12)
2025-10-16 21:56:18,015:INFO:create_model() successfully completed......................................
2025-10-16 21:56:18,096:INFO:SubProcess create_model() end ==================================
2025-10-16 21:56:18,096:INFO:Creating metrics dataframe
2025-10-16 21:56:18,098:INFO:Initializing Elastic Net w/ Cond. Deseasonalize & Detrending
2025-10-16 21:56:18,098:INFO:Total runtime is 0.5352940519650777 minutes
2025-10-16 21:56:18,098:INFO:SubProcess create_model() called ==================================
2025-10-16 21:56:18,098:INFO:Initializing create_model()
2025-10-16 21:56:18,098:INFO:create_model(self=<pycaret.time_series.forecasting.oop.TSForecastingExperiment object at 0x0000018FAB9B90D0>, estimator=en_cds_dt, fold=None, round=4, cross_validation=True, predict=True, fit_kwargs={}, groups=None, refit=False, probability_threshold=None, experiment_custom_tags=None, verbose=False, system=False, add_to_model_list=True, metrics=None, display=<pycaret.internal.display.display.CommonDisplay object at 0x0000018FABC6F350>, model_only=True, return_train_score=False, error_score=raise, kwargs={})
2025-10-16 21:56:18,098:INFO:Checking exceptions
2025-10-16 21:56:18,099:INFO:Importing libraries
2025-10-16 21:56:18,099:INFO:Copying training dataset
2025-10-16 21:56:18,100:INFO:Defining folds
2025-10-16 21:56:18,100:INFO:Declaring metric variables
2025-10-16 21:56:18,100:INFO:Importing untrained model
2025-10-16 21:56:18,101:INFO:Elastic Net w/ Cond. Deseasonalize & Detrending Imported successfully
2025-10-16 21:56:18,102:INFO:Starting cross validation
2025-10-16 21:56:18,102:INFO:Cross validating with ExpandingWindowSplitter(fh=ForecastingHorizon([ 1,  2,  3,  4,  5,  6,  7,  8,  9, 10, 11, 12, 13, 14, 15, 16, 17, 18,
       19, 20, 21, 22, 23, 24],
      dtype='int32', is_relative=True),
                        initial_window=48, step_length=24), n_jobs=-1
2025-10-16 21:56:18,434:WARNING:
'prophet' is a soft dependency and not included in the pycaret installation. Please run: `pip install prophet` to install.
2025-10-16 21:56:18,435:WARNING:
'prophet' is a soft dependency and not included in the pycaret installation. Please run: `pip install prophet` to install.
2025-10-16 21:56:18,435:WARNING:
'prophet' is a soft dependency and not included in the pycaret installation. Please run: `pip install prophet` to install.
2025-10-16 21:56:18,765:WARNING:C:\CODING PROJECTS\ts-pycaret\.venv\Lib\site-packages\sklearn\metrics\_regression.py:483: FutureWarning: 'squared' is deprecated in version 1.4 and will be removed in 1.6. To calculate the root mean squared error, use the function'root_mean_squared_error'.
  warnings.warn(

2025-10-16 21:56:18,765:WARNING:C:\CODING PROJECTS\ts-pycaret\.venv\Lib\site-packages\sklearn\metrics\_regression.py:483: FutureWarning: 'squared' is deprecated in version 1.4 and will be removed in 1.6. To calculate the root mean squared error, use the function'root_mean_squared_error'.
  warnings.warn(

2025-10-16 21:56:18,765:WARNING:C:\CODING PROJECTS\ts-pycaret\.venv\Lib\site-packages\sklearn\metrics\_regression.py:483: FutureWarning: 'squared' is deprecated in version 1.4 and will be removed in 1.6. To calculate the root mean squared error, use the function'root_mean_squared_error'.
  warnings.warn(

2025-10-16 21:56:18,765:WARNING:C:\CODING PROJECTS\ts-pycaret\.venv\Lib\site-packages\sklearn\metrics\_regression.py:483: FutureWarning: 'squared' is deprecated in version 1.4 and will be removed in 1.6. To calculate the root mean squared error, use the function'root_mean_squared_error'.
  warnings.warn(

2025-10-16 21:56:18,766:WARNING:C:\CODING PROJECTS\ts-pycaret\.venv\Lib\site-packages\sklearn\metrics\_regression.py:483: FutureWarning: 'squared' is deprecated in version 1.4 and will be removed in 1.6. To calculate the root mean squared error, use the function'root_mean_squared_error'.
  warnings.warn(

2025-10-16 21:56:18,766:WARNING:C:\CODING PROJECTS\ts-pycaret\.venv\Lib\site-packages\sklearn\metrics\_regression.py:483: FutureWarning: 'squared' is deprecated in version 1.4 and will be removed in 1.6. To calculate the root mean squared error, use the function'root_mean_squared_error'.
  warnings.warn(

2025-10-16 21:56:18,772:INFO:Calculating mean and std
2025-10-16 21:56:18,772:INFO:Creating metrics dataframe
2025-10-16 21:56:18,773:WARNING:C:\CODING PROJECTS\ts-pycaret\.venv\Lib\site-packages\pycaret\time_series\forecasting\oop.py:2694: FutureWarning:

The behavior of DataFrame concatenation with empty or all-NA entries is deprecated. In a future version, this will no longer exclude empty or all-NA columns when determining the result dtypes. To retain the old behavior, exclude the relevant entries before the concat operation.


2025-10-16 21:56:18,775:INFO:Uploading results into container
2025-10-16 21:56:18,775:INFO:Uploading model into container now
2025-10-16 21:56:18,775:INFO:_master_model_container: 15
2025-10-16 21:56:18,775:INFO:_display_container: 2
2025-10-16 21:56:18,776:INFO:BaseCdsDtForecaster(fe_target_rr=[WindowSummarizer(lag_feature={'lag': [12, 11,
                                                                        10, 9,
                                                                        8, 7, 6,
                                                                        5, 4, 3,
                                                                        2, 1]},
                                                   n_jobs=1)],
                    regressor=ElasticNet(random_state=123), sp=12,
                    window_length=12)
2025-10-16 21:56:18,776:INFO:create_model() successfully completed......................................
2025-10-16 21:56:18,858:INFO:SubProcess create_model() end ==================================
2025-10-16 21:56:18,858:INFO:Creating metrics dataframe
2025-10-16 21:56:18,860:INFO:Initializing Ridge w/ Cond. Deseasonalize & Detrending
2025-10-16 21:56:18,860:INFO:Total runtime is 0.5479942242304484 minutes
2025-10-16 21:56:18,860:INFO:SubProcess create_model() called ==================================
2025-10-16 21:56:18,860:INFO:Initializing create_model()
2025-10-16 21:56:18,860:INFO:create_model(self=<pycaret.time_series.forecasting.oop.TSForecastingExperiment object at 0x0000018FAB9B90D0>, estimator=ridge_cds_dt, fold=None, round=4, cross_validation=True, predict=True, fit_kwargs={}, groups=None, refit=False, probability_threshold=None, experiment_custom_tags=None, verbose=False, system=False, add_to_model_list=True, metrics=None, display=<pycaret.internal.display.display.CommonDisplay object at 0x0000018FABC6F350>, model_only=True, return_train_score=False, error_score=raise, kwargs={})
2025-10-16 21:56:18,860:INFO:Checking exceptions
2025-10-16 21:56:18,860:INFO:Importing libraries
2025-10-16 21:56:18,860:INFO:Copying training dataset
2025-10-16 21:56:18,862:INFO:Defining folds
2025-10-16 21:56:18,862:INFO:Declaring metric variables
2025-10-16 21:56:18,862:INFO:Importing untrained model
2025-10-16 21:56:18,862:INFO:Ridge w/ Cond. Deseasonalize & Detrending Imported successfully
2025-10-16 21:56:18,863:INFO:Starting cross validation
2025-10-16 21:56:18,864:INFO:Cross validating with ExpandingWindowSplitter(fh=ForecastingHorizon([ 1,  2,  3,  4,  5,  6,  7,  8,  9, 10, 11, 12, 13, 14, 15, 16, 17, 18,
       19, 20, 21, 22, 23, 24],
      dtype='int32', is_relative=True),
                        initial_window=48, step_length=24), n_jobs=-1
2025-10-16 21:56:19,202:WARNING:
'prophet' is a soft dependency and not included in the pycaret installation. Please run: `pip install prophet` to install.
2025-10-16 21:56:19,205:WARNING:
'prophet' is a soft dependency and not included in the pycaret installation. Please run: `pip install prophet` to install.
2025-10-16 21:56:19,205:WARNING:
'prophet' is a soft dependency and not included in the pycaret installation. Please run: `pip install prophet` to install.
2025-10-16 21:56:19,532:WARNING:C:\CODING PROJECTS\ts-pycaret\.venv\Lib\site-packages\sklearn\metrics\_regression.py:483: FutureWarning: 'squared' is deprecated in version 1.4 and will be removed in 1.6. To calculate the root mean squared error, use the function'root_mean_squared_error'.
  warnings.warn(

2025-10-16 21:56:19,532:WARNING:C:\CODING PROJECTS\ts-pycaret\.venv\Lib\site-packages\sklearn\metrics\_regression.py:483: FutureWarning: 'squared' is deprecated in version 1.4 and will be removed in 1.6. To calculate the root mean squared error, use the function'root_mean_squared_error'.
  warnings.warn(

2025-10-16 21:56:19,536:WARNING:C:\CODING PROJECTS\ts-pycaret\.venv\Lib\site-packages\sklearn\metrics\_regression.py:483: FutureWarning: 'squared' is deprecated in version 1.4 and will be removed in 1.6. To calculate the root mean squared error, use the function'root_mean_squared_error'.
  warnings.warn(

2025-10-16 21:56:19,536:WARNING:C:\CODING PROJECTS\ts-pycaret\.venv\Lib\site-packages\sklearn\metrics\_regression.py:483: FutureWarning: 'squared' is deprecated in version 1.4 and will be removed in 1.6. To calculate the root mean squared error, use the function'root_mean_squared_error'.
  warnings.warn(

2025-10-16 21:56:19,540:WARNING:C:\CODING PROJECTS\ts-pycaret\.venv\Lib\site-packages\sklearn\metrics\_regression.py:483: FutureWarning: 'squared' is deprecated in version 1.4 and will be removed in 1.6. To calculate the root mean squared error, use the function'root_mean_squared_error'.
  warnings.warn(

2025-10-16 21:56:19,540:WARNING:C:\CODING PROJECTS\ts-pycaret\.venv\Lib\site-packages\sklearn\metrics\_regression.py:483: FutureWarning: 'squared' is deprecated in version 1.4 and will be removed in 1.6. To calculate the root mean squared error, use the function'root_mean_squared_error'.
  warnings.warn(

2025-10-16 21:56:19,545:INFO:Calculating mean and std
2025-10-16 21:56:19,545:INFO:Creating metrics dataframe
2025-10-16 21:56:19,546:WARNING:C:\CODING PROJECTS\ts-pycaret\.venv\Lib\site-packages\pycaret\time_series\forecasting\oop.py:2694: FutureWarning:

The behavior of DataFrame concatenation with empty or all-NA entries is deprecated. In a future version, this will no longer exclude empty or all-NA columns when determining the result dtypes. To retain the old behavior, exclude the relevant entries before the concat operation.


2025-10-16 21:56:19,547:INFO:Uploading results into container
2025-10-16 21:56:19,548:INFO:Uploading model into container now
2025-10-16 21:56:19,548:INFO:_master_model_container: 16
2025-10-16 21:56:19,548:INFO:_display_container: 2
2025-10-16 21:56:19,549:INFO:BaseCdsDtForecaster(fe_target_rr=[WindowSummarizer(lag_feature={'lag': [12, 11,
                                                                        10, 9,
                                                                        8, 7, 6,
                                                                        5, 4, 3,
                                                                        2, 1]},
                                                   n_jobs=1)],
                    regressor=Ridge(random_state=123), sp=12, window_length=12)
2025-10-16 21:56:19,549:INFO:create_model() successfully completed......................................
2025-10-16 21:56:19,627:INFO:SubProcess create_model() end ==================================
2025-10-16 21:56:19,627:INFO:Creating metrics dataframe
2025-10-16 21:56:19,629:INFO:Initializing Lasso w/ Cond. Deseasonalize & Detrending
2025-10-16 21:56:19,629:INFO:Total runtime is 0.560796848932902 minutes
2025-10-16 21:56:19,629:INFO:SubProcess create_model() called ==================================
2025-10-16 21:56:19,629:INFO:Initializing create_model()
2025-10-16 21:56:19,629:INFO:create_model(self=<pycaret.time_series.forecasting.oop.TSForecastingExperiment object at 0x0000018FAB9B90D0>, estimator=lasso_cds_dt, fold=None, round=4, cross_validation=True, predict=True, fit_kwargs={}, groups=None, refit=False, probability_threshold=None, experiment_custom_tags=None, verbose=False, system=False, add_to_model_list=True, metrics=None, display=<pycaret.internal.display.display.CommonDisplay object at 0x0000018FABC6F350>, model_only=True, return_train_score=False, error_score=raise, kwargs={})
2025-10-16 21:56:19,629:INFO:Checking exceptions
2025-10-16 21:56:19,629:INFO:Importing libraries
2025-10-16 21:56:19,629:INFO:Copying training dataset
2025-10-16 21:56:19,630:INFO:Defining folds
2025-10-16 21:56:19,630:INFO:Declaring metric variables
2025-10-16 21:56:19,630:INFO:Importing untrained model
2025-10-16 21:56:19,631:INFO:Lasso w/ Cond. Deseasonalize & Detrending Imported successfully
2025-10-16 21:56:19,632:INFO:Starting cross validation
2025-10-16 21:56:19,632:INFO:Cross validating with ExpandingWindowSplitter(fh=ForecastingHorizon([ 1,  2,  3,  4,  5,  6,  7,  8,  9, 10, 11, 12, 13, 14, 15, 16, 17, 18,
       19, 20, 21, 22, 23, 24],
      dtype='int32', is_relative=True),
                        initial_window=48, step_length=24), n_jobs=-1
2025-10-16 21:56:19,961:WARNING:
'prophet' is a soft dependency and not included in the pycaret installation. Please run: `pip install prophet` to install.
2025-10-16 21:56:19,961:WARNING:
'prophet' is a soft dependency and not included in the pycaret installation. Please run: `pip install prophet` to install.
2025-10-16 21:56:19,961:WARNING:
'prophet' is a soft dependency and not included in the pycaret installation. Please run: `pip install prophet` to install.
2025-10-16 21:56:20,288:WARNING:C:\CODING PROJECTS\ts-pycaret\.venv\Lib\site-packages\sklearn\metrics\_regression.py:483: FutureWarning: 'squared' is deprecated in version 1.4 and will be removed in 1.6. To calculate the root mean squared error, use the function'root_mean_squared_error'.
  warnings.warn(

2025-10-16 21:56:20,288:WARNING:C:\CODING PROJECTS\ts-pycaret\.venv\Lib\site-packages\sklearn\metrics\_regression.py:483: FutureWarning: 'squared' is deprecated in version 1.4 and will be removed in 1.6. To calculate the root mean squared error, use the function'root_mean_squared_error'.
  warnings.warn(

2025-10-16 21:56:20,289:WARNING:C:\CODING PROJECTS\ts-pycaret\.venv\Lib\site-packages\sklearn\metrics\_regression.py:483: FutureWarning: 'squared' is deprecated in version 1.4 and will be removed in 1.6. To calculate the root mean squared error, use the function'root_mean_squared_error'.
  warnings.warn(

2025-10-16 21:56:20,289:WARNING:C:\CODING PROJECTS\ts-pycaret\.venv\Lib\site-packages\sklearn\metrics\_regression.py:483: FutureWarning: 'squared' is deprecated in version 1.4 and will be removed in 1.6. To calculate the root mean squared error, use the function'root_mean_squared_error'.
  warnings.warn(

2025-10-16 21:56:20,295:WARNING:C:\CODING PROJECTS\ts-pycaret\.venv\Lib\site-packages\sklearn\metrics\_regression.py:483: FutureWarning: 'squared' is deprecated in version 1.4 and will be removed in 1.6. To calculate the root mean squared error, use the function'root_mean_squared_error'.
  warnings.warn(

2025-10-16 21:56:20,295:WARNING:C:\CODING PROJECTS\ts-pycaret\.venv\Lib\site-packages\sklearn\metrics\_regression.py:483: FutureWarning: 'squared' is deprecated in version 1.4 and will be removed in 1.6. To calculate the root mean squared error, use the function'root_mean_squared_error'.
  warnings.warn(

2025-10-16 21:56:20,302:INFO:Calculating mean and std
2025-10-16 21:56:20,303:INFO:Creating metrics dataframe
2025-10-16 21:56:20,304:WARNING:C:\CODING PROJECTS\ts-pycaret\.venv\Lib\site-packages\pycaret\time_series\forecasting\oop.py:2694: FutureWarning:

The behavior of DataFrame concatenation with empty or all-NA entries is deprecated. In a future version, this will no longer exclude empty or all-NA columns when determining the result dtypes. To retain the old behavior, exclude the relevant entries before the concat operation.


2025-10-16 21:56:20,305:INFO:Uploading results into container
2025-10-16 21:56:20,305:INFO:Uploading model into container now
2025-10-16 21:56:20,305:INFO:_master_model_container: 17
2025-10-16 21:56:20,305:INFO:_display_container: 2
2025-10-16 21:56:20,307:INFO:BaseCdsDtForecaster(fe_target_rr=[WindowSummarizer(lag_feature={'lag': [12, 11,
                                                                        10, 9,
                                                                        8, 7, 6,
                                                                        5, 4, 3,
                                                                        2, 1]},
                                                   n_jobs=1)],
                    regressor=Lasso(random_state=123), sp=12, window_length=12)
2025-10-16 21:56:20,307:INFO:create_model() successfully completed......................................
2025-10-16 21:56:20,389:INFO:SubProcess create_model() end ==================================
2025-10-16 21:56:20,389:INFO:Creating metrics dataframe
2025-10-16 21:56:20,390:INFO:Initializing Lasso Least Angular Regressor w/ Cond. Deseasonalize & Detrending
2025-10-16 21:56:20,390:INFO:Total runtime is 0.5734886209170024 minutes
2025-10-16 21:56:20,391:INFO:SubProcess create_model() called ==================================
2025-10-16 21:56:20,391:INFO:Initializing create_model()
2025-10-16 21:56:20,391:INFO:create_model(self=<pycaret.time_series.forecasting.oop.TSForecastingExperiment object at 0x0000018FAB9B90D0>, estimator=llar_cds_dt, fold=None, round=4, cross_validation=True, predict=True, fit_kwargs={}, groups=None, refit=False, probability_threshold=None, experiment_custom_tags=None, verbose=False, system=False, add_to_model_list=True, metrics=None, display=<pycaret.internal.display.display.CommonDisplay object at 0x0000018FABC6F350>, model_only=True, return_train_score=False, error_score=raise, kwargs={})
2025-10-16 21:56:20,391:INFO:Checking exceptions
2025-10-16 21:56:20,391:INFO:Importing libraries
2025-10-16 21:56:20,391:INFO:Copying training dataset
2025-10-16 21:56:20,392:INFO:Defining folds
2025-10-16 21:56:20,392:INFO:Declaring metric variables
2025-10-16 21:56:20,392:INFO:Importing untrained model
2025-10-16 21:56:20,393:INFO:Lasso Least Angular Regressor w/ Cond. Deseasonalize & Detrending Imported successfully
2025-10-16 21:56:20,394:INFO:Starting cross validation
2025-10-16 21:56:20,394:INFO:Cross validating with ExpandingWindowSplitter(fh=ForecastingHorizon([ 1,  2,  3,  4,  5,  6,  7,  8,  9, 10, 11, 12, 13, 14, 15, 16, 17, 18,
       19, 20, 21, 22, 23, 24],
      dtype='int32', is_relative=True),
                        initial_window=48, step_length=24), n_jobs=-1
2025-10-16 21:56:20,722:WARNING:
'prophet' is a soft dependency and not included in the pycaret installation. Please run: `pip install prophet` to install.
2025-10-16 21:56:20,722:WARNING:
'prophet' is a soft dependency and not included in the pycaret installation. Please run: `pip install prophet` to install.
2025-10-16 21:56:20,723:WARNING:
'prophet' is a soft dependency and not included in the pycaret installation. Please run: `pip install prophet` to install.
2025-10-16 21:56:21,049:WARNING:C:\CODING PROJECTS\ts-pycaret\.venv\Lib\site-packages\sklearn\metrics\_regression.py:483: FutureWarning: 'squared' is deprecated in version 1.4 and will be removed in 1.6. To calculate the root mean squared error, use the function'root_mean_squared_error'.
  warnings.warn(

2025-10-16 21:56:21,049:WARNING:C:\CODING PROJECTS\ts-pycaret\.venv\Lib\site-packages\sklearn\metrics\_regression.py:483: FutureWarning: 'squared' is deprecated in version 1.4 and will be removed in 1.6. To calculate the root mean squared error, use the function'root_mean_squared_error'.
  warnings.warn(

2025-10-16 21:56:21,054:WARNING:C:\CODING PROJECTS\ts-pycaret\.venv\Lib\site-packages\sklearn\metrics\_regression.py:483: FutureWarning: 'squared' is deprecated in version 1.4 and will be removed in 1.6. To calculate the root mean squared error, use the function'root_mean_squared_error'.
  warnings.warn(

2025-10-16 21:56:21,054:WARNING:C:\CODING PROJECTS\ts-pycaret\.venv\Lib\site-packages\sklearn\metrics\_regression.py:483: FutureWarning: 'squared' is deprecated in version 1.4 and will be removed in 1.6. To calculate the root mean squared error, use the function'root_mean_squared_error'.
  warnings.warn(

2025-10-16 21:56:21,057:WARNING:C:\CODING PROJECTS\ts-pycaret\.venv\Lib\site-packages\sklearn\metrics\_regression.py:483: FutureWarning: 'squared' is deprecated in version 1.4 and will be removed in 1.6. To calculate the root mean squared error, use the function'root_mean_squared_error'.
  warnings.warn(

2025-10-16 21:56:21,057:WARNING:C:\CODING PROJECTS\ts-pycaret\.venv\Lib\site-packages\sklearn\metrics\_regression.py:483: FutureWarning: 'squared' is deprecated in version 1.4 and will be removed in 1.6. To calculate the root mean squared error, use the function'root_mean_squared_error'.
  warnings.warn(

2025-10-16 21:56:21,064:INFO:Calculating mean and std
2025-10-16 21:56:21,065:INFO:Creating metrics dataframe
2025-10-16 21:56:21,066:WARNING:C:\CODING PROJECTS\ts-pycaret\.venv\Lib\site-packages\pycaret\time_series\forecasting\oop.py:2694: FutureWarning:

The behavior of DataFrame concatenation with empty or all-NA entries is deprecated. In a future version, this will no longer exclude empty or all-NA columns when determining the result dtypes. To retain the old behavior, exclude the relevant entries before the concat operation.


2025-10-16 21:56:21,067:INFO:Uploading results into container
2025-10-16 21:56:21,067:INFO:Uploading model into container now
2025-10-16 21:56:21,067:INFO:_master_model_container: 18
2025-10-16 21:56:21,067:INFO:_display_container: 2
2025-10-16 21:56:21,069:INFO:BaseCdsDtForecaster(fe_target_rr=[WindowSummarizer(lag_feature={'lag': [12, 11,
                                                                        10, 9,
                                                                        8, 7, 6,
                                                                        5, 4, 3,
                                                                        2, 1]},
                                                   n_jobs=1)],
                    regressor=LassoLars(random_state=123), sp=12,
                    window_length=12)
2025-10-16 21:56:21,069:INFO:create_model() successfully completed......................................
2025-10-16 21:56:21,145:INFO:SubProcess create_model() end ==================================
2025-10-16 21:56:21,145:INFO:Creating metrics dataframe
2025-10-16 21:56:21,146:INFO:Initializing Bayesian Ridge w/ Cond. Deseasonalize & Detrending
2025-10-16 21:56:21,146:INFO:Total runtime is 0.5860903104146322 minutes
2025-10-16 21:56:21,147:INFO:SubProcess create_model() called ==================================
2025-10-16 21:56:21,147:INFO:Initializing create_model()
2025-10-16 21:56:21,147:INFO:create_model(self=<pycaret.time_series.forecasting.oop.TSForecastingExperiment object at 0x0000018FAB9B90D0>, estimator=br_cds_dt, fold=None, round=4, cross_validation=True, predict=True, fit_kwargs={}, groups=None, refit=False, probability_threshold=None, experiment_custom_tags=None, verbose=False, system=False, add_to_model_list=True, metrics=None, display=<pycaret.internal.display.display.CommonDisplay object at 0x0000018FABC6F350>, model_only=True, return_train_score=False, error_score=raise, kwargs={})
2025-10-16 21:56:21,147:INFO:Checking exceptions
2025-10-16 21:56:21,147:INFO:Importing libraries
2025-10-16 21:56:21,147:INFO:Copying training dataset
2025-10-16 21:56:21,148:INFO:Defining folds
2025-10-16 21:56:21,148:INFO:Declaring metric variables
2025-10-16 21:56:21,148:INFO:Importing untrained model
2025-10-16 21:56:21,149:INFO:Bayesian Ridge w/ Cond. Deseasonalize & Detrending Imported successfully
2025-10-16 21:56:21,150:INFO:Starting cross validation
2025-10-16 21:56:21,150:INFO:Cross validating with ExpandingWindowSplitter(fh=ForecastingHorizon([ 1,  2,  3,  4,  5,  6,  7,  8,  9, 10, 11, 12, 13, 14, 15, 16, 17, 18,
       19, 20, 21, 22, 23, 24],
      dtype='int32', is_relative=True),
                        initial_window=48, step_length=24), n_jobs=-1
2025-10-16 21:56:21,464:WARNING:
'prophet' is a soft dependency and not included in the pycaret installation. Please run: `pip install prophet` to install.
2025-10-16 21:56:21,486:WARNING:C:\CODING PROJECTS\ts-pycaret\.venv\Lib\site-packages\sklearn\metrics\_regression.py:483: FutureWarning: 'squared' is deprecated in version 1.4 and will be removed in 1.6. To calculate the root mean squared error, use the function'root_mean_squared_error'.
  warnings.warn(

2025-10-16 21:56:21,486:WARNING:C:\CODING PROJECTS\ts-pycaret\.venv\Lib\site-packages\sklearn\metrics\_regression.py:483: FutureWarning: 'squared' is deprecated in version 1.4 and will be removed in 1.6. To calculate the root mean squared error, use the function'root_mean_squared_error'.
  warnings.warn(

2025-10-16 21:56:21,487:WARNING:C:\CODING PROJECTS\ts-pycaret\.venv\Lib\site-packages\sklearn\metrics\_regression.py:483: FutureWarning: 'squared' is deprecated in version 1.4 and will be removed in 1.6. To calculate the root mean squared error, use the function'root_mean_squared_error'.
  warnings.warn(

2025-10-16 21:56:21,487:WARNING:C:\CODING PROJECTS\ts-pycaret\.venv\Lib\site-packages\sklearn\metrics\_regression.py:483: FutureWarning: 'squared' is deprecated in version 1.4 and will be removed in 1.6. To calculate the root mean squared error, use the function'root_mean_squared_error'.
  warnings.warn(

2025-10-16 21:56:21,790:WARNING:C:\CODING PROJECTS\ts-pycaret\.venv\Lib\site-packages\sklearn\metrics\_regression.py:483: FutureWarning: 'squared' is deprecated in version 1.4 and will be removed in 1.6. To calculate the root mean squared error, use the function'root_mean_squared_error'.
  warnings.warn(

2025-10-16 21:56:21,790:WARNING:C:\CODING PROJECTS\ts-pycaret\.venv\Lib\site-packages\sklearn\metrics\_regression.py:483: FutureWarning: 'squared' is deprecated in version 1.4 and will be removed in 1.6. To calculate the root mean squared error, use the function'root_mean_squared_error'.
  warnings.warn(

2025-10-16 21:56:21,798:INFO:Calculating mean and std
2025-10-16 21:56:21,799:INFO:Creating metrics dataframe
2025-10-16 21:56:21,800:WARNING:C:\CODING PROJECTS\ts-pycaret\.venv\Lib\site-packages\pycaret\time_series\forecasting\oop.py:2694: FutureWarning:

The behavior of DataFrame concatenation with empty or all-NA entries is deprecated. In a future version, this will no longer exclude empty or all-NA columns when determining the result dtypes. To retain the old behavior, exclude the relevant entries before the concat operation.


2025-10-16 21:56:21,801:INFO:Uploading results into container
2025-10-16 21:56:21,801:INFO:Uploading model into container now
2025-10-16 21:56:21,801:INFO:_master_model_container: 19
2025-10-16 21:56:21,801:INFO:_display_container: 2
2025-10-16 21:56:21,802:INFO:BaseCdsDtForecaster(fe_target_rr=[WindowSummarizer(lag_feature={'lag': [12, 11,
                                                                        10, 9,
                                                                        8, 7, 6,
                                                                        5, 4, 3,
                                                                        2, 1]},
                                                   n_jobs=1)],
                    regressor=BayesianRidge(), sp=12, window_length=12)
2025-10-16 21:56:21,803:INFO:create_model() successfully completed......................................
2025-10-16 21:56:21,896:INFO:SubProcess create_model() end ==================================
2025-10-16 21:56:21,896:INFO:Creating metrics dataframe
2025-10-16 21:56:21,898:INFO:Initializing Huber w/ Cond. Deseasonalize & Detrending
2025-10-16 21:56:21,898:INFO:Total runtime is 0.5986156543095907 minutes
2025-10-16 21:56:21,898:INFO:SubProcess create_model() called ==================================
2025-10-16 21:56:21,898:INFO:Initializing create_model()
2025-10-16 21:56:21,898:INFO:create_model(self=<pycaret.time_series.forecasting.oop.TSForecastingExperiment object at 0x0000018FAB9B90D0>, estimator=huber_cds_dt, fold=None, round=4, cross_validation=True, predict=True, fit_kwargs={}, groups=None, refit=False, probability_threshold=None, experiment_custom_tags=None, verbose=False, system=False, add_to_model_list=True, metrics=None, display=<pycaret.internal.display.display.CommonDisplay object at 0x0000018FABC6F350>, model_only=True, return_train_score=False, error_score=raise, kwargs={})
2025-10-16 21:56:21,898:INFO:Checking exceptions
2025-10-16 21:56:21,898:INFO:Importing libraries
2025-10-16 21:56:21,898:INFO:Copying training dataset
2025-10-16 21:56:21,900:INFO:Defining folds
2025-10-16 21:56:21,900:INFO:Declaring metric variables
2025-10-16 21:56:21,900:INFO:Importing untrained model
2025-10-16 21:56:21,901:INFO:Huber w/ Cond. Deseasonalize & Detrending Imported successfully
2025-10-16 21:56:21,902:INFO:Starting cross validation
2025-10-16 21:56:21,902:INFO:Cross validating with ExpandingWindowSplitter(fh=ForecastingHorizon([ 1,  2,  3,  4,  5,  6,  7,  8,  9, 10, 11, 12, 13, 14, 15, 16, 17, 18,
       19, 20, 21, 22, 23, 24],
      dtype='int32', is_relative=True),
                        initial_window=48, step_length=24), n_jobs=-1
2025-10-16 21:56:22,261:WARNING:C:\CODING PROJECTS\ts-pycaret\.venv\Lib\site-packages\sklearn\metrics\_regression.py:483: FutureWarning: 'squared' is deprecated in version 1.4 and will be removed in 1.6. To calculate the root mean squared error, use the function'root_mean_squared_error'.
  warnings.warn(

2025-10-16 21:56:22,261:WARNING:C:\CODING PROJECTS\ts-pycaret\.venv\Lib\site-packages\sklearn\metrics\_regression.py:483: FutureWarning: 'squared' is deprecated in version 1.4 and will be removed in 1.6. To calculate the root mean squared error, use the function'root_mean_squared_error'.
  warnings.warn(

2025-10-16 21:56:22,263:WARNING:C:\CODING PROJECTS\ts-pycaret\.venv\Lib\site-packages\sklearn\metrics\_regression.py:483: FutureWarning: 'squared' is deprecated in version 1.4 and will be removed in 1.6. To calculate the root mean squared error, use the function'root_mean_squared_error'.
  warnings.warn(

2025-10-16 21:56:22,263:WARNING:C:\CODING PROJECTS\ts-pycaret\.venv\Lib\site-packages\sklearn\metrics\_regression.py:483: FutureWarning: 'squared' is deprecated in version 1.4 and will be removed in 1.6. To calculate the root mean squared error, use the function'root_mean_squared_error'.
  warnings.warn(

2025-10-16 21:56:22,275:WARNING:C:\CODING PROJECTS\ts-pycaret\.venv\Lib\site-packages\sklearn\metrics\_regression.py:483: FutureWarning: 'squared' is deprecated in version 1.4 and will be removed in 1.6. To calculate the root mean squared error, use the function'root_mean_squared_error'.
  warnings.warn(

2025-10-16 21:56:22,275:WARNING:C:\CODING PROJECTS\ts-pycaret\.venv\Lib\site-packages\sklearn\metrics\_regression.py:483: FutureWarning: 'squared' is deprecated in version 1.4 and will be removed in 1.6. To calculate the root mean squared error, use the function'root_mean_squared_error'.
  warnings.warn(

2025-10-16 21:56:22,288:INFO:Calculating mean and std
2025-10-16 21:56:22,288:INFO:Creating metrics dataframe
2025-10-16 21:56:22,289:WARNING:C:\CODING PROJECTS\ts-pycaret\.venv\Lib\site-packages\pycaret\time_series\forecasting\oop.py:2694: FutureWarning:

The behavior of DataFrame concatenation with empty or all-NA entries is deprecated. In a future version, this will no longer exclude empty or all-NA columns when determining the result dtypes. To retain the old behavior, exclude the relevant entries before the concat operation.


2025-10-16 21:56:22,290:INFO:Uploading results into container
2025-10-16 21:56:22,290:INFO:Uploading model into container now
2025-10-16 21:56:22,291:INFO:_master_model_container: 20
2025-10-16 21:56:22,291:INFO:_display_container: 2
2025-10-16 21:56:22,292:INFO:BaseCdsDtForecaster(fe_target_rr=[WindowSummarizer(lag_feature={'lag': [12, 11,
                                                                        10, 9,
                                                                        8, 7, 6,
                                                                        5, 4, 3,
                                                                        2, 1]},
                                                   n_jobs=1)],
                    regressor=HuberRegressor(), sp=12, window_length=12)
2025-10-16 21:56:22,292:INFO:create_model() successfully completed......................................
2025-10-16 21:56:22,389:INFO:SubProcess create_model() end ==================================
2025-10-16 21:56:22,389:INFO:Creating metrics dataframe
2025-10-16 21:56:22,391:INFO:Initializing Orthogonal Matching Pursuit w/ Cond. Deseasonalize & Detrending
2025-10-16 21:56:22,391:INFO:Total runtime is 0.6068320512771608 minutes
2025-10-16 21:56:22,391:INFO:SubProcess create_model() called ==================================
2025-10-16 21:56:22,391:INFO:Initializing create_model()
2025-10-16 21:56:22,391:INFO:create_model(self=<pycaret.time_series.forecasting.oop.TSForecastingExperiment object at 0x0000018FAB9B90D0>, estimator=omp_cds_dt, fold=None, round=4, cross_validation=True, predict=True, fit_kwargs={}, groups=None, refit=False, probability_threshold=None, experiment_custom_tags=None, verbose=False, system=False, add_to_model_list=True, metrics=None, display=<pycaret.internal.display.display.CommonDisplay object at 0x0000018FABC6F350>, model_only=True, return_train_score=False, error_score=raise, kwargs={})
2025-10-16 21:56:22,391:INFO:Checking exceptions
2025-10-16 21:56:22,391:INFO:Importing libraries
2025-10-16 21:56:22,391:INFO:Copying training dataset
2025-10-16 21:56:22,392:INFO:Defining folds
2025-10-16 21:56:22,393:INFO:Declaring metric variables
2025-10-16 21:56:22,393:INFO:Importing untrained model
2025-10-16 21:56:22,393:INFO:Orthogonal Matching Pursuit w/ Cond. Deseasonalize & Detrending Imported successfully
2025-10-16 21:56:22,394:INFO:Starting cross validation
2025-10-16 21:56:22,395:INFO:Cross validating with ExpandingWindowSplitter(fh=ForecastingHorizon([ 1,  2,  3,  4,  5,  6,  7,  8,  9, 10, 11, 12, 13, 14, 15, 16, 17, 18,
       19, 20, 21, 22, 23, 24],
      dtype='int32', is_relative=True),
                        initial_window=48, step_length=24), n_jobs=-1
2025-10-16 21:56:22,734:WARNING:C:\CODING PROJECTS\ts-pycaret\.venv\Lib\site-packages\sklearn\metrics\_regression.py:483: FutureWarning: 'squared' is deprecated in version 1.4 and will be removed in 1.6. To calculate the root mean squared error, use the function'root_mean_squared_error'.
  warnings.warn(

2025-10-16 21:56:22,734:WARNING:C:\CODING PROJECTS\ts-pycaret\.venv\Lib\site-packages\sklearn\metrics\_regression.py:483: FutureWarning: 'squared' is deprecated in version 1.4 and will be removed in 1.6. To calculate the root mean squared error, use the function'root_mean_squared_error'.
  warnings.warn(

2025-10-16 21:56:22,736:WARNING:C:\CODING PROJECTS\ts-pycaret\.venv\Lib\site-packages\sklearn\metrics\_regression.py:483: FutureWarning: 'squared' is deprecated in version 1.4 and will be removed in 1.6. To calculate the root mean squared error, use the function'root_mean_squared_error'.
  warnings.warn(

2025-10-16 21:56:22,736:WARNING:C:\CODING PROJECTS\ts-pycaret\.venv\Lib\site-packages\sklearn\metrics\_regression.py:483: FutureWarning: 'squared' is deprecated in version 1.4 and will be removed in 1.6. To calculate the root mean squared error, use the function'root_mean_squared_error'.
  warnings.warn(

2025-10-16 21:56:22,741:WARNING:C:\CODING PROJECTS\ts-pycaret\.venv\Lib\site-packages\sklearn\metrics\_regression.py:483: FutureWarning: 'squared' is deprecated in version 1.4 and will be removed in 1.6. To calculate the root mean squared error, use the function'root_mean_squared_error'.
  warnings.warn(

2025-10-16 21:56:22,741:WARNING:C:\CODING PROJECTS\ts-pycaret\.venv\Lib\site-packages\sklearn\metrics\_regression.py:483: FutureWarning: 'squared' is deprecated in version 1.4 and will be removed in 1.6. To calculate the root mean squared error, use the function'root_mean_squared_error'.
  warnings.warn(

2025-10-16 21:56:22,749:INFO:Calculating mean and std
2025-10-16 21:56:22,749:INFO:Creating metrics dataframe
2025-10-16 21:56:22,750:WARNING:C:\CODING PROJECTS\ts-pycaret\.venv\Lib\site-packages\pycaret\time_series\forecasting\oop.py:2694: FutureWarning:

The behavior of DataFrame concatenation with empty or all-NA entries is deprecated. In a future version, this will no longer exclude empty or all-NA columns when determining the result dtypes. To retain the old behavior, exclude the relevant entries before the concat operation.


2025-10-16 21:56:22,751:INFO:Uploading results into container
2025-10-16 21:56:22,752:INFO:Uploading model into container now
2025-10-16 21:56:22,752:INFO:_master_model_container: 21
2025-10-16 21:56:22,752:INFO:_display_container: 2
2025-10-16 21:56:22,753:INFO:BaseCdsDtForecaster(fe_target_rr=[WindowSummarizer(lag_feature={'lag': [12, 11,
                                                                        10, 9,
                                                                        8, 7, 6,
                                                                        5, 4, 3,
                                                                        2, 1]},
                                                   n_jobs=1)],
                    regressor=OrthogonalMatchingPursuit(), sp=12,
                    window_length=12)
2025-10-16 21:56:22,753:INFO:create_model() successfully completed......................................
2025-10-16 21:56:22,831:INFO:SubProcess create_model() end ==================================
2025-10-16 21:56:22,831:INFO:Creating metrics dataframe
2025-10-16 21:56:22,832:INFO:Initializing K Neighbors w/ Cond. Deseasonalize & Detrending
2025-10-16 21:56:22,832:INFO:Total runtime is 0.6141880393028261 minutes
2025-10-16 21:56:22,833:INFO:SubProcess create_model() called ==================================
2025-10-16 21:56:22,833:INFO:Initializing create_model()
2025-10-16 21:56:22,833:INFO:create_model(self=<pycaret.time_series.forecasting.oop.TSForecastingExperiment object at 0x0000018FAB9B90D0>, estimator=knn_cds_dt, fold=None, round=4, cross_validation=True, predict=True, fit_kwargs={}, groups=None, refit=False, probability_threshold=None, experiment_custom_tags=None, verbose=False, system=False, add_to_model_list=True, metrics=None, display=<pycaret.internal.display.display.CommonDisplay object at 0x0000018FABC6F350>, model_only=True, return_train_score=False, error_score=raise, kwargs={})
2025-10-16 21:56:22,833:INFO:Checking exceptions
2025-10-16 21:56:22,833:INFO:Importing libraries
2025-10-16 21:56:22,833:INFO:Copying training dataset
2025-10-16 21:56:22,834:INFO:Defining folds
2025-10-16 21:56:22,834:INFO:Declaring metric variables
2025-10-16 21:56:22,834:INFO:Importing untrained model
2025-10-16 21:56:22,835:INFO:K Neighbors w/ Cond. Deseasonalize & Detrending Imported successfully
2025-10-16 21:56:22,836:INFO:Starting cross validation
2025-10-16 21:56:22,836:INFO:Cross validating with ExpandingWindowSplitter(fh=ForecastingHorizon([ 1,  2,  3,  4,  5,  6,  7,  8,  9, 10, 11, 12, 13, 14, 15, 16, 17, 18,
       19, 20, 21, 22, 23, 24],
      dtype='int32', is_relative=True),
                        initial_window=48, step_length=24), n_jobs=-1
2025-10-16 21:56:23,556:WARNING:C:\CODING PROJECTS\ts-pycaret\.venv\Lib\site-packages\sklearn\metrics\_regression.py:483: FutureWarning: 'squared' is deprecated in version 1.4 and will be removed in 1.6. To calculate the root mean squared error, use the function'root_mean_squared_error'.
  warnings.warn(

2025-10-16 21:56:23,556:WARNING:C:\CODING PROJECTS\ts-pycaret\.venv\Lib\site-packages\sklearn\metrics\_regression.py:483: FutureWarning: 'squared' is deprecated in version 1.4 and will be removed in 1.6. To calculate the root mean squared error, use the function'root_mean_squared_error'.
  warnings.warn(

2025-10-16 21:56:23,557:WARNING:C:\CODING PROJECTS\ts-pycaret\.venv\Lib\site-packages\sklearn\metrics\_regression.py:483: FutureWarning: 'squared' is deprecated in version 1.4 and will be removed in 1.6. To calculate the root mean squared error, use the function'root_mean_squared_error'.
  warnings.warn(

2025-10-16 21:56:23,557:WARNING:C:\CODING PROJECTS\ts-pycaret\.venv\Lib\site-packages\sklearn\metrics\_regression.py:483: FutureWarning: 'squared' is deprecated in version 1.4 and will be removed in 1.6. To calculate the root mean squared error, use the function'root_mean_squared_error'.
  warnings.warn(

2025-10-16 21:56:23,557:WARNING:C:\CODING PROJECTS\ts-pycaret\.venv\Lib\site-packages\sklearn\metrics\_regression.py:483: FutureWarning: 'squared' is deprecated in version 1.4 and will be removed in 1.6. To calculate the root mean squared error, use the function'root_mean_squared_error'.
  warnings.warn(

2025-10-16 21:56:23,557:WARNING:C:\CODING PROJECTS\ts-pycaret\.venv\Lib\site-packages\sklearn\metrics\_regression.py:483: FutureWarning: 'squared' is deprecated in version 1.4 and will be removed in 1.6. To calculate the root mean squared error, use the function'root_mean_squared_error'.
  warnings.warn(

2025-10-16 21:56:23,562:INFO:Calculating mean and std
2025-10-16 21:56:23,562:INFO:Creating metrics dataframe
2025-10-16 21:56:23,563:WARNING:C:\CODING PROJECTS\ts-pycaret\.venv\Lib\site-packages\pycaret\time_series\forecasting\oop.py:2694: FutureWarning:

The behavior of DataFrame concatenation with empty or all-NA entries is deprecated. In a future version, this will no longer exclude empty or all-NA columns when determining the result dtypes. To retain the old behavior, exclude the relevant entries before the concat operation.


2025-10-16 21:56:23,564:INFO:Uploading results into container
2025-10-16 21:56:23,564:INFO:Uploading model into container now
2025-10-16 21:56:23,565:INFO:_master_model_container: 22
2025-10-16 21:56:23,565:INFO:_display_container: 2
2025-10-16 21:56:23,566:INFO:BaseCdsDtForecaster(fe_target_rr=[WindowSummarizer(lag_feature={'lag': [12, 11,
                                                                        10, 9,
                                                                        8, 7, 6,
                                                                        5, 4, 3,
                                                                        2, 1]},
                                                   n_jobs=1)],
                    regressor=KNeighborsRegressor(n_jobs=-1), sp=12,
                    window_length=12)
2025-10-16 21:56:23,566:INFO:create_model() successfully completed......................................
2025-10-16 21:56:23,643:INFO:SubProcess create_model() end ==================================
2025-10-16 21:56:23,643:INFO:Creating metrics dataframe
2025-10-16 21:56:23,645:INFO:Initializing Decision Tree w/ Cond. Deseasonalize & Detrending
2025-10-16 21:56:23,645:INFO:Total runtime is 0.6277310570081076 minutes
2025-10-16 21:56:23,645:INFO:SubProcess create_model() called ==================================
2025-10-16 21:56:23,645:INFO:Initializing create_model()
2025-10-16 21:56:23,645:INFO:create_model(self=<pycaret.time_series.forecasting.oop.TSForecastingExperiment object at 0x0000018FAB9B90D0>, estimator=dt_cds_dt, fold=None, round=4, cross_validation=True, predict=True, fit_kwargs={}, groups=None, refit=False, probability_threshold=None, experiment_custom_tags=None, verbose=False, system=False, add_to_model_list=True, metrics=None, display=<pycaret.internal.display.display.CommonDisplay object at 0x0000018FABC6F350>, model_only=True, return_train_score=False, error_score=raise, kwargs={})
2025-10-16 21:56:23,645:INFO:Checking exceptions
2025-10-16 21:56:23,645:INFO:Importing libraries
2025-10-16 21:56:23,645:INFO:Copying training dataset
2025-10-16 21:56:23,647:INFO:Defining folds
2025-10-16 21:56:23,647:INFO:Declaring metric variables
2025-10-16 21:56:23,647:INFO:Importing untrained model
2025-10-16 21:56:23,647:INFO:Decision Tree w/ Cond. Deseasonalize & Detrending Imported successfully
2025-10-16 21:56:23,648:INFO:Starting cross validation
2025-10-16 21:56:23,649:INFO:Cross validating with ExpandingWindowSplitter(fh=ForecastingHorizon([ 1,  2,  3,  4,  5,  6,  7,  8,  9, 10, 11, 12, 13, 14, 15, 16, 17, 18,
       19, 20, 21, 22, 23, 24],
      dtype='int32', is_relative=True),
                        initial_window=48, step_length=24), n_jobs=-1
2025-10-16 21:56:23,986:WARNING:C:\CODING PROJECTS\ts-pycaret\.venv\Lib\site-packages\sklearn\metrics\_regression.py:483: FutureWarning: 'squared' is deprecated in version 1.4 and will be removed in 1.6. To calculate the root mean squared error, use the function'root_mean_squared_error'.
  warnings.warn(

2025-10-16 21:56:23,986:WARNING:C:\CODING PROJECTS\ts-pycaret\.venv\Lib\site-packages\sklearn\metrics\_regression.py:483: FutureWarning: 'squared' is deprecated in version 1.4 and will be removed in 1.6. To calculate the root mean squared error, use the function'root_mean_squared_error'.
  warnings.warn(

2025-10-16 21:56:23,990:WARNING:C:\CODING PROJECTS\ts-pycaret\.venv\Lib\site-packages\sklearn\metrics\_regression.py:483: FutureWarning: 'squared' is deprecated in version 1.4 and will be removed in 1.6. To calculate the root mean squared error, use the function'root_mean_squared_error'.
  warnings.warn(

2025-10-16 21:56:23,990:WARNING:C:\CODING PROJECTS\ts-pycaret\.venv\Lib\site-packages\sklearn\metrics\_regression.py:483: FutureWarning: 'squared' is deprecated in version 1.4 and will be removed in 1.6. To calculate the root mean squared error, use the function'root_mean_squared_error'.
  warnings.warn(

2025-10-16 21:56:23,992:WARNING:C:\CODING PROJECTS\ts-pycaret\.venv\Lib\site-packages\sklearn\metrics\_regression.py:483: FutureWarning: 'squared' is deprecated in version 1.4 and will be removed in 1.6. To calculate the root mean squared error, use the function'root_mean_squared_error'.
  warnings.warn(

2025-10-16 21:56:23,992:WARNING:C:\CODING PROJECTS\ts-pycaret\.venv\Lib\site-packages\sklearn\metrics\_regression.py:483: FutureWarning: 'squared' is deprecated in version 1.4 and will be removed in 1.6. To calculate the root mean squared error, use the function'root_mean_squared_error'.
  warnings.warn(

2025-10-16 21:56:24,003:INFO:Calculating mean and std
2025-10-16 21:56:24,003:INFO:Creating metrics dataframe
2025-10-16 21:56:24,004:WARNING:C:\CODING PROJECTS\ts-pycaret\.venv\Lib\site-packages\pycaret\time_series\forecasting\oop.py:2694: FutureWarning:

The behavior of DataFrame concatenation with empty or all-NA entries is deprecated. In a future version, this will no longer exclude empty or all-NA columns when determining the result dtypes. To retain the old behavior, exclude the relevant entries before the concat operation.


2025-10-16 21:56:24,005:INFO:Uploading results into container
2025-10-16 21:56:24,006:INFO:Uploading model into container now
2025-10-16 21:56:24,006:INFO:_master_model_container: 23
2025-10-16 21:56:24,006:INFO:_display_container: 2
2025-10-16 21:56:24,007:INFO:BaseCdsDtForecaster(fe_target_rr=[WindowSummarizer(lag_feature={'lag': [12, 11,
                                                                        10, 9,
                                                                        8, 7, 6,
                                                                        5, 4, 3,
                                                                        2, 1]},
                                                   n_jobs=1)],
                    regressor=DecisionTreeRegressor(random_state=123), sp=12,
                    window_length=12)
2025-10-16 21:56:24,007:INFO:create_model() successfully completed......................................
2025-10-16 21:56:24,090:INFO:SubProcess create_model() end ==================================
2025-10-16 21:56:24,090:INFO:Creating metrics dataframe
2025-10-16 21:56:24,092:INFO:Initializing Random Forest w/ Cond. Deseasonalize & Detrending
2025-10-16 21:56:24,092:INFO:Total runtime is 0.6351848165194195 minutes
2025-10-16 21:56:24,092:INFO:SubProcess create_model() called ==================================
2025-10-16 21:56:24,092:INFO:Initializing create_model()
2025-10-16 21:56:24,092:INFO:create_model(self=<pycaret.time_series.forecasting.oop.TSForecastingExperiment object at 0x0000018FAB9B90D0>, estimator=rf_cds_dt, fold=None, round=4, cross_validation=True, predict=True, fit_kwargs={}, groups=None, refit=False, probability_threshold=None, experiment_custom_tags=None, verbose=False, system=False, add_to_model_list=True, metrics=None, display=<pycaret.internal.display.display.CommonDisplay object at 0x0000018FABC6F350>, model_only=True, return_train_score=False, error_score=raise, kwargs={})
2025-10-16 21:56:24,092:INFO:Checking exceptions
2025-10-16 21:56:24,092:INFO:Importing libraries
2025-10-16 21:56:24,092:INFO:Copying training dataset
2025-10-16 21:56:24,093:INFO:Defining folds
2025-10-16 21:56:24,094:INFO:Declaring metric variables
2025-10-16 21:56:24,094:INFO:Importing untrained model
2025-10-16 21:56:24,094:INFO:Random Forest w/ Cond. Deseasonalize & Detrending Imported successfully
2025-10-16 21:56:24,095:INFO:Starting cross validation
2025-10-16 21:56:24,096:INFO:Cross validating with ExpandingWindowSplitter(fh=ForecastingHorizon([ 1,  2,  3,  4,  5,  6,  7,  8,  9, 10, 11, 12, 13, 14, 15, 16, 17, 18,
       19, 20, 21, 22, 23, 24],
      dtype='int32', is_relative=True),
                        initial_window=48, step_length=24), n_jobs=-1
2025-10-16 21:56:24,916:WARNING:C:\CODING PROJECTS\ts-pycaret\.venv\Lib\site-packages\sklearn\metrics\_regression.py:483: FutureWarning: 'squared' is deprecated in version 1.4 and will be removed in 1.6. To calculate the root mean squared error, use the function'root_mean_squared_error'.
  warnings.warn(

2025-10-16 21:56:24,916:WARNING:C:\CODING PROJECTS\ts-pycaret\.venv\Lib\site-packages\sklearn\metrics\_regression.py:483: FutureWarning: 'squared' is deprecated in version 1.4 and will be removed in 1.6. To calculate the root mean squared error, use the function'root_mean_squared_error'.
  warnings.warn(

2025-10-16 21:56:24,921:WARNING:C:\CODING PROJECTS\ts-pycaret\.venv\Lib\site-packages\sklearn\metrics\_regression.py:483: FutureWarning: 'squared' is deprecated in version 1.4 and will be removed in 1.6. To calculate the root mean squared error, use the function'root_mean_squared_error'.
  warnings.warn(

2025-10-16 21:56:24,921:WARNING:C:\CODING PROJECTS\ts-pycaret\.venv\Lib\site-packages\sklearn\metrics\_regression.py:483: FutureWarning: 'squared' is deprecated in version 1.4 and will be removed in 1.6. To calculate the root mean squared error, use the function'root_mean_squared_error'.
  warnings.warn(

2025-10-16 21:56:24,921:WARNING:C:\CODING PROJECTS\ts-pycaret\.venv\Lib\site-packages\sklearn\metrics\_regression.py:483: FutureWarning: 'squared' is deprecated in version 1.4 and will be removed in 1.6. To calculate the root mean squared error, use the function'root_mean_squared_error'.
  warnings.warn(

2025-10-16 21:56:24,922:WARNING:C:\CODING PROJECTS\ts-pycaret\.venv\Lib\site-packages\sklearn\metrics\_regression.py:483: FutureWarning: 'squared' is deprecated in version 1.4 and will be removed in 1.6. To calculate the root mean squared error, use the function'root_mean_squared_error'.
  warnings.warn(

2025-10-16 21:56:24,927:INFO:Calculating mean and std
2025-10-16 21:56:24,927:INFO:Creating metrics dataframe
2025-10-16 21:56:24,928:WARNING:C:\CODING PROJECTS\ts-pycaret\.venv\Lib\site-packages\pycaret\time_series\forecasting\oop.py:2694: FutureWarning:

The behavior of DataFrame concatenation with empty or all-NA entries is deprecated. In a future version, this will no longer exclude empty or all-NA columns when determining the result dtypes. To retain the old behavior, exclude the relevant entries before the concat operation.


2025-10-16 21:56:24,930:INFO:Uploading results into container
2025-10-16 21:56:24,930:INFO:Uploading model into container now
2025-10-16 21:56:24,930:INFO:_master_model_container: 24
2025-10-16 21:56:24,930:INFO:_display_container: 2
2025-10-16 21:56:24,931:INFO:BaseCdsDtForecaster(fe_target_rr=[WindowSummarizer(lag_feature={'lag': [12, 11,
                                                                        10, 9,
                                                                        8, 7, 6,
                                                                        5, 4, 3,
                                                                        2, 1]},
                                                   n_jobs=1)],
                    regressor=RandomForestRegressor(n_jobs=-1, random_state=123),
                    sp=12, window_length=12)
2025-10-16 21:56:24,931:INFO:create_model() successfully completed......................................
2025-10-16 21:56:25,024:INFO:SubProcess create_model() end ==================================
2025-10-16 21:56:25,024:INFO:Creating metrics dataframe
2025-10-16 21:56:25,026:INFO:Initializing Extra Trees w/ Cond. Deseasonalize & Detrending
2025-10-16 21:56:25,026:INFO:Total runtime is 0.6507536530494691 minutes
2025-10-16 21:56:25,026:INFO:SubProcess create_model() called ==================================
2025-10-16 21:56:25,026:INFO:Initializing create_model()
2025-10-16 21:56:25,026:INFO:create_model(self=<pycaret.time_series.forecasting.oop.TSForecastingExperiment object at 0x0000018FAB9B90D0>, estimator=et_cds_dt, fold=None, round=4, cross_validation=True, predict=True, fit_kwargs={}, groups=None, refit=False, probability_threshold=None, experiment_custom_tags=None, verbose=False, system=False, add_to_model_list=True, metrics=None, display=<pycaret.internal.display.display.CommonDisplay object at 0x0000018FABC6F350>, model_only=True, return_train_score=False, error_score=raise, kwargs={})
2025-10-16 21:56:25,026:INFO:Checking exceptions
2025-10-16 21:56:25,026:INFO:Importing libraries
2025-10-16 21:56:25,026:INFO:Copying training dataset
2025-10-16 21:56:25,028:INFO:Defining folds
2025-10-16 21:56:25,028:INFO:Declaring metric variables
2025-10-16 21:56:25,028:INFO:Importing untrained model
2025-10-16 21:56:25,029:INFO:Extra Trees w/ Cond. Deseasonalize & Detrending Imported successfully
2025-10-16 21:56:25,030:INFO:Starting cross validation
2025-10-16 21:56:25,030:INFO:Cross validating with ExpandingWindowSplitter(fh=ForecastingHorizon([ 1,  2,  3,  4,  5,  6,  7,  8,  9, 10, 11, 12, 13, 14, 15, 16, 17, 18,
       19, 20, 21, 22, 23, 24],
      dtype='int32', is_relative=True),
                        initial_window=48, step_length=24), n_jobs=-1
2025-10-16 21:56:25,843:WARNING:C:\CODING PROJECTS\ts-pycaret\.venv\Lib\site-packages\sklearn\metrics\_regression.py:483: FutureWarning: 'squared' is deprecated in version 1.4 and will be removed in 1.6. To calculate the root mean squared error, use the function'root_mean_squared_error'.
  warnings.warn(

2025-10-16 21:56:25,844:WARNING:C:\CODING PROJECTS\ts-pycaret\.venv\Lib\site-packages\sklearn\metrics\_regression.py:483: FutureWarning: 'squared' is deprecated in version 1.4 and will be removed in 1.6. To calculate the root mean squared error, use the function'root_mean_squared_error'.
  warnings.warn(

2025-10-16 21:56:25,850:WARNING:C:\CODING PROJECTS\ts-pycaret\.venv\Lib\site-packages\sklearn\metrics\_regression.py:483: FutureWarning: 'squared' is deprecated in version 1.4 and will be removed in 1.6. To calculate the root mean squared error, use the function'root_mean_squared_error'.
  warnings.warn(

2025-10-16 21:56:25,850:WARNING:C:\CODING PROJECTS\ts-pycaret\.venv\Lib\site-packages\sklearn\metrics\_regression.py:483: FutureWarning: 'squared' is deprecated in version 1.4 and will be removed in 1.6. To calculate the root mean squared error, use the function'root_mean_squared_error'.
  warnings.warn(

2025-10-16 21:56:25,851:WARNING:C:\CODING PROJECTS\ts-pycaret\.venv\Lib\site-packages\sklearn\metrics\_regression.py:483: FutureWarning: 'squared' is deprecated in version 1.4 and will be removed in 1.6. To calculate the root mean squared error, use the function'root_mean_squared_error'.
  warnings.warn(

2025-10-16 21:56:25,851:WARNING:C:\CODING PROJECTS\ts-pycaret\.venv\Lib\site-packages\sklearn\metrics\_regression.py:483: FutureWarning: 'squared' is deprecated in version 1.4 and will be removed in 1.6. To calculate the root mean squared error, use the function'root_mean_squared_error'.
  warnings.warn(

2025-10-16 21:56:25,856:INFO:Calculating mean and std
2025-10-16 21:56:25,857:INFO:Creating metrics dataframe
2025-10-16 21:56:25,858:WARNING:C:\CODING PROJECTS\ts-pycaret\.venv\Lib\site-packages\pycaret\time_series\forecasting\oop.py:2694: FutureWarning:

The behavior of DataFrame concatenation with empty or all-NA entries is deprecated. In a future version, this will no longer exclude empty or all-NA columns when determining the result dtypes. To retain the old behavior, exclude the relevant entries before the concat operation.


2025-10-16 21:56:25,859:INFO:Uploading results into container
2025-10-16 21:56:25,859:INFO:Uploading model into container now
2025-10-16 21:56:25,859:INFO:_master_model_container: 25
2025-10-16 21:56:25,859:INFO:_display_container: 2
2025-10-16 21:56:25,860:INFO:BaseCdsDtForecaster(fe_target_rr=[WindowSummarizer(lag_feature={'lag': [12, 11,
                                                                        10, 9,
                                                                        8, 7, 6,
                                                                        5, 4, 3,
                                                                        2, 1]},
                                                   n_jobs=1)],
                    regressor=ExtraTreesRegressor(n_jobs=-1, random_state=123),
                    sp=12, window_length=12)
2025-10-16 21:56:25,861:INFO:create_model() successfully completed......................................
2025-10-16 21:56:25,942:INFO:SubProcess create_model() end ==================================
2025-10-16 21:56:25,942:INFO:Creating metrics dataframe
2025-10-16 21:56:25,944:INFO:Initializing Gradient Boosting w/ Cond. Deseasonalize & Detrending
2025-10-16 21:56:25,944:INFO:Total runtime is 0.6660532673199973 minutes
2025-10-16 21:56:25,944:INFO:SubProcess create_model() called ==================================
2025-10-16 21:56:25,944:INFO:Initializing create_model()
2025-10-16 21:56:25,944:INFO:create_model(self=<pycaret.time_series.forecasting.oop.TSForecastingExperiment object at 0x0000018FAB9B90D0>, estimator=gbr_cds_dt, fold=None, round=4, cross_validation=True, predict=True, fit_kwargs={}, groups=None, refit=False, probability_threshold=None, experiment_custom_tags=None, verbose=False, system=False, add_to_model_list=True, metrics=None, display=<pycaret.internal.display.display.CommonDisplay object at 0x0000018FABC6F350>, model_only=True, return_train_score=False, error_score=raise, kwargs={})
2025-10-16 21:56:25,944:INFO:Checking exceptions
2025-10-16 21:56:25,944:INFO:Importing libraries
2025-10-16 21:56:25,944:INFO:Copying training dataset
2025-10-16 21:56:25,945:INFO:Defining folds
2025-10-16 21:56:25,946:INFO:Declaring metric variables
2025-10-16 21:56:25,946:INFO:Importing untrained model
2025-10-16 21:56:25,946:INFO:Gradient Boosting w/ Cond. Deseasonalize & Detrending Imported successfully
2025-10-16 21:56:25,947:INFO:Starting cross validation
2025-10-16 21:56:25,948:INFO:Cross validating with ExpandingWindowSplitter(fh=ForecastingHorizon([ 1,  2,  3,  4,  5,  6,  7,  8,  9, 10, 11, 12, 13, 14, 15, 16, 17, 18,
       19, 20, 21, 22, 23, 24],
      dtype='int32', is_relative=True),
                        initial_window=48, step_length=24), n_jobs=-1
2025-10-16 21:56:26,319:WARNING:C:\CODING PROJECTS\ts-pycaret\.venv\Lib\site-packages\sklearn\metrics\_regression.py:483: FutureWarning: 'squared' is deprecated in version 1.4 and will be removed in 1.6. To calculate the root mean squared error, use the function'root_mean_squared_error'.
  warnings.warn(

2025-10-16 21:56:26,320:WARNING:C:\CODING PROJECTS\ts-pycaret\.venv\Lib\site-packages\sklearn\metrics\_regression.py:483: FutureWarning: 'squared' is deprecated in version 1.4 and will be removed in 1.6. To calculate the root mean squared error, use the function'root_mean_squared_error'.
  warnings.warn(

2025-10-16 21:56:26,332:WARNING:C:\CODING PROJECTS\ts-pycaret\.venv\Lib\site-packages\sklearn\metrics\_regression.py:483: FutureWarning: 'squared' is deprecated in version 1.4 and will be removed in 1.6. To calculate the root mean squared error, use the function'root_mean_squared_error'.
  warnings.warn(

2025-10-16 21:56:26,333:WARNING:C:\CODING PROJECTS\ts-pycaret\.venv\Lib\site-packages\sklearn\metrics\_regression.py:483: FutureWarning: 'squared' is deprecated in version 1.4 and will be removed in 1.6. To calculate the root mean squared error, use the function'root_mean_squared_error'.
  warnings.warn(

2025-10-16 21:56:26,333:WARNING:C:\CODING PROJECTS\ts-pycaret\.venv\Lib\site-packages\sklearn\metrics\_regression.py:483: FutureWarning: 'squared' is deprecated in version 1.4 and will be removed in 1.6. To calculate the root mean squared error, use the function'root_mean_squared_error'.
  warnings.warn(

2025-10-16 21:56:26,334:WARNING:C:\CODING PROJECTS\ts-pycaret\.venv\Lib\site-packages\sklearn\metrics\_regression.py:483: FutureWarning: 'squared' is deprecated in version 1.4 and will be removed in 1.6. To calculate the root mean squared error, use the function'root_mean_squared_error'.
  warnings.warn(

2025-10-16 21:56:26,345:INFO:Calculating mean and std
2025-10-16 21:56:26,345:INFO:Creating metrics dataframe
2025-10-16 21:56:26,346:WARNING:C:\CODING PROJECTS\ts-pycaret\.venv\Lib\site-packages\pycaret\time_series\forecasting\oop.py:2694: FutureWarning:

The behavior of DataFrame concatenation with empty or all-NA entries is deprecated. In a future version, this will no longer exclude empty or all-NA columns when determining the result dtypes. To retain the old behavior, exclude the relevant entries before the concat operation.


2025-10-16 21:56:26,348:INFO:Uploading results into container
2025-10-16 21:56:26,348:INFO:Uploading model into container now
2025-10-16 21:56:26,348:INFO:_master_model_container: 26
2025-10-16 21:56:26,348:INFO:_display_container: 2
2025-10-16 21:56:26,349:INFO:BaseCdsDtForecaster(fe_target_rr=[WindowSummarizer(lag_feature={'lag': [12, 11,
                                                                        10, 9,
                                                                        8, 7, 6,
                                                                        5, 4, 3,
                                                                        2, 1]},
                                                   n_jobs=1)],
                    regressor=GradientBoostingRegressor(random_state=123),
                    sp=12, window_length=12)
2025-10-16 21:56:26,349:INFO:create_model() successfully completed......................................
2025-10-16 21:56:26,428:INFO:SubProcess create_model() end ==================================
2025-10-16 21:56:26,428:INFO:Creating metrics dataframe
2025-10-16 21:56:26,430:INFO:Initializing AdaBoost w/ Cond. Deseasonalize & Detrending
2025-10-16 21:56:26,430:INFO:Total runtime is 0.6741527438163758 minutes
2025-10-16 21:56:26,430:INFO:SubProcess create_model() called ==================================
2025-10-16 21:56:26,430:INFO:Initializing create_model()
2025-10-16 21:56:26,430:INFO:create_model(self=<pycaret.time_series.forecasting.oop.TSForecastingExperiment object at 0x0000018FAB9B90D0>, estimator=ada_cds_dt, fold=None, round=4, cross_validation=True, predict=True, fit_kwargs={}, groups=None, refit=False, probability_threshold=None, experiment_custom_tags=None, verbose=False, system=False, add_to_model_list=True, metrics=None, display=<pycaret.internal.display.display.CommonDisplay object at 0x0000018FABC6F350>, model_only=True, return_train_score=False, error_score=raise, kwargs={})
2025-10-16 21:56:26,430:INFO:Checking exceptions
2025-10-16 21:56:26,430:INFO:Importing libraries
2025-10-16 21:56:26,430:INFO:Copying training dataset
2025-10-16 21:56:26,432:INFO:Defining folds
2025-10-16 21:56:26,432:INFO:Declaring metric variables
2025-10-16 21:56:26,432:INFO:Importing untrained model
2025-10-16 21:56:26,432:INFO:AdaBoost w/ Cond. Deseasonalize & Detrending Imported successfully
2025-10-16 21:56:26,433:INFO:Starting cross validation
2025-10-16 21:56:26,434:INFO:Cross validating with ExpandingWindowSplitter(fh=ForecastingHorizon([ 1,  2,  3,  4,  5,  6,  7,  8,  9, 10, 11, 12, 13, 14, 15, 16, 17, 18,
       19, 20, 21, 22, 23, 24],
      dtype='int32', is_relative=True),
                        initial_window=48, step_length=24), n_jobs=-1
2025-10-16 21:56:26,873:WARNING:C:\CODING PROJECTS\ts-pycaret\.venv\Lib\site-packages\sklearn\metrics\_regression.py:483: FutureWarning: 'squared' is deprecated in version 1.4 and will be removed in 1.6. To calculate the root mean squared error, use the function'root_mean_squared_error'.
  warnings.warn(

2025-10-16 21:56:26,874:WARNING:C:\CODING PROJECTS\ts-pycaret\.venv\Lib\site-packages\sklearn\metrics\_regression.py:483: FutureWarning: 'squared' is deprecated in version 1.4 and will be removed in 1.6. To calculate the root mean squared error, use the function'root_mean_squared_error'.
  warnings.warn(

2025-10-16 21:56:26,874:WARNING:C:\CODING PROJECTS\ts-pycaret\.venv\Lib\site-packages\sklearn\metrics\_regression.py:483: FutureWarning: 'squared' is deprecated in version 1.4 and will be removed in 1.6. To calculate the root mean squared error, use the function'root_mean_squared_error'.
  warnings.warn(

2025-10-16 21:56:26,874:WARNING:C:\CODING PROJECTS\ts-pycaret\.venv\Lib\site-packages\sklearn\metrics\_regression.py:483: FutureWarning: 'squared' is deprecated in version 1.4 and will be removed in 1.6. To calculate the root mean squared error, use the function'root_mean_squared_error'.
  warnings.warn(

2025-10-16 21:56:26,876:WARNING:C:\CODING PROJECTS\ts-pycaret\.venv\Lib\site-packages\sklearn\metrics\_regression.py:483: FutureWarning: 'squared' is deprecated in version 1.4 and will be removed in 1.6. To calculate the root mean squared error, use the function'root_mean_squared_error'.
  warnings.warn(

2025-10-16 21:56:26,876:WARNING:C:\CODING PROJECTS\ts-pycaret\.venv\Lib\site-packages\sklearn\metrics\_regression.py:483: FutureWarning: 'squared' is deprecated in version 1.4 and will be removed in 1.6. To calculate the root mean squared error, use the function'root_mean_squared_error'.
  warnings.warn(

2025-10-16 21:56:26,883:INFO:Calculating mean and std
2025-10-16 21:56:26,883:INFO:Creating metrics dataframe
2025-10-16 21:56:26,884:WARNING:C:\CODING PROJECTS\ts-pycaret\.venv\Lib\site-packages\pycaret\time_series\forecasting\oop.py:2694: FutureWarning:

The behavior of DataFrame concatenation with empty or all-NA entries is deprecated. In a future version, this will no longer exclude empty or all-NA columns when determining the result dtypes. To retain the old behavior, exclude the relevant entries before the concat operation.


2025-10-16 21:56:26,886:INFO:Uploading results into container
2025-10-16 21:56:26,886:INFO:Uploading model into container now
2025-10-16 21:56:26,886:INFO:_master_model_container: 27
2025-10-16 21:56:26,886:INFO:_display_container: 2
2025-10-16 21:56:26,887:INFO:BaseCdsDtForecaster(fe_target_rr=[WindowSummarizer(lag_feature={'lag': [12, 11,
                                                                        10, 9,
                                                                        8, 7, 6,
                                                                        5, 4, 3,
                                                                        2, 1]},
                                                   n_jobs=1)],
                    regressor=AdaBoostRegressor(random_state=123), sp=12,
                    window_length=12)
2025-10-16 21:56:26,887:INFO:create_model() successfully completed......................................
2025-10-16 21:56:26,968:INFO:SubProcess create_model() end ==================================
2025-10-16 21:56:26,968:INFO:Creating metrics dataframe
2025-10-16 21:56:26,970:INFO:Initializing Light Gradient Boosting w/ Cond. Deseasonalize & Detrending
2025-10-16 21:56:26,970:INFO:Total runtime is 0.6831582347551982 minutes
2025-10-16 21:56:26,970:INFO:SubProcess create_model() called ==================================
2025-10-16 21:56:26,970:INFO:Initializing create_model()
2025-10-16 21:56:26,970:INFO:create_model(self=<pycaret.time_series.forecasting.oop.TSForecastingExperiment object at 0x0000018FAB9B90D0>, estimator=lightgbm_cds_dt, fold=None, round=4, cross_validation=True, predict=True, fit_kwargs={}, groups=None, refit=False, probability_threshold=None, experiment_custom_tags=None, verbose=False, system=False, add_to_model_list=True, metrics=None, display=<pycaret.internal.display.display.CommonDisplay object at 0x0000018FABC6F350>, model_only=True, return_train_score=False, error_score=raise, kwargs={})
2025-10-16 21:56:26,970:INFO:Checking exceptions
2025-10-16 21:56:26,970:INFO:Importing libraries
2025-10-16 21:56:26,970:INFO:Copying training dataset
2025-10-16 21:56:26,972:INFO:Defining folds
2025-10-16 21:56:26,972:INFO:Declaring metric variables
2025-10-16 21:56:26,972:INFO:Importing untrained model
2025-10-16 21:56:26,973:INFO:Light Gradient Boosting w/ Cond. Deseasonalize & Detrending Imported successfully
2025-10-16 21:56:26,974:INFO:Starting cross validation
2025-10-16 21:56:26,974:INFO:Cross validating with ExpandingWindowSplitter(fh=ForecastingHorizon([ 1,  2,  3,  4,  5,  6,  7,  8,  9, 10, 11, 12, 13, 14, 15, 16, 17, 18,
       19, 20, 21, 22, 23, 24],
      dtype='int32', is_relative=True),
                        initial_window=48, step_length=24), n_jobs=-1
2025-10-16 21:56:27,694:WARNING:C:\CODING PROJECTS\ts-pycaret\.venv\Lib\site-packages\sklearn\metrics\_regression.py:483: FutureWarning: 'squared' is deprecated in version 1.4 and will be removed in 1.6. To calculate the root mean squared error, use the function'root_mean_squared_error'.
  warnings.warn(

2025-10-16 21:56:27,695:WARNING:C:\CODING PROJECTS\ts-pycaret\.venv\Lib\site-packages\sklearn\metrics\_regression.py:483: FutureWarning: 'squared' is deprecated in version 1.4 and will be removed in 1.6. To calculate the root mean squared error, use the function'root_mean_squared_error'.
  warnings.warn(

2025-10-16 21:56:27,724:WARNING:C:\CODING PROJECTS\ts-pycaret\.venv\Lib\site-packages\sklearn\metrics\_regression.py:483: FutureWarning: 'squared' is deprecated in version 1.4 and will be removed in 1.6. To calculate the root mean squared error, use the function'root_mean_squared_error'.
  warnings.warn(

2025-10-16 21:56:27,724:WARNING:C:\CODING PROJECTS\ts-pycaret\.venv\Lib\site-packages\sklearn\metrics\_regression.py:483: FutureWarning: 'squared' is deprecated in version 1.4 and will be removed in 1.6. To calculate the root mean squared error, use the function'root_mean_squared_error'.
  warnings.warn(

2025-10-16 21:56:27,725:WARNING:C:\CODING PROJECTS\ts-pycaret\.venv\Lib\site-packages\sklearn\metrics\_regression.py:483: FutureWarning: 'squared' is deprecated in version 1.4 and will be removed in 1.6. To calculate the root mean squared error, use the function'root_mean_squared_error'.
  warnings.warn(

2025-10-16 21:56:27,725:WARNING:C:\CODING PROJECTS\ts-pycaret\.venv\Lib\site-packages\sklearn\metrics\_regression.py:483: FutureWarning: 'squared' is deprecated in version 1.4 and will be removed in 1.6. To calculate the root mean squared error, use the function'root_mean_squared_error'.
  warnings.warn(

2025-10-16 21:56:27,735:INFO:Calculating mean and std
2025-10-16 21:56:27,736:INFO:Creating metrics dataframe
2025-10-16 21:56:27,737:WARNING:C:\CODING PROJECTS\ts-pycaret\.venv\Lib\site-packages\pycaret\time_series\forecasting\oop.py:2694: FutureWarning:

The behavior of DataFrame concatenation with empty or all-NA entries is deprecated. In a future version, this will no longer exclude empty or all-NA columns when determining the result dtypes. To retain the old behavior, exclude the relevant entries before the concat operation.


2025-10-16 21:56:27,739:INFO:Uploading results into container
2025-10-16 21:56:27,739:INFO:Uploading model into container now
2025-10-16 21:56:27,740:INFO:_master_model_container: 28
2025-10-16 21:56:27,740:INFO:_display_container: 2
2025-10-16 21:56:27,742:INFO:BaseCdsDtForecaster(fe_target_rr=[WindowSummarizer(lag_feature={'lag': [12, 11,
                                                                        10, 9,
                                                                        8, 7, 6,
                                                                        5, 4, 3,
                                                                        2, 1]},
                                                   n_jobs=1)],
                    regressor=LGBMRegressor(n_jobs=-1, random_state=123), sp=12,
                    window_length=12)
2025-10-16 21:56:27,742:INFO:create_model() successfully completed......................................
2025-10-16 21:56:27,849:INFO:SubProcess create_model() end ==================================
2025-10-16 21:56:27,849:INFO:Creating metrics dataframe
2025-10-16 21:56:27,851:WARNING:C:\CODING PROJECTS\ts-pycaret\.venv\Lib\site-packages\pycaret\internal\pycaret_experiment\supervised_experiment.py:339: FutureWarning:

Styler.applymap has been deprecated. Use Styler.map instead.


2025-10-16 21:56:27,852:INFO:Initializing create_model()
2025-10-16 21:56:27,852:INFO:create_model(self=<pycaret.time_series.forecasting.oop.TSForecastingExperiment object at 0x0000018FAB9B90D0>, estimator=ExponentialSmoothing(seasonal='mul', sp=12, trend='add'), fold=None, round=4, cross_validation=False, predict=False, fit_kwargs={}, groups=None, refit=True, probability_threshold=None, experiment_custom_tags=None, verbose=False, system=False, add_to_model_list=True, metrics=None, display=None, model_only=True, return_train_score=False, error_score=0.0, kwargs={})
2025-10-16 21:56:27,852:INFO:Checking exceptions
2025-10-16 21:56:27,852:INFO:Importing libraries
2025-10-16 21:56:27,852:INFO:Copying training dataset
2025-10-16 21:56:27,854:INFO:Defining folds
2025-10-16 21:56:27,854:INFO:Declaring metric variables
2025-10-16 21:56:27,854:INFO:Importing untrained model
2025-10-16 21:56:27,854:INFO:Declaring custom model
2025-10-16 21:56:27,855:INFO:Exponential Smoothing Imported successfully
2025-10-16 21:56:27,855:INFO:Cross validation set to False
2025-10-16 21:56:27,855:INFO:Fitting Model
2025-10-16 21:56:27,905:INFO:ExponentialSmoothing(seasonal='mul', sp=12, trend='add')
2025-10-16 21:56:27,905:INFO:create_model() successfully completed......................................
2025-10-16 21:56:27,999:INFO:Initializing create_model()
2025-10-16 21:56:27,999:INFO:create_model(self=<pycaret.time_series.forecasting.oop.TSForecastingExperiment object at 0x0000018FAB9B90D0>, estimator=ARIMA(seasonal_order=(0, 1, 0, 12)), fold=None, round=4, cross_validation=False, predict=False, fit_kwargs={}, groups=None, refit=True, probability_threshold=None, experiment_custom_tags=None, verbose=False, system=False, add_to_model_list=True, metrics=None, display=None, model_only=True, return_train_score=False, error_score=0.0, kwargs={})
2025-10-16 21:56:27,999:INFO:Checking exceptions
2025-10-16 21:56:27,999:INFO:Importing libraries
2025-10-16 21:56:27,999:INFO:Copying training dataset
2025-10-16 21:56:28,001:INFO:Defining folds
2025-10-16 21:56:28,001:INFO:Declaring metric variables
2025-10-16 21:56:28,001:INFO:Importing untrained model
2025-10-16 21:56:28,001:INFO:Declaring custom model
2025-10-16 21:56:28,002:INFO:ARIMA Imported successfully
2025-10-16 21:56:28,002:INFO:Cross validation set to False
2025-10-16 21:56:28,002:INFO:Fitting Model
2025-10-16 21:56:28,039:INFO:ARIMA(seasonal_order=(0, 1, 0, 12))
2025-10-16 21:56:28,039:INFO:create_model() successfully completed......................................
2025-10-16 21:56:28,121:INFO:Initializing create_model()
2025-10-16 21:56:28,121:INFO:create_model(self=<pycaret.time_series.forecasting.oop.TSForecastingExperiment object at 0x0000018FAB9B90D0>, estimator=STLForecaster(sp=12), fold=None, round=4, cross_validation=False, predict=False, fit_kwargs={}, groups=None, refit=True, probability_threshold=None, experiment_custom_tags=None, verbose=False, system=False, add_to_model_list=True, metrics=None, display=None, model_only=True, return_train_score=False, error_score=0.0, kwargs={})
2025-10-16 21:56:28,121:INFO:Checking exceptions
2025-10-16 21:56:28,121:INFO:Importing libraries
2025-10-16 21:56:28,121:INFO:Copying training dataset
2025-10-16 21:56:28,123:INFO:Defining folds
2025-10-16 21:56:28,123:INFO:Declaring metric variables
2025-10-16 21:56:28,123:INFO:Importing untrained model
2025-10-16 21:56:28,123:INFO:Declaring custom model
2025-10-16 21:56:28,123:INFO:STLF Imported successfully
2025-10-16 21:56:28,123:INFO:Cross validation set to False
2025-10-16 21:56:28,123:INFO:Fitting Model
2025-10-16 21:56:28,132:INFO:STLForecaster(sp=12)
2025-10-16 21:56:28,133:INFO:create_model() successfully completed......................................
2025-10-16 21:56:28,225:INFO:_master_model_container: 28
2025-10-16 21:56:28,225:INFO:_display_container: 2
2025-10-16 21:56:28,226:INFO:[ExponentialSmoothing(seasonal='mul', sp=12, trend='add'), ARIMA(seasonal_order=(0, 1, 0, 12)), STLForecaster(sp=12)]
2025-10-16 21:56:28,226:INFO:compare_models() successfully completed......................................
2025-10-16 21:56:28,234:INFO:Initializing finalize_model()
2025-10-16 21:56:28,235:INFO:finalize_model(self=<pycaret.time_series.forecasting.oop.TSForecastingExperiment object at 0x0000018FAB9B90D0>, estimator=ExponentialSmoothing(seasonal='mul', sp=12, trend='add'), fit_kwargs=None, groups=None, model_only=False, experiment_custom_tags=None)
2025-10-16 21:56:28,235:INFO:Finalizing ExponentialSmoothing(seasonal='mul', sp=12, trend='add')
2025-10-16 21:56:28,236:INFO:Initializing create_model()
2025-10-16 21:56:28,236:INFO:create_model(self=<pycaret.time_series.forecasting.oop.TSForecastingExperiment object at 0x0000018FAB9B90D0>, estimator=ExponentialSmoothing(seasonal='mul', sp=12, trend='add'), fold=None, round=4, cross_validation=False, predict=False, fit_kwargs={}, groups=None, refit=True, probability_threshold=None, experiment_custom_tags=None, verbose=False, system=False, add_to_model_list=False, metrics=None, display=None, model_only=False, return_train_score=False, error_score=0.0, kwargs={})
2025-10-16 21:56:28,236:INFO:Checking exceptions
2025-10-16 21:56:28,237:INFO:Importing libraries
2025-10-16 21:56:28,237:INFO:Copying training dataset
2025-10-16 21:56:28,238:INFO:Defining folds
2025-10-16 21:56:28,238:INFO:Declaring metric variables
2025-10-16 21:56:28,238:INFO:Importing untrained model
2025-10-16 21:56:28,238:INFO:Declaring custom model
2025-10-16 21:56:28,239:INFO:Exponential Smoothing Imported successfully
2025-10-16 21:56:28,239:INFO:Cross validation set to False
2025-10-16 21:56:28,239:INFO:Fitting Model
2025-10-16 21:56:28,293:INFO:ForecastingPipeline(steps=[('forecaster',
                            TransformedTargetForecaster(steps=[('model',
                                                                ExponentialSmoothing(seasonal='mul',
                                                                                     sp=12,
                                                                                     trend='add'))]))])
2025-10-16 21:56:28,294:INFO:create_model() successfully completed......................................
2025-10-16 21:56:28,374:INFO:_master_model_container: 28
2025-10-16 21:56:28,374:INFO:_display_container: 2
2025-10-16 21:56:28,377:INFO:ForecastingPipeline(steps=[('forecaster',
                            TransformedTargetForecaster(steps=[('model',
                                                                ExponentialSmoothing(seasonal='mul',
                                                                                     sp=12,
                                                                                     trend='add'))]))])
2025-10-16 21:56:28,377:INFO:finalize_model() successfully completed......................................
2025-10-16 21:56:28,451:WARNING:predict_model >> Prediction Indices do not match test indices. Metrics will not be displayed.
2025-10-16 21:56:28,534:WARNING:C:\CODING PROJECTS\ts-pycaret\.venv\Lib\site-packages\sklearn\metrics\_regression.py:483: FutureWarning:

'squared' is deprecated in version 1.4 and will be removed in 1.6. To calculate the root mean squared error, use the function'root_mean_squared_error'.


2025-10-16 21:56:28,534:WARNING:C:\CODING PROJECTS\ts-pycaret\.venv\Lib\site-packages\sklearn\metrics\_regression.py:483: FutureWarning:

'squared' is deprecated in version 1.4 and will be removed in 1.6. To calculate the root mean squared error, use the function'root_mean_squared_error'.


2025-10-16 21:56:28,535:WARNING:C:\CODING PROJECTS\ts-pycaret\.venv\Lib\site-packages\sklearn\metrics\_regression.py:483: FutureWarning:

'squared' is deprecated in version 1.4 and will be removed in 1.6. To calculate the root mean squared error, use the function'root_mean_squared_error'.


2025-10-16 21:56:30,273:INFO:Visual not rendered because `return_fig=True`.
2025-10-16 21:58:39,110:WARNING:
'prophet' is a soft dependency and not included in the pycaret installation. Please run: `pip install prophet` to install.
2025-10-16 21:58:39,647:INFO:PyCaret TSForecastingExperiment
2025-10-16 21:58:39,647:INFO:Logging name: ts-default-name
2025-10-16 21:58:39,647:INFO:ML Usecase: MLUsecase.TIME_SERIES
2025-10-16 21:58:39,647:INFO:version 3.3.2
2025-10-16 21:58:39,647:INFO:Initializing setup()
2025-10-16 21:58:39,647:INFO:self.USI: ef3f
2025-10-16 21:58:39,647:INFO:self._variable_keys: {'y_test_transformed', 'html_param', 'exp_name_log', 'fold_param', 'X_test', 'primary_sp_to_use', 'y_transformed', 'fold_generator', 'candidate_sps', 'memory', 'data', 'n_jobs_param', 'fh', 'X', 'approach_type', 'gpu_param', 'pipeline', 'log_plots_param', 'X_transformed', 'y_train', 'all_sps_to_use', 'enforce_exogenous', '_ml_usecase', 'y', 'USI', 'y_train_transformed', 'exogenous_present', 'X_train', 'seasonality_present', 'logging_param', 'X_train_transformed', 'idx', 'enforce_pi', 'significant_sps_no_harmonics', 'X_test_transformed', 'model_engines', 'index_type', 'significant_sps', 'gpu_n_jobs_param', 'y_test', 'strictly_positive', 'seed', '_available_plots', 'exp_id'}
2025-10-16 21:58:39,647:INFO:Checking environment
2025-10-16 21:58:39,647:INFO:python_version: 3.11.13
2025-10-16 21:58:39,647:INFO:python_build: ('main', 'Sep  2 2025 14:14:37')
2025-10-16 21:58:39,647:INFO:machine: AMD64
2025-10-16 21:58:39,654:INFO:platform: Windows-10-10.0.26100-SP0
2025-10-16 21:58:39,654:INFO:Memory: svmem(total=34269642752, available=22724984832, percent=33.7, used=11544657920, free=22724984832)
2025-10-16 21:58:39,654:INFO:Physical Core: 8
2025-10-16 21:58:39,654:INFO:Logical Core: 16
2025-10-16 21:58:39,654:INFO:Checking libraries
2025-10-16 21:58:39,654:INFO:System:
2025-10-16 21:58:39,654:INFO:    python: 3.11.13 (main, Sep  2 2025, 14:14:37) [MSC v.1944 64 bit (AMD64)]
2025-10-16 21:58:39,654:INFO:executable: C:\CODING PROJECTS\ts-pycaret\.venv\Scripts\python.exe
2025-10-16 21:58:39,654:INFO:   machine: Windows-10-10.0.26100-SP0
2025-10-16 21:58:39,654:INFO:PyCaret required dependencies:
2025-10-16 21:58:39,654:WARNING:C:\CODING PROJECTS\ts-pycaret\.venv\Lib\site-packages\_distutils_hack\__init__.py:30: UserWarning:

Setuptools is replacing distutils. Support for replacing an already imported distutils is deprecated. In the future, this condition will fail. Register concerns at https://github.com/pypa/setuptools/issues/new?template=distutils-deprecation.yml


2025-10-16 21:58:39,682:INFO:                 pip: Not installed
2025-10-16 21:58:39,683:INFO:          setuptools: 80.9.0
2025-10-16 21:58:39,683:INFO:             pycaret: 3.3.2
2025-10-16 21:58:39,683:INFO:             IPython: 9.6.0
2025-10-16 21:58:39,683:INFO:          ipywidgets: 8.1.7
2025-10-16 21:58:39,683:INFO:                tqdm: 4.67.1
2025-10-16 21:58:39,683:INFO:               numpy: 1.26.4
2025-10-16 21:58:39,683:INFO:              pandas: 2.1.4
2025-10-16 21:58:39,683:INFO:              jinja2: 3.1.6
2025-10-16 21:58:39,683:INFO:               scipy: 1.11.4
2025-10-16 21:58:39,683:INFO:              joblib: 1.3.2
2025-10-16 21:58:39,683:INFO:             sklearn: 1.4.2
2025-10-16 21:58:39,683:INFO:                pyod: 2.0.5
2025-10-16 21:58:39,683:INFO:            imblearn: 0.14.0
2025-10-16 21:58:39,683:INFO:   category_encoders: 2.7.0
2025-10-16 21:58:39,683:INFO:            lightgbm: 4.6.0
2025-10-16 21:58:39,683:INFO:               numba: 0.62.1
2025-10-16 21:58:39,683:INFO:            requests: 2.32.5
2025-10-16 21:58:39,683:INFO:          matplotlib: 3.7.5
2025-10-16 21:58:39,683:INFO:          scikitplot: 0.3.7
2025-10-16 21:58:39,683:INFO:         yellowbrick: 1.5
2025-10-16 21:58:39,683:INFO:              plotly: 6.3.1
2025-10-16 21:58:39,683:INFO:    plotly-resampler: Not installed
2025-10-16 21:58:39,683:INFO:             kaleido: 1.1.0
2025-10-16 21:58:39,683:INFO:           schemdraw: 0.15
2025-10-16 21:58:39,683:INFO:         statsmodels: 0.14.5
2025-10-16 21:58:39,683:INFO:              sktime: 0.26.0
2025-10-16 21:58:39,683:INFO:               tbats: 1.1.3
2025-10-16 21:58:39,683:INFO:            pmdarima: 2.0.4
2025-10-16 21:58:39,683:INFO:              psutil: 7.1.0
2025-10-16 21:58:39,683:INFO:          markupsafe: 3.0.3
2025-10-16 21:58:39,683:INFO:             pickle5: Not installed
2025-10-16 21:58:39,683:INFO:         cloudpickle: 3.1.1
2025-10-16 21:58:39,683:INFO:         deprecation: 2.1.0
2025-10-16 21:58:39,683:INFO:              xxhash: 3.6.0
2025-10-16 21:58:39,683:INFO:           wurlitzer: Not installed
2025-10-16 21:58:39,683:INFO:PyCaret optional dependencies:
2025-10-16 21:58:39,690:INFO:                shap: Not installed
2025-10-16 21:58:39,690:INFO:           interpret: Not installed
2025-10-16 21:58:39,690:INFO:                umap: Not installed
2025-10-16 21:58:39,690:INFO:     ydata_profiling: Not installed
2025-10-16 21:58:39,690:INFO:  explainerdashboard: Not installed
2025-10-16 21:58:39,690:INFO:             autoviz: Not installed
2025-10-16 21:58:39,690:INFO:           fairlearn: Not installed
2025-10-16 21:58:39,690:INFO:          deepchecks: Not installed
2025-10-16 21:58:39,690:INFO:             xgboost: Not installed
2025-10-16 21:58:39,690:INFO:            catboost: Not installed
2025-10-16 21:58:39,690:INFO:              kmodes: Not installed
2025-10-16 21:58:39,690:INFO:             mlxtend: Not installed
2025-10-16 21:58:39,690:INFO:       statsforecast: Not installed
2025-10-16 21:58:39,691:INFO:        tune_sklearn: Not installed
2025-10-16 21:58:39,691:INFO:                 ray: Not installed
2025-10-16 21:58:39,691:INFO:            hyperopt: Not installed
2025-10-16 21:58:39,691:INFO:              optuna: Not installed
2025-10-16 21:58:39,691:INFO:               skopt: Not installed
2025-10-16 21:58:39,691:INFO:              mlflow: Not installed
2025-10-16 21:58:39,691:INFO:              gradio: Not installed
2025-10-16 21:58:39,691:INFO:             fastapi: Not installed
2025-10-16 21:58:39,691:INFO:             uvicorn: Not installed
2025-10-16 21:58:39,691:INFO:              m2cgen: Not installed
2025-10-16 21:58:39,691:INFO:           evidently: Not installed
2025-10-16 21:58:39,691:INFO:               fugue: Not installed
2025-10-16 21:58:39,691:INFO:           streamlit: Not installed
2025-10-16 21:58:39,691:INFO:             prophet: Not installed
2025-10-16 21:58:39,691:INFO:None
2025-10-16 21:58:39,692:INFO:Set Forecast Horizon.
2025-10-16 21:58:39,692:INFO:Set up Train-Test Splits.
2025-10-16 21:58:39,708:INFO:Finished creating preprocessing pipeline.
2025-10-16 21:58:39,710:INFO:Pipeline: ForecastingPipeline(steps=[('forecaster',
                            TransformedTargetForecaster(steps=[('model',
                                                                DummyForecaster())]))])
2025-10-16 21:58:39,710:INFO:Set up Seasonal Period.
2025-10-16 21:58:39,715:INFO:Setting the seasonal component type - 'add' or 'mul'.
2025-10-16 21:58:39,715:INFO:Checking if data is strictly positive.
2025-10-16 21:58:39,732:INFO:Creating final display dataframe.
2025-10-16 21:58:39,739:INFO:Setup Display Container:                                          Description                         Value
0                                         session_id                           123
1                                             Target  Number of airline passengers
2                                           Approach                    Univariate
3                                Exogenous Variables                   Not Present
4                                Original data shape                      (144, 1)
5                             Transformed data shape                      (144, 1)
6                        Transformed train set shape                      (120, 1)
7                         Transformed test set shape                       (24, 1)
8                           Rows with missing values                          0.0%
9                                     Fold Generator       ExpandingWindowSplitter
10                                       Fold Number                             3
11                       Enforce Prediction Interval                         False
12                   Splits used for hyperparameters                           all
13                   User Defined Seasonal Period(s)                          None
14                           Ignore Seasonality Test                         False
15                        Seasonality Detection Algo                          auto
16                            Max Period to Consider                            60
17                         Seasonal Period(s) Tested          [12, 24, 36, 11, 48]
18                    Significant Seasonal Period(s)          [12, 24, 36, 11, 48]
19  Significant Seasonal Period(s) without Harmonics                  [48, 36, 11]
20                                  Remove Harmonics                         False
21                            Harmonics Order Method                  harmonic_max
22                          Num Seasonalities to Use                             1
23                          All Seasonalities to Use                          [12]
24                               Primary Seasonality                            12
25                               Seasonality Present                          True
26                                  Seasonality Type                           mul
27                          Target Strictly Positive                          True
28                                Target White Noise                            No
29                                     Recommended d                             1
30                            Recommended Seasonal D                             1
31                                        Preprocess                         False
32                                          CPU Jobs                            -1
33                                           Use GPU                         False
34                                    Log Experiment                         False
35                                   Experiment Name               ts-default-name
36                                               USI                          ef3f
2025-10-16 21:58:39,739:INFO:Engine successfully changes for model 'auto_arima' to 'pmdarima'.
2025-10-16 21:58:39,764:WARNING:
'prophet' is a soft dependency and not included in the pycaret installation. Please run: `pip install prophet` to install.
2025-10-16 21:58:39,764:INFO:Engine for model 'lr_cds_dt' has not been set explicitly, hence returning None.
2025-10-16 21:58:39,764:INFO:Engine for model 'en_cds_dt' has not been set explicitly, hence returning None.
2025-10-16 21:58:39,764:INFO:Engine for model 'ridge_cds_dt' has not been set explicitly, hence returning None.
2025-10-16 21:58:39,764:INFO:Engine for model 'lasso_cds_dt' has not been set explicitly, hence returning None.
2025-10-16 21:58:39,765:INFO:Engine for model 'llar_cds_dt' has not been set explicitly, hence returning None.
2025-10-16 21:58:39,765:INFO:Engine for model 'br_cds_dt' has not been set explicitly, hence returning None.
2025-10-16 21:58:39,765:INFO:Engine for model 'huber_cds_dt' has not been set explicitly, hence returning None.
2025-10-16 21:58:39,766:INFO:Engine for model 'omp_cds_dt' has not been set explicitly, hence returning None.
2025-10-16 21:58:39,767:INFO:Engine for model 'knn_cds_dt' has not been set explicitly, hence returning None.
2025-10-16 21:58:39,767:INFO:Engine for model 'dt_cds_dt' has not been set explicitly, hence returning None.
2025-10-16 21:58:39,767:INFO:Engine for model 'rf_cds_dt' has not been set explicitly, hence returning None.
2025-10-16 21:58:39,768:INFO:Engine for model 'et_cds_dt' has not been set explicitly, hence returning None.
2025-10-16 21:58:39,768:INFO:Engine for model 'gbr_cds_dt' has not been set explicitly, hence returning None.
2025-10-16 21:58:39,768:INFO:Engine for model 'ada_cds_dt' has not been set explicitly, hence returning None.
2025-10-16 21:58:39,768:INFO:Engine for model 'xgboost_cds_dt' has not been set explicitly, hence returning None.
2025-10-16 21:58:39,768:WARNING:
'xgboost' is a soft dependency and not included in the pycaret installation. Please run: `pip install xgboost` to install.
Alternately, you can install this by running `pip install pycaret[models]`
2025-10-16 21:58:39,768:WARNING:
'xgboost' is a soft dependency and not included in the pycaret installation. Please run: `pip install xgboost` to install.
Alternately, you can install this by running `pip install pycaret[models]`
2025-10-16 21:58:39,768:INFO:Engine for model 'lightgbm_cds_dt' has not been set explicitly, hence returning None.
2025-10-16 21:58:39,768:INFO:Engine for model 'catboost_cds_dt' has not been set explicitly, hence returning None.
2025-10-16 21:58:39,769:WARNING:
'catboost' is a soft dependency and not included in the pycaret installation. Please run: `pip install catboost` to install.
Alternately, you can install this by running `pip install pycaret[models]`
2025-10-16 21:58:39,769:WARNING:
'catboost' is a soft dependency and not included in the pycaret installation. Please run: `pip install catboost` to install.
Alternately, you can install this by running `pip install pycaret[models]`
2025-10-16 21:58:39,770:WARNING:
'prophet' is a soft dependency and not included in the pycaret installation. Please run: `pip install prophet` to install.
2025-10-16 21:58:39,770:INFO:Engine for model 'lr_cds_dt' has not been set explicitly, hence returning None.
2025-10-16 21:58:39,770:INFO:Engine for model 'en_cds_dt' has not been set explicitly, hence returning None.
2025-10-16 21:58:39,770:INFO:Engine for model 'ridge_cds_dt' has not been set explicitly, hence returning None.
2025-10-16 21:58:39,771:INFO:Engine for model 'lasso_cds_dt' has not been set explicitly, hence returning None.
2025-10-16 21:58:39,771:INFO:Engine for model 'llar_cds_dt' has not been set explicitly, hence returning None.
2025-10-16 21:58:39,771:INFO:Engine for model 'br_cds_dt' has not been set explicitly, hence returning None.
2025-10-16 21:58:39,771:INFO:Engine for model 'huber_cds_dt' has not been set explicitly, hence returning None.
2025-10-16 21:58:39,772:INFO:Engine for model 'omp_cds_dt' has not been set explicitly, hence returning None.
2025-10-16 21:58:39,772:INFO:Engine for model 'knn_cds_dt' has not been set explicitly, hence returning None.
2025-10-16 21:58:39,772:INFO:Engine for model 'dt_cds_dt' has not been set explicitly, hence returning None.
2025-10-16 21:58:39,773:INFO:Engine for model 'rf_cds_dt' has not been set explicitly, hence returning None.
2025-10-16 21:58:39,773:INFO:Engine for model 'et_cds_dt' has not been set explicitly, hence returning None.
2025-10-16 21:58:39,773:INFO:Engine for model 'gbr_cds_dt' has not been set explicitly, hence returning None.
2025-10-16 21:58:39,773:INFO:Engine for model 'ada_cds_dt' has not been set explicitly, hence returning None.
2025-10-16 21:58:39,773:INFO:Engine for model 'xgboost_cds_dt' has not been set explicitly, hence returning None.
2025-10-16 21:58:39,773:WARNING:
'xgboost' is a soft dependency and not included in the pycaret installation. Please run: `pip install xgboost` to install.
Alternately, you can install this by running `pip install pycaret[models]`
2025-10-16 21:58:39,773:WARNING:
'xgboost' is a soft dependency and not included in the pycaret installation. Please run: `pip install xgboost` to install.
Alternately, you can install this by running `pip install pycaret[models]`
2025-10-16 21:58:39,773:INFO:Engine for model 'lightgbm_cds_dt' has not been set explicitly, hence returning None.
2025-10-16 21:58:39,774:INFO:Engine for model 'catboost_cds_dt' has not been set explicitly, hence returning None.
2025-10-16 21:58:39,774:WARNING:
'catboost' is a soft dependency and not included in the pycaret installation. Please run: `pip install catboost` to install.
Alternately, you can install this by running `pip install pycaret[models]`
2025-10-16 21:58:39,774:WARNING:
'catboost' is a soft dependency and not included in the pycaret installation. Please run: `pip install catboost` to install.
Alternately, you can install this by running `pip install pycaret[models]`
2025-10-16 21:58:39,774:INFO:Engine successfully changes for model 'lr_cds_dt' to 'sklearn'.
2025-10-16 21:58:39,775:WARNING:
'prophet' is a soft dependency and not included in the pycaret installation. Please run: `pip install prophet` to install.
2025-10-16 21:58:39,775:INFO:Engine for model 'en_cds_dt' has not been set explicitly, hence returning None.
2025-10-16 21:58:39,776:INFO:Engine for model 'ridge_cds_dt' has not been set explicitly, hence returning None.
2025-10-16 21:58:39,776:INFO:Engine for model 'lasso_cds_dt' has not been set explicitly, hence returning None.
2025-10-16 21:58:39,776:INFO:Engine for model 'llar_cds_dt' has not been set explicitly, hence returning None.
2025-10-16 21:58:39,776:INFO:Engine for model 'br_cds_dt' has not been set explicitly, hence returning None.
2025-10-16 21:58:39,776:INFO:Engine for model 'huber_cds_dt' has not been set explicitly, hence returning None.
2025-10-16 21:58:39,777:INFO:Engine for model 'omp_cds_dt' has not been set explicitly, hence returning None.
2025-10-16 21:58:39,777:INFO:Engine for model 'knn_cds_dt' has not been set explicitly, hence returning None.
2025-10-16 21:58:39,778:INFO:Engine for model 'dt_cds_dt' has not been set explicitly, hence returning None.
2025-10-16 21:58:39,778:INFO:Engine for model 'rf_cds_dt' has not been set explicitly, hence returning None.
2025-10-16 21:58:39,778:INFO:Engine for model 'et_cds_dt' has not been set explicitly, hence returning None.
2025-10-16 21:58:39,778:INFO:Engine for model 'gbr_cds_dt' has not been set explicitly, hence returning None.
2025-10-16 21:58:39,778:INFO:Engine for model 'ada_cds_dt' has not been set explicitly, hence returning None.
2025-10-16 21:58:39,779:INFO:Engine for model 'xgboost_cds_dt' has not been set explicitly, hence returning None.
2025-10-16 21:58:39,779:WARNING:
'xgboost' is a soft dependency and not included in the pycaret installation. Please run: `pip install xgboost` to install.
Alternately, you can install this by running `pip install pycaret[models]`
2025-10-16 21:58:39,779:WARNING:
'xgboost' is a soft dependency and not included in the pycaret installation. Please run: `pip install xgboost` to install.
Alternately, you can install this by running `pip install pycaret[models]`
2025-10-16 21:58:39,779:INFO:Engine for model 'lightgbm_cds_dt' has not been set explicitly, hence returning None.
2025-10-16 21:58:39,779:INFO:Engine for model 'catboost_cds_dt' has not been set explicitly, hence returning None.
2025-10-16 21:58:39,779:WARNING:
'catboost' is a soft dependency and not included in the pycaret installation. Please run: `pip install catboost` to install.
Alternately, you can install this by running `pip install pycaret[models]`
2025-10-16 21:58:39,779:WARNING:
'catboost' is a soft dependency and not included in the pycaret installation. Please run: `pip install catboost` to install.
Alternately, you can install this by running `pip install pycaret[models]`
2025-10-16 21:58:39,780:WARNING:
'prophet' is a soft dependency and not included in the pycaret installation. Please run: `pip install prophet` to install.
2025-10-16 21:58:39,780:INFO:Engine for model 'en_cds_dt' has not been set explicitly, hence returning None.
2025-10-16 21:58:39,781:INFO:Engine for model 'ridge_cds_dt' has not been set explicitly, hence returning None.
2025-10-16 21:58:39,781:INFO:Engine for model 'lasso_cds_dt' has not been set explicitly, hence returning None.
2025-10-16 21:58:39,781:INFO:Engine for model 'llar_cds_dt' has not been set explicitly, hence returning None.
2025-10-16 21:58:39,781:INFO:Engine for model 'br_cds_dt' has not been set explicitly, hence returning None.
2025-10-16 21:58:39,781:INFO:Engine for model 'huber_cds_dt' has not been set explicitly, hence returning None.
2025-10-16 21:58:39,782:INFO:Engine for model 'omp_cds_dt' has not been set explicitly, hence returning None.
2025-10-16 21:58:39,783:INFO:Engine for model 'knn_cds_dt' has not been set explicitly, hence returning None.
2025-10-16 21:58:39,783:INFO:Engine for model 'dt_cds_dt' has not been set explicitly, hence returning None.
2025-10-16 21:58:39,783:INFO:Engine for model 'rf_cds_dt' has not been set explicitly, hence returning None.
2025-10-16 21:58:39,783:INFO:Engine for model 'et_cds_dt' has not been set explicitly, hence returning None.
2025-10-16 21:58:39,783:INFO:Engine for model 'gbr_cds_dt' has not been set explicitly, hence returning None.
2025-10-16 21:58:39,783:INFO:Engine for model 'ada_cds_dt' has not been set explicitly, hence returning None.
2025-10-16 21:58:39,784:INFO:Engine for model 'xgboost_cds_dt' has not been set explicitly, hence returning None.
2025-10-16 21:58:39,784:WARNING:
'xgboost' is a soft dependency and not included in the pycaret installation. Please run: `pip install xgboost` to install.
Alternately, you can install this by running `pip install pycaret[models]`
2025-10-16 21:58:39,784:WARNING:
'xgboost' is a soft dependency and not included in the pycaret installation. Please run: `pip install xgboost` to install.
Alternately, you can install this by running `pip install pycaret[models]`
2025-10-16 21:58:39,784:INFO:Engine for model 'lightgbm_cds_dt' has not been set explicitly, hence returning None.
2025-10-16 21:58:39,784:INFO:Engine for model 'catboost_cds_dt' has not been set explicitly, hence returning None.
2025-10-16 21:58:39,784:WARNING:
'catboost' is a soft dependency and not included in the pycaret installation. Please run: `pip install catboost` to install.
Alternately, you can install this by running `pip install pycaret[models]`
2025-10-16 21:58:39,784:WARNING:
'catboost' is a soft dependency and not included in the pycaret installation. Please run: `pip install catboost` to install.
Alternately, you can install this by running `pip install pycaret[models]`
2025-10-16 21:58:39,784:INFO:Engine successfully changes for model 'en_cds_dt' to 'sklearn'.
2025-10-16 21:58:39,785:WARNING:
'prophet' is a soft dependency and not included in the pycaret installation. Please run: `pip install prophet` to install.
2025-10-16 21:58:39,786:INFO:Engine for model 'ridge_cds_dt' has not been set explicitly, hence returning None.
2025-10-16 21:58:39,786:INFO:Engine for model 'lasso_cds_dt' has not been set explicitly, hence returning None.
2025-10-16 21:58:39,786:INFO:Engine for model 'llar_cds_dt' has not been set explicitly, hence returning None.
2025-10-16 21:58:39,786:INFO:Engine for model 'br_cds_dt' has not been set explicitly, hence returning None.
2025-10-16 21:58:39,786:INFO:Engine for model 'huber_cds_dt' has not been set explicitly, hence returning None.
2025-10-16 21:58:39,787:INFO:Engine for model 'omp_cds_dt' has not been set explicitly, hence returning None.
2025-10-16 21:58:39,788:INFO:Engine for model 'knn_cds_dt' has not been set explicitly, hence returning None.
2025-10-16 21:58:39,788:INFO:Engine for model 'dt_cds_dt' has not been set explicitly, hence returning None.
2025-10-16 21:58:39,788:INFO:Engine for model 'rf_cds_dt' has not been set explicitly, hence returning None.
2025-10-16 21:58:39,788:INFO:Engine for model 'et_cds_dt' has not been set explicitly, hence returning None.
2025-10-16 21:58:39,788:INFO:Engine for model 'gbr_cds_dt' has not been set explicitly, hence returning None.
2025-10-16 21:58:39,788:INFO:Engine for model 'ada_cds_dt' has not been set explicitly, hence returning None.
2025-10-16 21:58:39,789:INFO:Engine for model 'xgboost_cds_dt' has not been set explicitly, hence returning None.
2025-10-16 21:58:39,789:WARNING:
'xgboost' is a soft dependency and not included in the pycaret installation. Please run: `pip install xgboost` to install.
Alternately, you can install this by running `pip install pycaret[models]`
2025-10-16 21:58:39,789:WARNING:
'xgboost' is a soft dependency and not included in the pycaret installation. Please run: `pip install xgboost` to install.
Alternately, you can install this by running `pip install pycaret[models]`
2025-10-16 21:58:39,789:INFO:Engine for model 'lightgbm_cds_dt' has not been set explicitly, hence returning None.
2025-10-16 21:58:39,789:INFO:Engine for model 'catboost_cds_dt' has not been set explicitly, hence returning None.
2025-10-16 21:58:39,789:WARNING:
'catboost' is a soft dependency and not included in the pycaret installation. Please run: `pip install catboost` to install.
Alternately, you can install this by running `pip install pycaret[models]`
2025-10-16 21:58:39,789:WARNING:
'catboost' is a soft dependency and not included in the pycaret installation. Please run: `pip install catboost` to install.
Alternately, you can install this by running `pip install pycaret[models]`
2025-10-16 21:58:39,790:WARNING:
'prophet' is a soft dependency and not included in the pycaret installation. Please run: `pip install prophet` to install.
2025-10-16 21:58:39,791:INFO:Engine for model 'ridge_cds_dt' has not been set explicitly, hence returning None.
2025-10-16 21:58:39,791:INFO:Engine for model 'lasso_cds_dt' has not been set explicitly, hence returning None.
2025-10-16 21:58:39,791:INFO:Engine for model 'llar_cds_dt' has not been set explicitly, hence returning None.
2025-10-16 21:58:39,791:INFO:Engine for model 'br_cds_dt' has not been set explicitly, hence returning None.
2025-10-16 21:58:39,791:INFO:Engine for model 'huber_cds_dt' has not been set explicitly, hence returning None.
2025-10-16 21:58:39,792:INFO:Engine for model 'omp_cds_dt' has not been set explicitly, hence returning None.
2025-10-16 21:58:39,793:INFO:Engine for model 'knn_cds_dt' has not been set explicitly, hence returning None.
2025-10-16 21:58:39,793:INFO:Engine for model 'dt_cds_dt' has not been set explicitly, hence returning None.
2025-10-16 21:58:39,793:INFO:Engine for model 'rf_cds_dt' has not been set explicitly, hence returning None.
2025-10-16 21:58:39,793:INFO:Engine for model 'et_cds_dt' has not been set explicitly, hence returning None.
2025-10-16 21:58:39,793:INFO:Engine for model 'gbr_cds_dt' has not been set explicitly, hence returning None.
2025-10-16 21:58:39,793:INFO:Engine for model 'ada_cds_dt' has not been set explicitly, hence returning None.
2025-10-16 21:58:39,794:INFO:Engine for model 'xgboost_cds_dt' has not been set explicitly, hence returning None.
2025-10-16 21:58:39,794:WARNING:
'xgboost' is a soft dependency and not included in the pycaret installation. Please run: `pip install xgboost` to install.
Alternately, you can install this by running `pip install pycaret[models]`
2025-10-16 21:58:39,794:WARNING:
'xgboost' is a soft dependency and not included in the pycaret installation. Please run: `pip install xgboost` to install.
Alternately, you can install this by running `pip install pycaret[models]`
2025-10-16 21:58:39,794:INFO:Engine for model 'lightgbm_cds_dt' has not been set explicitly, hence returning None.
2025-10-16 21:58:39,794:INFO:Engine for model 'catboost_cds_dt' has not been set explicitly, hence returning None.
2025-10-16 21:58:39,794:WARNING:
'catboost' is a soft dependency and not included in the pycaret installation. Please run: `pip install catboost` to install.
Alternately, you can install this by running `pip install pycaret[models]`
2025-10-16 21:58:39,794:WARNING:
'catboost' is a soft dependency and not included in the pycaret installation. Please run: `pip install catboost` to install.
Alternately, you can install this by running `pip install pycaret[models]`
2025-10-16 21:58:39,794:INFO:Engine successfully changes for model 'ridge_cds_dt' to 'sklearn'.
2025-10-16 21:58:39,795:WARNING:
'prophet' is a soft dependency and not included in the pycaret installation. Please run: `pip install prophet` to install.
2025-10-16 21:58:39,796:INFO:Engine for model 'lasso_cds_dt' has not been set explicitly, hence returning None.
2025-10-16 21:58:39,796:INFO:Engine for model 'llar_cds_dt' has not been set explicitly, hence returning None.
2025-10-16 21:58:39,796:INFO:Engine for model 'br_cds_dt' has not been set explicitly, hence returning None.
2025-10-16 21:58:39,796:INFO:Engine for model 'huber_cds_dt' has not been set explicitly, hence returning None.
2025-10-16 21:58:39,797:INFO:Engine for model 'omp_cds_dt' has not been set explicitly, hence returning None.
2025-10-16 21:58:39,797:INFO:Engine for model 'knn_cds_dt' has not been set explicitly, hence returning None.
2025-10-16 21:58:39,798:INFO:Engine for model 'dt_cds_dt' has not been set explicitly, hence returning None.
2025-10-16 21:58:39,798:INFO:Engine for model 'rf_cds_dt' has not been set explicitly, hence returning None.
2025-10-16 21:58:39,798:INFO:Engine for model 'et_cds_dt' has not been set explicitly, hence returning None.
2025-10-16 21:58:39,798:INFO:Engine for model 'gbr_cds_dt' has not been set explicitly, hence returning None.
2025-10-16 21:58:39,798:INFO:Engine for model 'ada_cds_dt' has not been set explicitly, hence returning None.
2025-10-16 21:58:39,798:INFO:Engine for model 'xgboost_cds_dt' has not been set explicitly, hence returning None.
2025-10-16 21:58:39,799:WARNING:
'xgboost' is a soft dependency and not included in the pycaret installation. Please run: `pip install xgboost` to install.
Alternately, you can install this by running `pip install pycaret[models]`
2025-10-16 21:58:39,799:WARNING:
'xgboost' is a soft dependency and not included in the pycaret installation. Please run: `pip install xgboost` to install.
Alternately, you can install this by running `pip install pycaret[models]`
2025-10-16 21:58:39,799:INFO:Engine for model 'lightgbm_cds_dt' has not been set explicitly, hence returning None.
2025-10-16 21:58:39,799:INFO:Engine for model 'catboost_cds_dt' has not been set explicitly, hence returning None.
2025-10-16 21:58:39,799:WARNING:
'catboost' is a soft dependency and not included in the pycaret installation. Please run: `pip install catboost` to install.
Alternately, you can install this by running `pip install pycaret[models]`
2025-10-16 21:58:39,799:WARNING:
'catboost' is a soft dependency and not included in the pycaret installation. Please run: `pip install catboost` to install.
Alternately, you can install this by running `pip install pycaret[models]`
2025-10-16 21:58:39,800:WARNING:
'prophet' is a soft dependency and not included in the pycaret installation. Please run: `pip install prophet` to install.
2025-10-16 21:58:39,801:INFO:Engine for model 'lasso_cds_dt' has not been set explicitly, hence returning None.
2025-10-16 21:58:39,801:INFO:Engine for model 'llar_cds_dt' has not been set explicitly, hence returning None.
2025-10-16 21:58:39,801:INFO:Engine for model 'br_cds_dt' has not been set explicitly, hence returning None.
2025-10-16 21:58:39,801:INFO:Engine for model 'huber_cds_dt' has not been set explicitly, hence returning None.
2025-10-16 21:58:39,802:INFO:Engine for model 'omp_cds_dt' has not been set explicitly, hence returning None.
2025-10-16 21:58:39,802:INFO:Engine for model 'knn_cds_dt' has not been set explicitly, hence returning None.
2025-10-16 21:58:39,803:INFO:Engine for model 'dt_cds_dt' has not been set explicitly, hence returning None.
2025-10-16 21:58:39,803:INFO:Engine for model 'rf_cds_dt' has not been set explicitly, hence returning None.
2025-10-16 21:58:39,803:INFO:Engine for model 'et_cds_dt' has not been set explicitly, hence returning None.
2025-10-16 21:58:39,803:INFO:Engine for model 'gbr_cds_dt' has not been set explicitly, hence returning None.
2025-10-16 21:58:39,803:INFO:Engine for model 'ada_cds_dt' has not been set explicitly, hence returning None.
2025-10-16 21:58:39,803:INFO:Engine for model 'xgboost_cds_dt' has not been set explicitly, hence returning None.
2025-10-16 21:58:39,803:WARNING:
'xgboost' is a soft dependency and not included in the pycaret installation. Please run: `pip install xgboost` to install.
Alternately, you can install this by running `pip install pycaret[models]`
2025-10-16 21:58:39,803:WARNING:
'xgboost' is a soft dependency and not included in the pycaret installation. Please run: `pip install xgboost` to install.
Alternately, you can install this by running `pip install pycaret[models]`
2025-10-16 21:58:39,804:INFO:Engine for model 'lightgbm_cds_dt' has not been set explicitly, hence returning None.
2025-10-16 21:58:39,804:INFO:Engine for model 'catboost_cds_dt' has not been set explicitly, hence returning None.
2025-10-16 21:58:39,804:WARNING:
'catboost' is a soft dependency and not included in the pycaret installation. Please run: `pip install catboost` to install.
Alternately, you can install this by running `pip install pycaret[models]`
2025-10-16 21:58:39,804:WARNING:
'catboost' is a soft dependency and not included in the pycaret installation. Please run: `pip install catboost` to install.
Alternately, you can install this by running `pip install pycaret[models]`
2025-10-16 21:58:39,804:INFO:Engine successfully changes for model 'lasso_cds_dt' to 'sklearn'.
2025-10-16 21:58:39,805:WARNING:
'prophet' is a soft dependency and not included in the pycaret installation. Please run: `pip install prophet` to install.
2025-10-16 21:58:39,806:INFO:Engine for model 'llar_cds_dt' has not been set explicitly, hence returning None.
2025-10-16 21:58:39,806:INFO:Engine for model 'br_cds_dt' has not been set explicitly, hence returning None.
2025-10-16 21:58:39,806:INFO:Engine for model 'huber_cds_dt' has not been set explicitly, hence returning None.
2025-10-16 21:58:39,807:INFO:Engine for model 'omp_cds_dt' has not been set explicitly, hence returning None.
2025-10-16 21:58:39,807:INFO:Engine for model 'knn_cds_dt' has not been set explicitly, hence returning None.
2025-10-16 21:58:39,807:INFO:Engine for model 'dt_cds_dt' has not been set explicitly, hence returning None.
2025-10-16 21:58:39,808:INFO:Engine for model 'rf_cds_dt' has not been set explicitly, hence returning None.
2025-10-16 21:58:39,808:INFO:Engine for model 'et_cds_dt' has not been set explicitly, hence returning None.
2025-10-16 21:58:39,808:INFO:Engine for model 'gbr_cds_dt' has not been set explicitly, hence returning None.
2025-10-16 21:58:39,808:INFO:Engine for model 'ada_cds_dt' has not been set explicitly, hence returning None.
2025-10-16 21:58:39,808:INFO:Engine for model 'xgboost_cds_dt' has not been set explicitly, hence returning None.
2025-10-16 21:58:39,808:WARNING:
'xgboost' is a soft dependency and not included in the pycaret installation. Please run: `pip install xgboost` to install.
Alternately, you can install this by running `pip install pycaret[models]`
2025-10-16 21:58:39,808:WARNING:
'xgboost' is a soft dependency and not included in the pycaret installation. Please run: `pip install xgboost` to install.
Alternately, you can install this by running `pip install pycaret[models]`
2025-10-16 21:58:39,808:INFO:Engine for model 'lightgbm_cds_dt' has not been set explicitly, hence returning None.
2025-10-16 21:58:39,809:INFO:Engine for model 'catboost_cds_dt' has not been set explicitly, hence returning None.
2025-10-16 21:58:39,809:WARNING:
'catboost' is a soft dependency and not included in the pycaret installation. Please run: `pip install catboost` to install.
Alternately, you can install this by running `pip install pycaret[models]`
2025-10-16 21:58:39,809:WARNING:
'catboost' is a soft dependency and not included in the pycaret installation. Please run: `pip install catboost` to install.
Alternately, you can install this by running `pip install pycaret[models]`
2025-10-16 21:58:39,810:WARNING:
'prophet' is a soft dependency and not included in the pycaret installation. Please run: `pip install prophet` to install.
2025-10-16 21:58:39,811:INFO:Engine for model 'llar_cds_dt' has not been set explicitly, hence returning None.
2025-10-16 21:58:39,811:INFO:Engine for model 'br_cds_dt' has not been set explicitly, hence returning None.
2025-10-16 21:58:39,811:INFO:Engine for model 'huber_cds_dt' has not been set explicitly, hence returning None.
2025-10-16 21:58:39,811:INFO:Engine for model 'omp_cds_dt' has not been set explicitly, hence returning None.
2025-10-16 21:58:39,812:INFO:Engine for model 'knn_cds_dt' has not been set explicitly, hence returning None.
2025-10-16 21:58:39,812:INFO:Engine for model 'dt_cds_dt' has not been set explicitly, hence returning None.
2025-10-16 21:58:39,812:INFO:Engine for model 'rf_cds_dt' has not been set explicitly, hence returning None.
2025-10-16 21:58:39,813:INFO:Engine for model 'et_cds_dt' has not been set explicitly, hence returning None.
2025-10-16 21:58:39,813:INFO:Engine for model 'gbr_cds_dt' has not been set explicitly, hence returning None.
2025-10-16 21:58:39,813:INFO:Engine for model 'ada_cds_dt' has not been set explicitly, hence returning None.
2025-10-16 21:58:39,813:INFO:Engine for model 'xgboost_cds_dt' has not been set explicitly, hence returning None.
2025-10-16 21:58:39,813:WARNING:
'xgboost' is a soft dependency and not included in the pycaret installation. Please run: `pip install xgboost` to install.
Alternately, you can install this by running `pip install pycaret[models]`
2025-10-16 21:58:39,813:WARNING:
'xgboost' is a soft dependency and not included in the pycaret installation. Please run: `pip install xgboost` to install.
Alternately, you can install this by running `pip install pycaret[models]`
2025-10-16 21:58:39,813:INFO:Engine for model 'lightgbm_cds_dt' has not been set explicitly, hence returning None.
2025-10-16 21:58:39,813:INFO:Engine for model 'catboost_cds_dt' has not been set explicitly, hence returning None.
2025-10-16 21:58:39,813:WARNING:
'catboost' is a soft dependency and not included in the pycaret installation. Please run: `pip install catboost` to install.
Alternately, you can install this by running `pip install pycaret[models]`
2025-10-16 21:58:39,813:WARNING:
'catboost' is a soft dependency and not included in the pycaret installation. Please run: `pip install catboost` to install.
Alternately, you can install this by running `pip install pycaret[models]`
2025-10-16 21:58:39,814:INFO:Engine successfully changes for model 'lar_cds_dt' to 'sklearn'.
2025-10-16 21:58:39,815:WARNING:
'prophet' is a soft dependency and not included in the pycaret installation. Please run: `pip install prophet` to install.
2025-10-16 21:58:39,815:INFO:Engine for model 'llar_cds_dt' has not been set explicitly, hence returning None.
2025-10-16 21:58:39,816:INFO:Engine for model 'br_cds_dt' has not been set explicitly, hence returning None.
2025-10-16 21:58:39,816:INFO:Engine for model 'huber_cds_dt' has not been set explicitly, hence returning None.
2025-10-16 21:58:39,816:INFO:Engine for model 'omp_cds_dt' has not been set explicitly, hence returning None.
2025-10-16 21:58:39,817:INFO:Engine for model 'knn_cds_dt' has not been set explicitly, hence returning None.
2025-10-16 21:58:39,817:INFO:Engine for model 'dt_cds_dt' has not been set explicitly, hence returning None.
2025-10-16 21:58:39,817:INFO:Engine for model 'rf_cds_dt' has not been set explicitly, hence returning None.
2025-10-16 21:58:39,817:INFO:Engine for model 'et_cds_dt' has not been set explicitly, hence returning None.
2025-10-16 21:58:39,818:INFO:Engine for model 'gbr_cds_dt' has not been set explicitly, hence returning None.
2025-10-16 21:58:39,818:INFO:Engine for model 'ada_cds_dt' has not been set explicitly, hence returning None.
2025-10-16 21:58:39,818:INFO:Engine for model 'xgboost_cds_dt' has not been set explicitly, hence returning None.
2025-10-16 21:58:39,818:WARNING:
'xgboost' is a soft dependency and not included in the pycaret installation. Please run: `pip install xgboost` to install.
Alternately, you can install this by running `pip install pycaret[models]`
2025-10-16 21:58:39,818:WARNING:
'xgboost' is a soft dependency and not included in the pycaret installation. Please run: `pip install xgboost` to install.
Alternately, you can install this by running `pip install pycaret[models]`
2025-10-16 21:58:39,818:INFO:Engine for model 'lightgbm_cds_dt' has not been set explicitly, hence returning None.
2025-10-16 21:58:39,818:INFO:Engine for model 'catboost_cds_dt' has not been set explicitly, hence returning None.
2025-10-16 21:58:39,818:WARNING:
'catboost' is a soft dependency and not included in the pycaret installation. Please run: `pip install catboost` to install.
Alternately, you can install this by running `pip install pycaret[models]`
2025-10-16 21:58:39,818:WARNING:
'catboost' is a soft dependency and not included in the pycaret installation. Please run: `pip install catboost` to install.
Alternately, you can install this by running `pip install pycaret[models]`
2025-10-16 21:58:39,820:WARNING:
'prophet' is a soft dependency and not included in the pycaret installation. Please run: `pip install prophet` to install.
2025-10-16 21:58:39,820:INFO:Engine for model 'llar_cds_dt' has not been set explicitly, hence returning None.
2025-10-16 21:58:39,821:INFO:Engine for model 'br_cds_dt' has not been set explicitly, hence returning None.
2025-10-16 21:58:39,821:INFO:Engine for model 'huber_cds_dt' has not been set explicitly, hence returning None.
2025-10-16 21:58:39,821:INFO:Engine for model 'omp_cds_dt' has not been set explicitly, hence returning None.
2025-10-16 21:58:39,822:INFO:Engine for model 'knn_cds_dt' has not been set explicitly, hence returning None.
2025-10-16 21:58:39,822:INFO:Engine for model 'dt_cds_dt' has not been set explicitly, hence returning None.
2025-10-16 21:58:39,822:INFO:Engine for model 'rf_cds_dt' has not been set explicitly, hence returning None.
2025-10-16 21:58:39,822:INFO:Engine for model 'et_cds_dt' has not been set explicitly, hence returning None.
2025-10-16 21:58:39,823:INFO:Engine for model 'gbr_cds_dt' has not been set explicitly, hence returning None.
2025-10-16 21:58:39,823:INFO:Engine for model 'ada_cds_dt' has not been set explicitly, hence returning None.
2025-10-16 21:58:39,823:INFO:Engine for model 'xgboost_cds_dt' has not been set explicitly, hence returning None.
2025-10-16 21:58:39,823:WARNING:
'xgboost' is a soft dependency and not included in the pycaret installation. Please run: `pip install xgboost` to install.
Alternately, you can install this by running `pip install pycaret[models]`
2025-10-16 21:58:39,823:WARNING:
'xgboost' is a soft dependency and not included in the pycaret installation. Please run: `pip install xgboost` to install.
Alternately, you can install this by running `pip install pycaret[models]`
2025-10-16 21:58:39,823:INFO:Engine for model 'lightgbm_cds_dt' has not been set explicitly, hence returning None.
2025-10-16 21:58:39,823:INFO:Engine for model 'catboost_cds_dt' has not been set explicitly, hence returning None.
2025-10-16 21:58:39,823:WARNING:
'catboost' is a soft dependency and not included in the pycaret installation. Please run: `pip install catboost` to install.
Alternately, you can install this by running `pip install pycaret[models]`
2025-10-16 21:58:39,823:WARNING:
'catboost' is a soft dependency and not included in the pycaret installation. Please run: `pip install catboost` to install.
Alternately, you can install this by running `pip install pycaret[models]`
2025-10-16 21:58:39,823:INFO:Engine successfully changes for model 'llar_cds_dt' to 'sklearn'.
2025-10-16 21:58:39,825:WARNING:
'prophet' is a soft dependency and not included in the pycaret installation. Please run: `pip install prophet` to install.
2025-10-16 21:58:39,825:INFO:Engine for model 'br_cds_dt' has not been set explicitly, hence returning None.
2025-10-16 21:58:39,825:INFO:Engine for model 'huber_cds_dt' has not been set explicitly, hence returning None.
2025-10-16 21:58:39,826:INFO:Engine for model 'omp_cds_dt' has not been set explicitly, hence returning None.
2025-10-16 21:58:39,827:INFO:Engine for model 'knn_cds_dt' has not been set explicitly, hence returning None.
2025-10-16 21:58:39,827:INFO:Engine for model 'dt_cds_dt' has not been set explicitly, hence returning None.
2025-10-16 21:58:39,827:INFO:Engine for model 'rf_cds_dt' has not been set explicitly, hence returning None.
2025-10-16 21:58:39,827:INFO:Engine for model 'et_cds_dt' has not been set explicitly, hence returning None.
2025-10-16 21:58:39,827:INFO:Engine for model 'gbr_cds_dt' has not been set explicitly, hence returning None.
2025-10-16 21:58:39,828:INFO:Engine for model 'ada_cds_dt' has not been set explicitly, hence returning None.
2025-10-16 21:58:39,828:INFO:Engine for model 'xgboost_cds_dt' has not been set explicitly, hence returning None.
2025-10-16 21:58:39,828:WARNING:
'xgboost' is a soft dependency and not included in the pycaret installation. Please run: `pip install xgboost` to install.
Alternately, you can install this by running `pip install pycaret[models]`
2025-10-16 21:58:39,828:WARNING:
'xgboost' is a soft dependency and not included in the pycaret installation. Please run: `pip install xgboost` to install.
Alternately, you can install this by running `pip install pycaret[models]`
2025-10-16 21:58:39,828:INFO:Engine for model 'lightgbm_cds_dt' has not been set explicitly, hence returning None.
2025-10-16 21:58:39,828:INFO:Engine for model 'catboost_cds_dt' has not been set explicitly, hence returning None.
2025-10-16 21:58:39,828:WARNING:
'catboost' is a soft dependency and not included in the pycaret installation. Please run: `pip install catboost` to install.
Alternately, you can install this by running `pip install pycaret[models]`
2025-10-16 21:58:39,828:WARNING:
'catboost' is a soft dependency and not included in the pycaret installation. Please run: `pip install catboost` to install.
Alternately, you can install this by running `pip install pycaret[models]`
2025-10-16 21:58:39,829:WARNING:
'prophet' is a soft dependency and not included in the pycaret installation. Please run: `pip install prophet` to install.
2025-10-16 21:58:39,830:INFO:Engine for model 'br_cds_dt' has not been set explicitly, hence returning None.
2025-10-16 21:58:39,830:INFO:Engine for model 'huber_cds_dt' has not been set explicitly, hence returning None.
2025-10-16 21:58:39,831:INFO:Engine for model 'omp_cds_dt' has not been set explicitly, hence returning None.
2025-10-16 21:58:39,831:INFO:Engine for model 'knn_cds_dt' has not been set explicitly, hence returning None.
2025-10-16 21:58:39,832:INFO:Engine for model 'dt_cds_dt' has not been set explicitly, hence returning None.
2025-10-16 21:58:39,832:INFO:Engine for model 'rf_cds_dt' has not been set explicitly, hence returning None.
2025-10-16 21:58:39,832:INFO:Engine for model 'et_cds_dt' has not been set explicitly, hence returning None.
2025-10-16 21:58:39,832:INFO:Engine for model 'gbr_cds_dt' has not been set explicitly, hence returning None.
2025-10-16 21:58:39,832:INFO:Engine for model 'ada_cds_dt' has not been set explicitly, hence returning None.
2025-10-16 21:58:39,832:INFO:Engine for model 'xgboost_cds_dt' has not been set explicitly, hence returning None.
2025-10-16 21:58:39,832:WARNING:
'xgboost' is a soft dependency and not included in the pycaret installation. Please run: `pip install xgboost` to install.
Alternately, you can install this by running `pip install pycaret[models]`
2025-10-16 21:58:39,833:WARNING:
'xgboost' is a soft dependency and not included in the pycaret installation. Please run: `pip install xgboost` to install.
Alternately, you can install this by running `pip install pycaret[models]`
2025-10-16 21:58:39,833:INFO:Engine for model 'lightgbm_cds_dt' has not been set explicitly, hence returning None.
2025-10-16 21:58:39,833:INFO:Engine for model 'catboost_cds_dt' has not been set explicitly, hence returning None.
2025-10-16 21:58:39,833:WARNING:
'catboost' is a soft dependency and not included in the pycaret installation. Please run: `pip install catboost` to install.
Alternately, you can install this by running `pip install pycaret[models]`
2025-10-16 21:58:39,833:WARNING:
'catboost' is a soft dependency and not included in the pycaret installation. Please run: `pip install catboost` to install.
Alternately, you can install this by running `pip install pycaret[models]`
2025-10-16 21:58:39,833:INFO:Engine successfully changes for model 'br_cds_dt' to 'sklearn'.
2025-10-16 21:58:39,834:WARNING:
'prophet' is a soft dependency and not included in the pycaret installation. Please run: `pip install prophet` to install.
2025-10-16 21:58:39,835:INFO:Engine for model 'huber_cds_dt' has not been set explicitly, hence returning None.
2025-10-16 21:58:39,836:INFO:Engine for model 'omp_cds_dt' has not been set explicitly, hence returning None.
2025-10-16 21:58:39,836:INFO:Engine for model 'knn_cds_dt' has not been set explicitly, hence returning None.
2025-10-16 21:58:39,836:INFO:Engine for model 'dt_cds_dt' has not been set explicitly, hence returning None.
2025-10-16 21:58:39,836:INFO:Engine for model 'rf_cds_dt' has not been set explicitly, hence returning None.
2025-10-16 21:58:39,837:INFO:Engine for model 'et_cds_dt' has not been set explicitly, hence returning None.
2025-10-16 21:58:39,837:INFO:Engine for model 'gbr_cds_dt' has not been set explicitly, hence returning None.
2025-10-16 21:58:39,837:INFO:Engine for model 'ada_cds_dt' has not been set explicitly, hence returning None.
2025-10-16 21:58:39,837:INFO:Engine for model 'xgboost_cds_dt' has not been set explicitly, hence returning None.
2025-10-16 21:58:39,837:WARNING:
'xgboost' is a soft dependency and not included in the pycaret installation. Please run: `pip install xgboost` to install.
Alternately, you can install this by running `pip install pycaret[models]`
2025-10-16 21:58:39,837:WARNING:
'xgboost' is a soft dependency and not included in the pycaret installation. Please run: `pip install xgboost` to install.
Alternately, you can install this by running `pip install pycaret[models]`
2025-10-16 21:58:39,837:INFO:Engine for model 'lightgbm_cds_dt' has not been set explicitly, hence returning None.
2025-10-16 21:58:39,837:INFO:Engine for model 'catboost_cds_dt' has not been set explicitly, hence returning None.
2025-10-16 21:58:39,837:WARNING:
'catboost' is a soft dependency and not included in the pycaret installation. Please run: `pip install catboost` to install.
Alternately, you can install this by running `pip install pycaret[models]`
2025-10-16 21:58:39,837:WARNING:
'catboost' is a soft dependency and not included in the pycaret installation. Please run: `pip install catboost` to install.
Alternately, you can install this by running `pip install pycaret[models]`
2025-10-16 21:58:39,839:WARNING:
'prophet' is a soft dependency and not included in the pycaret installation. Please run: `pip install prophet` to install.
2025-10-16 21:58:39,840:INFO:Engine for model 'huber_cds_dt' has not been set explicitly, hence returning None.
2025-10-16 21:58:39,840:INFO:Engine for model 'omp_cds_dt' has not been set explicitly, hence returning None.
2025-10-16 21:58:39,841:INFO:Engine for model 'knn_cds_dt' has not been set explicitly, hence returning None.
2025-10-16 21:58:39,841:INFO:Engine for model 'dt_cds_dt' has not been set explicitly, hence returning None.
2025-10-16 21:58:39,841:INFO:Engine for model 'rf_cds_dt' has not been set explicitly, hence returning None.
2025-10-16 21:58:39,841:INFO:Engine for model 'et_cds_dt' has not been set explicitly, hence returning None.
2025-10-16 21:58:39,842:INFO:Engine for model 'gbr_cds_dt' has not been set explicitly, hence returning None.
2025-10-16 21:58:39,842:INFO:Engine for model 'ada_cds_dt' has not been set explicitly, hence returning None.
2025-10-16 21:58:39,842:INFO:Engine for model 'xgboost_cds_dt' has not been set explicitly, hence returning None.
2025-10-16 21:58:39,842:WARNING:
'xgboost' is a soft dependency and not included in the pycaret installation. Please run: `pip install xgboost` to install.
Alternately, you can install this by running `pip install pycaret[models]`
2025-10-16 21:58:39,842:WARNING:
'xgboost' is a soft dependency and not included in the pycaret installation. Please run: `pip install xgboost` to install.
Alternately, you can install this by running `pip install pycaret[models]`
2025-10-16 21:58:39,842:INFO:Engine for model 'lightgbm_cds_dt' has not been set explicitly, hence returning None.
2025-10-16 21:58:39,842:INFO:Engine for model 'catboost_cds_dt' has not been set explicitly, hence returning None.
2025-10-16 21:58:39,842:WARNING:
'catboost' is a soft dependency and not included in the pycaret installation. Please run: `pip install catboost` to install.
Alternately, you can install this by running `pip install pycaret[models]`
2025-10-16 21:58:39,842:WARNING:
'catboost' is a soft dependency and not included in the pycaret installation. Please run: `pip install catboost` to install.
Alternately, you can install this by running `pip install pycaret[models]`
2025-10-16 21:58:39,842:INFO:Engine successfully changes for model 'huber_cds_dt' to 'sklearn'.
2025-10-16 21:58:39,844:WARNING:
'prophet' is a soft dependency and not included in the pycaret installation. Please run: `pip install prophet` to install.
2025-10-16 21:58:39,845:INFO:Engine for model 'omp_cds_dt' has not been set explicitly, hence returning None.
2025-10-16 21:58:39,846:INFO:Engine for model 'knn_cds_dt' has not been set explicitly, hence returning None.
2025-10-16 21:58:39,846:INFO:Engine for model 'dt_cds_dt' has not been set explicitly, hence returning None.
2025-10-16 21:58:39,846:INFO:Engine for model 'rf_cds_dt' has not been set explicitly, hence returning None.
2025-10-16 21:58:39,846:INFO:Engine for model 'et_cds_dt' has not been set explicitly, hence returning None.
2025-10-16 21:58:39,846:INFO:Engine for model 'gbr_cds_dt' has not been set explicitly, hence returning None.
2025-10-16 21:58:39,846:INFO:Engine for model 'ada_cds_dt' has not been set explicitly, hence returning None.
2025-10-16 21:58:39,847:INFO:Engine for model 'xgboost_cds_dt' has not been set explicitly, hence returning None.
2025-10-16 21:58:39,847:WARNING:
'xgboost' is a soft dependency and not included in the pycaret installation. Please run: `pip install xgboost` to install.
Alternately, you can install this by running `pip install pycaret[models]`
2025-10-16 21:58:39,847:WARNING:
'xgboost' is a soft dependency and not included in the pycaret installation. Please run: `pip install xgboost` to install.
Alternately, you can install this by running `pip install pycaret[models]`
2025-10-16 21:58:39,847:INFO:Engine for model 'lightgbm_cds_dt' has not been set explicitly, hence returning None.
2025-10-16 21:58:39,847:INFO:Engine for model 'catboost_cds_dt' has not been set explicitly, hence returning None.
2025-10-16 21:58:39,847:WARNING:
'catboost' is a soft dependency and not included in the pycaret installation. Please run: `pip install catboost` to install.
Alternately, you can install this by running `pip install pycaret[models]`
2025-10-16 21:58:39,847:WARNING:
'catboost' is a soft dependency and not included in the pycaret installation. Please run: `pip install catboost` to install.
Alternately, you can install this by running `pip install pycaret[models]`
2025-10-16 21:58:39,848:WARNING:
'prophet' is a soft dependency and not included in the pycaret installation. Please run: `pip install prophet` to install.
2025-10-16 21:58:39,850:INFO:Engine for model 'omp_cds_dt' has not been set explicitly, hence returning None.
2025-10-16 21:58:39,850:INFO:Engine for model 'knn_cds_dt' has not been set explicitly, hence returning None.
2025-10-16 21:58:39,850:INFO:Engine for model 'dt_cds_dt' has not been set explicitly, hence returning None.
2025-10-16 21:58:39,851:INFO:Engine for model 'rf_cds_dt' has not been set explicitly, hence returning None.
2025-10-16 21:58:39,851:INFO:Engine for model 'et_cds_dt' has not been set explicitly, hence returning None.
2025-10-16 21:58:39,851:INFO:Engine for model 'gbr_cds_dt' has not been set explicitly, hence returning None.
2025-10-16 21:58:39,851:INFO:Engine for model 'ada_cds_dt' has not been set explicitly, hence returning None.
2025-10-16 21:58:39,851:INFO:Engine for model 'xgboost_cds_dt' has not been set explicitly, hence returning None.
2025-10-16 21:58:39,851:WARNING:
'xgboost' is a soft dependency and not included in the pycaret installation. Please run: `pip install xgboost` to install.
Alternately, you can install this by running `pip install pycaret[models]`
2025-10-16 21:58:39,851:WARNING:
'xgboost' is a soft dependency and not included in the pycaret installation. Please run: `pip install xgboost` to install.
Alternately, you can install this by running `pip install pycaret[models]`
2025-10-16 21:58:39,851:INFO:Engine for model 'lightgbm_cds_dt' has not been set explicitly, hence returning None.
2025-10-16 21:58:39,851:INFO:Engine for model 'catboost_cds_dt' has not been set explicitly, hence returning None.
2025-10-16 21:58:39,852:WARNING:
'catboost' is a soft dependency and not included in the pycaret installation. Please run: `pip install catboost` to install.
Alternately, you can install this by running `pip install pycaret[models]`
2025-10-16 21:58:39,852:WARNING:
'catboost' is a soft dependency and not included in the pycaret installation. Please run: `pip install catboost` to install.
Alternately, you can install this by running `pip install pycaret[models]`
2025-10-16 21:58:39,852:INFO:Engine successfully changes for model 'par_cds_dt' to 'sklearn'.
2025-10-16 21:58:39,853:WARNING:
'prophet' is a soft dependency and not included in the pycaret installation. Please run: `pip install prophet` to install.
2025-10-16 21:58:39,854:INFO:Engine for model 'omp_cds_dt' has not been set explicitly, hence returning None.
2025-10-16 21:58:39,855:INFO:Engine for model 'knn_cds_dt' has not been set explicitly, hence returning None.
2025-10-16 21:58:39,855:INFO:Engine for model 'dt_cds_dt' has not been set explicitly, hence returning None.
2025-10-16 21:58:39,855:INFO:Engine for model 'rf_cds_dt' has not been set explicitly, hence returning None.
2025-10-16 21:58:39,855:INFO:Engine for model 'et_cds_dt' has not been set explicitly, hence returning None.
2025-10-16 21:58:39,856:INFO:Engine for model 'gbr_cds_dt' has not been set explicitly, hence returning None.
2025-10-16 21:58:39,856:INFO:Engine for model 'ada_cds_dt' has not been set explicitly, hence returning None.
2025-10-16 21:58:39,856:INFO:Engine for model 'xgboost_cds_dt' has not been set explicitly, hence returning None.
2025-10-16 21:58:39,856:WARNING:
'xgboost' is a soft dependency and not included in the pycaret installation. Please run: `pip install xgboost` to install.
Alternately, you can install this by running `pip install pycaret[models]`
2025-10-16 21:58:39,856:WARNING:
'xgboost' is a soft dependency and not included in the pycaret installation. Please run: `pip install xgboost` to install.
Alternately, you can install this by running `pip install pycaret[models]`
2025-10-16 21:58:39,856:INFO:Engine for model 'lightgbm_cds_dt' has not been set explicitly, hence returning None.
2025-10-16 21:58:39,856:INFO:Engine for model 'catboost_cds_dt' has not been set explicitly, hence returning None.
2025-10-16 21:58:39,856:WARNING:
'catboost' is a soft dependency and not included in the pycaret installation. Please run: `pip install catboost` to install.
Alternately, you can install this by running `pip install pycaret[models]`
2025-10-16 21:58:39,856:WARNING:
'catboost' is a soft dependency and not included in the pycaret installation. Please run: `pip install catboost` to install.
Alternately, you can install this by running `pip install pycaret[models]`
2025-10-16 21:58:39,858:WARNING:
'prophet' is a soft dependency and not included in the pycaret installation. Please run: `pip install prophet` to install.
2025-10-16 21:58:39,859:INFO:Engine for model 'omp_cds_dt' has not been set explicitly, hence returning None.
2025-10-16 21:58:39,860:INFO:Engine for model 'knn_cds_dt' has not been set explicitly, hence returning None.
2025-10-16 21:58:39,860:INFO:Engine for model 'dt_cds_dt' has not been set explicitly, hence returning None.
2025-10-16 21:58:39,860:INFO:Engine for model 'rf_cds_dt' has not been set explicitly, hence returning None.
2025-10-16 21:58:39,860:INFO:Engine for model 'et_cds_dt' has not been set explicitly, hence returning None.
2025-10-16 21:58:39,860:INFO:Engine for model 'gbr_cds_dt' has not been set explicitly, hence returning None.
2025-10-16 21:58:39,860:INFO:Engine for model 'ada_cds_dt' has not been set explicitly, hence returning None.
2025-10-16 21:58:39,861:INFO:Engine for model 'xgboost_cds_dt' has not been set explicitly, hence returning None.
2025-10-16 21:58:39,861:WARNING:
'xgboost' is a soft dependency and not included in the pycaret installation. Please run: `pip install xgboost` to install.
Alternately, you can install this by running `pip install pycaret[models]`
2025-10-16 21:58:39,861:WARNING:
'xgboost' is a soft dependency and not included in the pycaret installation. Please run: `pip install xgboost` to install.
Alternately, you can install this by running `pip install pycaret[models]`
2025-10-16 21:58:39,861:INFO:Engine for model 'lightgbm_cds_dt' has not been set explicitly, hence returning None.
2025-10-16 21:58:39,861:INFO:Engine for model 'catboost_cds_dt' has not been set explicitly, hence returning None.
2025-10-16 21:58:39,861:WARNING:
'catboost' is a soft dependency and not included in the pycaret installation. Please run: `pip install catboost` to install.
Alternately, you can install this by running `pip install pycaret[models]`
2025-10-16 21:58:39,861:WARNING:
'catboost' is a soft dependency and not included in the pycaret installation. Please run: `pip install catboost` to install.
Alternately, you can install this by running `pip install pycaret[models]`
2025-10-16 21:58:39,861:INFO:Engine successfully changes for model 'omp_cds_dt' to 'sklearn'.
2025-10-16 21:58:39,862:WARNING:
'prophet' is a soft dependency and not included in the pycaret installation. Please run: `pip install prophet` to install.
2025-10-16 21:58:39,864:INFO:Engine for model 'knn_cds_dt' has not been set explicitly, hence returning None.
2025-10-16 21:58:39,864:INFO:Engine for model 'dt_cds_dt' has not been set explicitly, hence returning None.
2025-10-16 21:58:39,865:INFO:Engine for model 'rf_cds_dt' has not been set explicitly, hence returning None.
2025-10-16 21:58:39,865:INFO:Engine for model 'et_cds_dt' has not been set explicitly, hence returning None.
2025-10-16 21:58:39,865:INFO:Engine for model 'gbr_cds_dt' has not been set explicitly, hence returning None.
2025-10-16 21:58:39,865:INFO:Engine for model 'ada_cds_dt' has not been set explicitly, hence returning None.
2025-10-16 21:58:39,865:INFO:Engine for model 'xgboost_cds_dt' has not been set explicitly, hence returning None.
2025-10-16 21:58:39,865:WARNING:
'xgboost' is a soft dependency and not included in the pycaret installation. Please run: `pip install xgboost` to install.
Alternately, you can install this by running `pip install pycaret[models]`
2025-10-16 21:58:39,865:WARNING:
'xgboost' is a soft dependency and not included in the pycaret installation. Please run: `pip install xgboost` to install.
Alternately, you can install this by running `pip install pycaret[models]`
2025-10-16 21:58:39,865:INFO:Engine for model 'lightgbm_cds_dt' has not been set explicitly, hence returning None.
2025-10-16 21:58:39,866:INFO:Engine for model 'catboost_cds_dt' has not been set explicitly, hence returning None.
2025-10-16 21:58:39,866:WARNING:
'catboost' is a soft dependency and not included in the pycaret installation. Please run: `pip install catboost` to install.
Alternately, you can install this by running `pip install pycaret[models]`
2025-10-16 21:58:39,866:WARNING:
'catboost' is a soft dependency and not included in the pycaret installation. Please run: `pip install catboost` to install.
Alternately, you can install this by running `pip install pycaret[models]`
2025-10-16 21:58:39,867:WARNING:
'prophet' is a soft dependency and not included in the pycaret installation. Please run: `pip install prophet` to install.
2025-10-16 21:58:39,869:INFO:Engine for model 'knn_cds_dt' has not been set explicitly, hence returning None.
2025-10-16 21:58:39,869:INFO:Engine for model 'dt_cds_dt' has not been set explicitly, hence returning None.
2025-10-16 21:58:39,869:INFO:Engine for model 'rf_cds_dt' has not been set explicitly, hence returning None.
2025-10-16 21:58:39,869:INFO:Engine for model 'et_cds_dt' has not been set explicitly, hence returning None.
2025-10-16 21:58:39,870:INFO:Engine for model 'gbr_cds_dt' has not been set explicitly, hence returning None.
2025-10-16 21:58:39,870:INFO:Engine for model 'ada_cds_dt' has not been set explicitly, hence returning None.
2025-10-16 21:58:39,870:INFO:Engine for model 'xgboost_cds_dt' has not been set explicitly, hence returning None.
2025-10-16 21:58:39,870:WARNING:
'xgboost' is a soft dependency and not included in the pycaret installation. Please run: `pip install xgboost` to install.
Alternately, you can install this by running `pip install pycaret[models]`
2025-10-16 21:58:39,870:WARNING:
'xgboost' is a soft dependency and not included in the pycaret installation. Please run: `pip install xgboost` to install.
Alternately, you can install this by running `pip install pycaret[models]`
2025-10-16 21:58:39,870:INFO:Engine for model 'lightgbm_cds_dt' has not been set explicitly, hence returning None.
2025-10-16 21:58:39,870:INFO:Engine for model 'catboost_cds_dt' has not been set explicitly, hence returning None.
2025-10-16 21:58:39,870:WARNING:
'catboost' is a soft dependency and not included in the pycaret installation. Please run: `pip install catboost` to install.
Alternately, you can install this by running `pip install pycaret[models]`
2025-10-16 21:58:39,870:WARNING:
'catboost' is a soft dependency and not included in the pycaret installation. Please run: `pip install catboost` to install.
Alternately, you can install this by running `pip install pycaret[models]`
2025-10-16 21:58:39,870:INFO:Engine successfully changes for model 'knn_cds_dt' to 'sklearn'.
2025-10-16 21:58:39,872:WARNING:
'prophet' is a soft dependency and not included in the pycaret installation. Please run: `pip install prophet` to install.
2025-10-16 21:58:39,874:INFO:Engine for model 'dt_cds_dt' has not been set explicitly, hence returning None.
2025-10-16 21:58:39,874:INFO:Engine for model 'rf_cds_dt' has not been set explicitly, hence returning None.
2025-10-16 21:58:39,874:INFO:Engine for model 'et_cds_dt' has not been set explicitly, hence returning None.
2025-10-16 21:58:39,874:INFO:Engine for model 'gbr_cds_dt' has not been set explicitly, hence returning None.
2025-10-16 21:58:39,874:INFO:Engine for model 'ada_cds_dt' has not been set explicitly, hence returning None.
2025-10-16 21:58:39,874:INFO:Engine for model 'xgboost_cds_dt' has not been set explicitly, hence returning None.
2025-10-16 21:58:39,875:WARNING:
'xgboost' is a soft dependency and not included in the pycaret installation. Please run: `pip install xgboost` to install.
Alternately, you can install this by running `pip install pycaret[models]`
2025-10-16 21:58:39,875:WARNING:
'xgboost' is a soft dependency and not included in the pycaret installation. Please run: `pip install xgboost` to install.
Alternately, you can install this by running `pip install pycaret[models]`
2025-10-16 21:58:39,875:INFO:Engine for model 'lightgbm_cds_dt' has not been set explicitly, hence returning None.
2025-10-16 21:58:39,875:INFO:Engine for model 'catboost_cds_dt' has not been set explicitly, hence returning None.
2025-10-16 21:58:39,875:WARNING:
'catboost' is a soft dependency and not included in the pycaret installation. Please run: `pip install catboost` to install.
Alternately, you can install this by running `pip install pycaret[models]`
2025-10-16 21:58:39,875:WARNING:
'catboost' is a soft dependency and not included in the pycaret installation. Please run: `pip install catboost` to install.
Alternately, you can install this by running `pip install pycaret[models]`
2025-10-16 21:58:39,876:WARNING:
'prophet' is a soft dependency and not included in the pycaret installation. Please run: `pip install prophet` to install.
2025-10-16 21:58:39,878:INFO:Engine for model 'dt_cds_dt' has not been set explicitly, hence returning None.
2025-10-16 21:58:39,878:INFO:Engine for model 'rf_cds_dt' has not been set explicitly, hence returning None.
2025-10-16 21:58:39,879:INFO:Engine for model 'et_cds_dt' has not been set explicitly, hence returning None.
2025-10-16 21:58:39,879:INFO:Engine for model 'gbr_cds_dt' has not been set explicitly, hence returning None.
2025-10-16 21:58:39,879:INFO:Engine for model 'ada_cds_dt' has not been set explicitly, hence returning None.
2025-10-16 21:58:39,879:INFO:Engine for model 'xgboost_cds_dt' has not been set explicitly, hence returning None.
2025-10-16 21:58:39,879:WARNING:
'xgboost' is a soft dependency and not included in the pycaret installation. Please run: `pip install xgboost` to install.
Alternately, you can install this by running `pip install pycaret[models]`
2025-10-16 21:58:39,879:WARNING:
'xgboost' is a soft dependency and not included in the pycaret installation. Please run: `pip install xgboost` to install.
Alternately, you can install this by running `pip install pycaret[models]`
2025-10-16 21:58:39,879:INFO:Engine for model 'lightgbm_cds_dt' has not been set explicitly, hence returning None.
2025-10-16 21:58:39,879:INFO:Engine for model 'catboost_cds_dt' has not been set explicitly, hence returning None.
2025-10-16 21:58:39,879:WARNING:
'catboost' is a soft dependency and not included in the pycaret installation. Please run: `pip install catboost` to install.
Alternately, you can install this by running `pip install pycaret[models]`
2025-10-16 21:58:39,879:WARNING:
'catboost' is a soft dependency and not included in the pycaret installation. Please run: `pip install catboost` to install.
Alternately, you can install this by running `pip install pycaret[models]`
2025-10-16 21:58:39,880:INFO:Engine successfully changes for model 'dt_cds_dt' to 'sklearn'.
2025-10-16 21:58:39,881:WARNING:
'prophet' is a soft dependency and not included in the pycaret installation. Please run: `pip install prophet` to install.
2025-10-16 21:58:39,883:INFO:Engine for model 'rf_cds_dt' has not been set explicitly, hence returning None.
2025-10-16 21:58:39,883:INFO:Engine for model 'et_cds_dt' has not been set explicitly, hence returning None.
2025-10-16 21:58:39,883:INFO:Engine for model 'gbr_cds_dt' has not been set explicitly, hence returning None.
2025-10-16 21:58:39,884:INFO:Engine for model 'ada_cds_dt' has not been set explicitly, hence returning None.
2025-10-16 21:58:39,884:INFO:Engine for model 'xgboost_cds_dt' has not been set explicitly, hence returning None.
2025-10-16 21:58:39,884:WARNING:
'xgboost' is a soft dependency and not included in the pycaret installation. Please run: `pip install xgboost` to install.
Alternately, you can install this by running `pip install pycaret[models]`
2025-10-16 21:58:39,884:WARNING:
'xgboost' is a soft dependency and not included in the pycaret installation. Please run: `pip install xgboost` to install.
Alternately, you can install this by running `pip install pycaret[models]`
2025-10-16 21:58:39,884:INFO:Engine for model 'lightgbm_cds_dt' has not been set explicitly, hence returning None.
2025-10-16 21:58:39,884:INFO:Engine for model 'catboost_cds_dt' has not been set explicitly, hence returning None.
2025-10-16 21:58:39,884:WARNING:
'catboost' is a soft dependency and not included in the pycaret installation. Please run: `pip install catboost` to install.
Alternately, you can install this by running `pip install pycaret[models]`
2025-10-16 21:58:39,884:WARNING:
'catboost' is a soft dependency and not included in the pycaret installation. Please run: `pip install catboost` to install.
Alternately, you can install this by running `pip install pycaret[models]`
2025-10-16 21:58:39,885:WARNING:
'prophet' is a soft dependency and not included in the pycaret installation. Please run: `pip install prophet` to install.
2025-10-16 21:58:39,888:INFO:Engine for model 'rf_cds_dt' has not been set explicitly, hence returning None.
2025-10-16 21:58:39,888:INFO:Engine for model 'et_cds_dt' has not been set explicitly, hence returning None.
2025-10-16 21:58:39,888:INFO:Engine for model 'gbr_cds_dt' has not been set explicitly, hence returning None.
2025-10-16 21:58:39,888:INFO:Engine for model 'ada_cds_dt' has not been set explicitly, hence returning None.
2025-10-16 21:58:39,888:INFO:Engine for model 'xgboost_cds_dt' has not been set explicitly, hence returning None.
2025-10-16 21:58:39,888:WARNING:
'xgboost' is a soft dependency and not included in the pycaret installation. Please run: `pip install xgboost` to install.
Alternately, you can install this by running `pip install pycaret[models]`
2025-10-16 21:58:39,888:WARNING:
'xgboost' is a soft dependency and not included in the pycaret installation. Please run: `pip install xgboost` to install.
Alternately, you can install this by running `pip install pycaret[models]`
2025-10-16 21:58:39,888:INFO:Engine for model 'lightgbm_cds_dt' has not been set explicitly, hence returning None.
2025-10-16 21:58:39,889:INFO:Engine for model 'catboost_cds_dt' has not been set explicitly, hence returning None.
2025-10-16 21:58:39,889:WARNING:
'catboost' is a soft dependency and not included in the pycaret installation. Please run: `pip install catboost` to install.
Alternately, you can install this by running `pip install pycaret[models]`
2025-10-16 21:58:39,889:WARNING:
'catboost' is a soft dependency and not included in the pycaret installation. Please run: `pip install catboost` to install.
Alternately, you can install this by running `pip install pycaret[models]`
2025-10-16 21:58:39,889:INFO:Engine successfully changes for model 'rf_cds_dt' to 'sklearn'.
2025-10-16 21:58:39,890:WARNING:
'prophet' is a soft dependency and not included in the pycaret installation. Please run: `pip install prophet` to install.
2025-10-16 21:58:39,893:INFO:Engine for model 'et_cds_dt' has not been set explicitly, hence returning None.
2025-10-16 21:58:39,893:INFO:Engine for model 'gbr_cds_dt' has not been set explicitly, hence returning None.
2025-10-16 21:58:39,893:INFO:Engine for model 'ada_cds_dt' has not been set explicitly, hence returning None.
2025-10-16 21:58:39,893:INFO:Engine for model 'xgboost_cds_dt' has not been set explicitly, hence returning None.
2025-10-16 21:58:39,893:WARNING:
'xgboost' is a soft dependency and not included in the pycaret installation. Please run: `pip install xgboost` to install.
Alternately, you can install this by running `pip install pycaret[models]`
2025-10-16 21:58:39,893:WARNING:
'xgboost' is a soft dependency and not included in the pycaret installation. Please run: `pip install xgboost` to install.
Alternately, you can install this by running `pip install pycaret[models]`
2025-10-16 21:58:39,893:INFO:Engine for model 'lightgbm_cds_dt' has not been set explicitly, hence returning None.
2025-10-16 21:58:39,893:INFO:Engine for model 'catboost_cds_dt' has not been set explicitly, hence returning None.
2025-10-16 21:58:39,893:WARNING:
'catboost' is a soft dependency and not included in the pycaret installation. Please run: `pip install catboost` to install.
Alternately, you can install this by running `pip install pycaret[models]`
2025-10-16 21:58:39,893:WARNING:
'catboost' is a soft dependency and not included in the pycaret installation. Please run: `pip install catboost` to install.
Alternately, you can install this by running `pip install pycaret[models]`
2025-10-16 21:58:39,895:WARNING:
'prophet' is a soft dependency and not included in the pycaret installation. Please run: `pip install prophet` to install.
2025-10-16 21:58:39,897:INFO:Engine for model 'et_cds_dt' has not been set explicitly, hence returning None.
2025-10-16 21:58:39,897:INFO:Engine for model 'gbr_cds_dt' has not been set explicitly, hence returning None.
2025-10-16 21:58:39,897:INFO:Engine for model 'ada_cds_dt' has not been set explicitly, hence returning None.
2025-10-16 21:58:39,897:INFO:Engine for model 'xgboost_cds_dt' has not been set explicitly, hence returning None.
2025-10-16 21:58:39,898:WARNING:
'xgboost' is a soft dependency and not included in the pycaret installation. Please run: `pip install xgboost` to install.
Alternately, you can install this by running `pip install pycaret[models]`
2025-10-16 21:58:39,898:WARNING:
'xgboost' is a soft dependency and not included in the pycaret installation. Please run: `pip install xgboost` to install.
Alternately, you can install this by running `pip install pycaret[models]`
2025-10-16 21:58:39,898:INFO:Engine for model 'lightgbm_cds_dt' has not been set explicitly, hence returning None.
2025-10-16 21:58:39,898:INFO:Engine for model 'catboost_cds_dt' has not been set explicitly, hence returning None.
2025-10-16 21:58:39,898:WARNING:
'catboost' is a soft dependency and not included in the pycaret installation. Please run: `pip install catboost` to install.
Alternately, you can install this by running `pip install pycaret[models]`
2025-10-16 21:58:39,898:WARNING:
'catboost' is a soft dependency and not included in the pycaret installation. Please run: `pip install catboost` to install.
Alternately, you can install this by running `pip install pycaret[models]`
2025-10-16 21:58:39,898:INFO:Engine successfully changes for model 'et_cds_dt' to 'sklearn'.
2025-10-16 21:58:39,899:WARNING:
'prophet' is a soft dependency and not included in the pycaret installation. Please run: `pip install prophet` to install.
2025-10-16 21:58:39,902:INFO:Engine for model 'gbr_cds_dt' has not been set explicitly, hence returning None.
2025-10-16 21:58:39,902:INFO:Engine for model 'ada_cds_dt' has not been set explicitly, hence returning None.
2025-10-16 21:58:39,902:INFO:Engine for model 'xgboost_cds_dt' has not been set explicitly, hence returning None.
2025-10-16 21:58:39,902:WARNING:
'xgboost' is a soft dependency and not included in the pycaret installation. Please run: `pip install xgboost` to install.
Alternately, you can install this by running `pip install pycaret[models]`
2025-10-16 21:58:39,902:WARNING:
'xgboost' is a soft dependency and not included in the pycaret installation. Please run: `pip install xgboost` to install.
Alternately, you can install this by running `pip install pycaret[models]`
2025-10-16 21:58:39,902:INFO:Engine for model 'lightgbm_cds_dt' has not been set explicitly, hence returning None.
2025-10-16 21:58:39,902:INFO:Engine for model 'catboost_cds_dt' has not been set explicitly, hence returning None.
2025-10-16 21:58:39,902:WARNING:
'catboost' is a soft dependency and not included in the pycaret installation. Please run: `pip install catboost` to install.
Alternately, you can install this by running `pip install pycaret[models]`
2025-10-16 21:58:39,902:WARNING:
'catboost' is a soft dependency and not included in the pycaret installation. Please run: `pip install catboost` to install.
Alternately, you can install this by running `pip install pycaret[models]`
2025-10-16 21:58:39,904:WARNING:
'prophet' is a soft dependency and not included in the pycaret installation. Please run: `pip install prophet` to install.
2025-10-16 21:58:39,906:INFO:Engine for model 'gbr_cds_dt' has not been set explicitly, hence returning None.
2025-10-16 21:58:39,906:INFO:Engine for model 'ada_cds_dt' has not been set explicitly, hence returning None.
2025-10-16 21:58:39,906:INFO:Engine for model 'xgboost_cds_dt' has not been set explicitly, hence returning None.
2025-10-16 21:58:39,906:WARNING:
'xgboost' is a soft dependency and not included in the pycaret installation. Please run: `pip install xgboost` to install.
Alternately, you can install this by running `pip install pycaret[models]`
2025-10-16 21:58:39,906:WARNING:
'xgboost' is a soft dependency and not included in the pycaret installation. Please run: `pip install xgboost` to install.
Alternately, you can install this by running `pip install pycaret[models]`
2025-10-16 21:58:39,906:INFO:Engine for model 'lightgbm_cds_dt' has not been set explicitly, hence returning None.
2025-10-16 21:58:39,907:INFO:Engine for model 'catboost_cds_dt' has not been set explicitly, hence returning None.
2025-10-16 21:58:39,907:WARNING:
'catboost' is a soft dependency and not included in the pycaret installation. Please run: `pip install catboost` to install.
Alternately, you can install this by running `pip install pycaret[models]`
2025-10-16 21:58:39,907:WARNING:
'catboost' is a soft dependency and not included in the pycaret installation. Please run: `pip install catboost` to install.
Alternately, you can install this by running `pip install pycaret[models]`
2025-10-16 21:58:39,907:INFO:Engine successfully changes for model 'gbr_cds_dt' to 'sklearn'.
2025-10-16 21:58:39,908:WARNING:
'prophet' is a soft dependency and not included in the pycaret installation. Please run: `pip install prophet` to install.
2025-10-16 21:58:39,911:INFO:Engine for model 'ada_cds_dt' has not been set explicitly, hence returning None.
2025-10-16 21:58:39,911:INFO:Engine for model 'xgboost_cds_dt' has not been set explicitly, hence returning None.
2025-10-16 21:58:39,911:WARNING:
'xgboost' is a soft dependency and not included in the pycaret installation. Please run: `pip install xgboost` to install.
Alternately, you can install this by running `pip install pycaret[models]`
2025-10-16 21:58:39,911:WARNING:
'xgboost' is a soft dependency and not included in the pycaret installation. Please run: `pip install xgboost` to install.
Alternately, you can install this by running `pip install pycaret[models]`
2025-10-16 21:58:39,911:INFO:Engine for model 'lightgbm_cds_dt' has not been set explicitly, hence returning None.
2025-10-16 21:58:39,911:INFO:Engine for model 'catboost_cds_dt' has not been set explicitly, hence returning None.
2025-10-16 21:58:39,911:WARNING:
'catboost' is a soft dependency and not included in the pycaret installation. Please run: `pip install catboost` to install.
Alternately, you can install this by running `pip install pycaret[models]`
2025-10-16 21:58:39,911:WARNING:
'catboost' is a soft dependency and not included in the pycaret installation. Please run: `pip install catboost` to install.
Alternately, you can install this by running `pip install pycaret[models]`
2025-10-16 21:58:39,913:WARNING:
'prophet' is a soft dependency and not included in the pycaret installation. Please run: `pip install prophet` to install.
2025-10-16 21:58:39,915:INFO:Engine for model 'ada_cds_dt' has not been set explicitly, hence returning None.
2025-10-16 21:58:39,915:INFO:Engine for model 'xgboost_cds_dt' has not been set explicitly, hence returning None.
2025-10-16 21:58:39,915:WARNING:
'xgboost' is a soft dependency and not included in the pycaret installation. Please run: `pip install xgboost` to install.
Alternately, you can install this by running `pip install pycaret[models]`
2025-10-16 21:58:39,915:WARNING:
'xgboost' is a soft dependency and not included in the pycaret installation. Please run: `pip install xgboost` to install.
Alternately, you can install this by running `pip install pycaret[models]`
2025-10-16 21:58:39,915:INFO:Engine for model 'lightgbm_cds_dt' has not been set explicitly, hence returning None.
2025-10-16 21:58:39,915:INFO:Engine for model 'catboost_cds_dt' has not been set explicitly, hence returning None.
2025-10-16 21:58:39,915:WARNING:
'catboost' is a soft dependency and not included in the pycaret installation. Please run: `pip install catboost` to install.
Alternately, you can install this by running `pip install pycaret[models]`
2025-10-16 21:58:39,915:WARNING:
'catboost' is a soft dependency and not included in the pycaret installation. Please run: `pip install catboost` to install.
Alternately, you can install this by running `pip install pycaret[models]`
2025-10-16 21:58:39,916:INFO:Engine successfully changes for model 'ada_cds_dt' to 'sklearn'.
2025-10-16 21:58:39,917:WARNING:
'prophet' is a soft dependency and not included in the pycaret installation. Please run: `pip install prophet` to install.
2025-10-16 21:58:39,919:INFO:Engine for model 'xgboost_cds_dt' has not been set explicitly, hence returning None.
2025-10-16 21:58:39,920:WARNING:
'xgboost' is a soft dependency and not included in the pycaret installation. Please run: `pip install xgboost` to install.
Alternately, you can install this by running `pip install pycaret[models]`
2025-10-16 21:58:39,920:WARNING:
'xgboost' is a soft dependency and not included in the pycaret installation. Please run: `pip install xgboost` to install.
Alternately, you can install this by running `pip install pycaret[models]`
2025-10-16 21:58:39,920:INFO:Engine for model 'lightgbm_cds_dt' has not been set explicitly, hence returning None.
2025-10-16 21:58:39,920:INFO:Engine for model 'catboost_cds_dt' has not been set explicitly, hence returning None.
2025-10-16 21:58:39,920:WARNING:
'catboost' is a soft dependency and not included in the pycaret installation. Please run: `pip install catboost` to install.
Alternately, you can install this by running `pip install pycaret[models]`
2025-10-16 21:58:39,920:WARNING:
'catboost' is a soft dependency and not included in the pycaret installation. Please run: `pip install catboost` to install.
Alternately, you can install this by running `pip install pycaret[models]`
2025-10-16 21:58:39,921:WARNING:
'prophet' is a soft dependency and not included in the pycaret installation. Please run: `pip install prophet` to install.
2025-10-16 21:58:39,924:INFO:Engine for model 'xgboost_cds_dt' has not been set explicitly, hence returning None.
2025-10-16 21:58:39,924:WARNING:
'xgboost' is a soft dependency and not included in the pycaret installation. Please run: `pip install xgboost` to install.
Alternately, you can install this by running `pip install pycaret[models]`
2025-10-16 21:58:39,924:WARNING:
'xgboost' is a soft dependency and not included in the pycaret installation. Please run: `pip install xgboost` to install.
Alternately, you can install this by running `pip install pycaret[models]`
2025-10-16 21:58:39,924:INFO:Engine for model 'lightgbm_cds_dt' has not been set explicitly, hence returning None.
2025-10-16 21:58:39,924:INFO:Engine for model 'catboost_cds_dt' has not been set explicitly, hence returning None.
2025-10-16 21:58:39,924:WARNING:
'catboost' is a soft dependency and not included in the pycaret installation. Please run: `pip install catboost` to install.
Alternately, you can install this by running `pip install pycaret[models]`
2025-10-16 21:58:39,924:WARNING:
'catboost' is a soft dependency and not included in the pycaret installation. Please run: `pip install catboost` to install.
Alternately, you can install this by running `pip install pycaret[models]`
2025-10-16 21:58:39,924:INFO:Engine successfully changes for model 'xgboost_cds_dt' to 'sklearn'.
2025-10-16 21:58:39,926:WARNING:
'prophet' is a soft dependency and not included in the pycaret installation. Please run: `pip install prophet` to install.
2025-10-16 21:58:39,928:WARNING:
'xgboost' is a soft dependency and not included in the pycaret installation. Please run: `pip install xgboost` to install.
Alternately, you can install this by running `pip install pycaret[models]`
2025-10-16 21:58:39,928:WARNING:
'xgboost' is a soft dependency and not included in the pycaret installation. Please run: `pip install xgboost` to install.
Alternately, you can install this by running `pip install pycaret[models]`
2025-10-16 21:58:39,928:INFO:Engine for model 'lightgbm_cds_dt' has not been set explicitly, hence returning None.
2025-10-16 21:58:39,929:INFO:Engine for model 'catboost_cds_dt' has not been set explicitly, hence returning None.
2025-10-16 21:58:39,929:WARNING:
'catboost' is a soft dependency and not included in the pycaret installation. Please run: `pip install catboost` to install.
Alternately, you can install this by running `pip install pycaret[models]`
2025-10-16 21:58:39,929:WARNING:
'catboost' is a soft dependency and not included in the pycaret installation. Please run: `pip install catboost` to install.
Alternately, you can install this by running `pip install pycaret[models]`
2025-10-16 21:58:39,930:WARNING:
'prophet' is a soft dependency and not included in the pycaret installation. Please run: `pip install prophet` to install.
2025-10-16 21:58:39,933:WARNING:
'xgboost' is a soft dependency and not included in the pycaret installation. Please run: `pip install xgboost` to install.
Alternately, you can install this by running `pip install pycaret[models]`
2025-10-16 21:58:39,933:WARNING:
'xgboost' is a soft dependency and not included in the pycaret installation. Please run: `pip install xgboost` to install.
Alternately, you can install this by running `pip install pycaret[models]`
2025-10-16 21:58:39,933:INFO:Engine for model 'lightgbm_cds_dt' has not been set explicitly, hence returning None.
2025-10-16 21:58:39,933:INFO:Engine for model 'catboost_cds_dt' has not been set explicitly, hence returning None.
2025-10-16 21:58:39,933:WARNING:
'catboost' is a soft dependency and not included in the pycaret installation. Please run: `pip install catboost` to install.
Alternately, you can install this by running `pip install pycaret[models]`
2025-10-16 21:58:39,933:WARNING:
'catboost' is a soft dependency and not included in the pycaret installation. Please run: `pip install catboost` to install.
Alternately, you can install this by running `pip install pycaret[models]`
2025-10-16 21:58:39,933:INFO:Engine successfully changes for model 'lightgbm_cds_dt' to 'sklearn'.
2025-10-16 21:58:39,934:WARNING:
'prophet' is a soft dependency and not included in the pycaret installation. Please run: `pip install prophet` to install.
2025-10-16 21:58:39,937:WARNING:
'xgboost' is a soft dependency and not included in the pycaret installation. Please run: `pip install xgboost` to install.
Alternately, you can install this by running `pip install pycaret[models]`
2025-10-16 21:58:39,937:WARNING:
'xgboost' is a soft dependency and not included in the pycaret installation. Please run: `pip install xgboost` to install.
Alternately, you can install this by running `pip install pycaret[models]`
2025-10-16 21:58:39,937:INFO:Engine for model 'catboost_cds_dt' has not been set explicitly, hence returning None.
2025-10-16 21:58:39,937:WARNING:
'catboost' is a soft dependency and not included in the pycaret installation. Please run: `pip install catboost` to install.
Alternately, you can install this by running `pip install pycaret[models]`
2025-10-16 21:58:39,937:WARNING:
'catboost' is a soft dependency and not included in the pycaret installation. Please run: `pip install catboost` to install.
Alternately, you can install this by running `pip install pycaret[models]`
2025-10-16 21:58:39,939:WARNING:
'prophet' is a soft dependency and not included in the pycaret installation. Please run: `pip install prophet` to install.
2025-10-16 21:58:39,941:WARNING:
'xgboost' is a soft dependency and not included in the pycaret installation. Please run: `pip install xgboost` to install.
Alternately, you can install this by running `pip install pycaret[models]`
2025-10-16 21:58:39,941:WARNING:
'xgboost' is a soft dependency and not included in the pycaret installation. Please run: `pip install xgboost` to install.
Alternately, you can install this by running `pip install pycaret[models]`
2025-10-16 21:58:39,941:INFO:Engine for model 'catboost_cds_dt' has not been set explicitly, hence returning None.
2025-10-16 21:58:39,942:WARNING:
'catboost' is a soft dependency and not included in the pycaret installation. Please run: `pip install catboost` to install.
Alternately, you can install this by running `pip install pycaret[models]`
2025-10-16 21:58:39,942:WARNING:
'catboost' is a soft dependency and not included in the pycaret installation. Please run: `pip install catboost` to install.
Alternately, you can install this by running `pip install pycaret[models]`
2025-10-16 21:58:39,942:INFO:Engine successfully changes for model 'catboost_cds_dt' to 'sklearn'.
2025-10-16 21:58:39,943:WARNING:
'prophet' is a soft dependency and not included in the pycaret installation. Please run: `pip install prophet` to install.
2025-10-16 21:58:39,945:WARNING:
'xgboost' is a soft dependency and not included in the pycaret installation. Please run: `pip install xgboost` to install.
Alternately, you can install this by running `pip install pycaret[models]`
2025-10-16 21:58:39,946:WARNING:
'xgboost' is a soft dependency and not included in the pycaret installation. Please run: `pip install xgboost` to install.
Alternately, you can install this by running `pip install pycaret[models]`
2025-10-16 21:58:39,946:WARNING:
'catboost' is a soft dependency and not included in the pycaret installation. Please run: `pip install catboost` to install.
Alternately, you can install this by running `pip install pycaret[models]`
2025-10-16 21:58:39,946:WARNING:
'catboost' is a soft dependency and not included in the pycaret installation. Please run: `pip install catboost` to install.
Alternately, you can install this by running `pip install pycaret[models]`
2025-10-16 21:58:39,947:WARNING:
'prophet' is a soft dependency and not included in the pycaret installation. Please run: `pip install prophet` to install.
2025-10-16 21:58:39,950:WARNING:
'xgboost' is a soft dependency and not included in the pycaret installation. Please run: `pip install xgboost` to install.
Alternately, you can install this by running `pip install pycaret[models]`
2025-10-16 21:58:39,950:WARNING:
'xgboost' is a soft dependency and not included in the pycaret installation. Please run: `pip install xgboost` to install.
Alternately, you can install this by running `pip install pycaret[models]`
2025-10-16 21:58:39,950:WARNING:
'catboost' is a soft dependency and not included in the pycaret installation. Please run: `pip install catboost` to install.
Alternately, you can install this by running `pip install pycaret[models]`
2025-10-16 21:58:39,950:WARNING:
'catboost' is a soft dependency and not included in the pycaret installation. Please run: `pip install catboost` to install.
Alternately, you can install this by running `pip install pycaret[models]`
2025-10-16 21:58:39,952:WARNING:
'prophet' is a soft dependency and not included in the pycaret installation. Please run: `pip install prophet` to install.
2025-10-16 21:58:39,954:WARNING:
'xgboost' is a soft dependency and not included in the pycaret installation. Please run: `pip install xgboost` to install.
Alternately, you can install this by running `pip install pycaret[models]`
2025-10-16 21:58:39,954:WARNING:
'xgboost' is a soft dependency and not included in the pycaret installation. Please run: `pip install xgboost` to install.
Alternately, you can install this by running `pip install pycaret[models]`
2025-10-16 21:58:39,954:WARNING:
'catboost' is a soft dependency and not included in the pycaret installation. Please run: `pip install catboost` to install.
Alternately, you can install this by running `pip install pycaret[models]`
2025-10-16 21:58:39,954:WARNING:
'catboost' is a soft dependency and not included in the pycaret installation. Please run: `pip install catboost` to install.
Alternately, you can install this by running `pip install pycaret[models]`
2025-10-16 21:58:39,956:WARNING:
'prophet' is a soft dependency and not included in the pycaret installation. Please run: `pip install prophet` to install.
2025-10-16 21:58:39,958:WARNING:
'xgboost' is a soft dependency and not included in the pycaret installation. Please run: `pip install xgboost` to install.
Alternately, you can install this by running `pip install pycaret[models]`
2025-10-16 21:58:39,958:WARNING:
'xgboost' is a soft dependency and not included in the pycaret installation. Please run: `pip install xgboost` to install.
Alternately, you can install this by running `pip install pycaret[models]`
2025-10-16 21:58:39,959:WARNING:
'catboost' is a soft dependency and not included in the pycaret installation. Please run: `pip install catboost` to install.
Alternately, you can install this by running `pip install pycaret[models]`
2025-10-16 21:58:39,959:WARNING:
'catboost' is a soft dependency and not included in the pycaret installation. Please run: `pip install catboost` to install.
Alternately, you can install this by running `pip install pycaret[models]`
2025-10-16 21:58:39,959:INFO:setup() successfully completed in 0.31s...............
2025-10-16 21:58:39,959:INFO:Initializing compare_models()
2025-10-16 21:58:39,959:INFO:compare_models(self=<pycaret.time_series.forecasting.oop.TSForecastingExperiment object at 0x000002178ECA0CD0>, include=None, exclude=None, fold=None, round=4, cross_validation=True, sort=MASE, n_select=3, budget_time=None, turbo=False, errors=raise, fit_kwargs=None, groups=None, experiment_custom_tags=None, probability_threshold=None, verbose=True, parallel=None, caller_params={'self': <pycaret.time_series.forecasting.oop.TSForecastingExperiment object at 0x000002178ECA0CD0>, 'include': None, 'exclude': None, 'fold': None, 'round': 4, 'cross_validation': True, 'sort': 'MASE', 'n_select': 3, 'budget_time': None, 'turbo': False, 'errors': 'raise', 'fit_kwargs': None, 'experiment_custom_tags': None, 'engine': None, 'verbose': True, 'parallel': None, '__class__': <class 'pycaret.time_series.forecasting.oop.TSForecastingExperiment'>})
2025-10-16 21:58:39,959:INFO:Checking exceptions
2025-10-16 21:58:39,960:INFO:Preparing display monitor
2025-10-16 21:58:39,962:WARNING:C:\CODING PROJECTS\ts-pycaret\.venv\Lib\site-packages\pycaret\internal\pycaret_experiment\supervised_experiment.py:713: UserWarning:

Unsupported estimator `ensemble_forecaster` for method `compare_models()`, removing from model_library


2025-10-16 21:58:39,962:INFO:Initializing Naive Forecaster
2025-10-16 21:58:39,962:INFO:Total runtime is 0.0 minutes
2025-10-16 21:58:39,963:INFO:SubProcess create_model() called ==================================
2025-10-16 21:58:39,963:INFO:Initializing create_model()
2025-10-16 21:58:39,963:INFO:create_model(self=<pycaret.time_series.forecasting.oop.TSForecastingExperiment object at 0x000002178ECA0CD0>, estimator=naive, fold=None, round=4, cross_validation=True, predict=True, fit_kwargs={}, groups=None, refit=False, probability_threshold=None, experiment_custom_tags=None, verbose=False, system=False, add_to_model_list=True, metrics=None, display=<pycaret.internal.display.display.CommonDisplay object at 0x000002178DB8A490>, model_only=True, return_train_score=False, error_score=raise, kwargs={})
2025-10-16 21:58:39,963:INFO:Checking exceptions
2025-10-16 21:58:39,963:INFO:Importing libraries
2025-10-16 21:58:39,963:INFO:Copying training dataset
2025-10-16 21:58:39,964:INFO:Defining folds
2025-10-16 21:58:39,964:INFO:Declaring metric variables
2025-10-16 21:58:39,964:INFO:Importing untrained model
2025-10-16 21:58:39,964:INFO:Naive Forecaster Imported successfully
2025-10-16 21:58:39,965:INFO:Starting cross validation
2025-10-16 21:58:39,966:INFO:Cross validating with ExpandingWindowSplitter(fh=ForecastingHorizon([ 1,  2,  3,  4,  5,  6,  7,  8,  9, 10, 11, 12, 13, 14, 15, 16, 17, 18,
       19, 20, 21, 22, 23, 24],
      dtype='int32', is_relative=True),
                        initial_window=48, step_length=24), n_jobs=-1
2025-10-16 21:58:41,925:WARNING:C:\CODING PROJECTS\ts-pycaret\.venv\Lib\site-packages\sklearn\metrics\_regression.py:483: FutureWarning: 'squared' is deprecated in version 1.4 and will be removed in 1.6. To calculate the root mean squared error, use the function'root_mean_squared_error'.
  warnings.warn(

2025-10-16 21:58:41,925:WARNING:C:\CODING PROJECTS\ts-pycaret\.venv\Lib\site-packages\sklearn\metrics\_regression.py:483: FutureWarning: 'squared' is deprecated in version 1.4 and will be removed in 1.6. To calculate the root mean squared error, use the function'root_mean_squared_error'.
  warnings.warn(

2025-10-16 21:58:41,925:WARNING:C:\CODING PROJECTS\ts-pycaret\.venv\Lib\site-packages\sklearn\metrics\_regression.py:483: FutureWarning: 'squared' is deprecated in version 1.4 and will be removed in 1.6. To calculate the root mean squared error, use the function'root_mean_squared_error'.
  warnings.warn(

2025-10-16 21:58:41,926:WARNING:C:\CODING PROJECTS\ts-pycaret\.venv\Lib\site-packages\sklearn\metrics\_regression.py:483: FutureWarning: 'squared' is deprecated in version 1.4 and will be removed in 1.6. To calculate the root mean squared error, use the function'root_mean_squared_error'.
  warnings.warn(

2025-10-16 21:58:41,926:WARNING:C:\CODING PROJECTS\ts-pycaret\.venv\Lib\site-packages\sklearn\metrics\_regression.py:483: FutureWarning: 'squared' is deprecated in version 1.4 and will be removed in 1.6. To calculate the root mean squared error, use the function'root_mean_squared_error'.
  warnings.warn(

2025-10-16 21:58:41,926:WARNING:C:\CODING PROJECTS\ts-pycaret\.venv\Lib\site-packages\sklearn\metrics\_regression.py:483: FutureWarning: 'squared' is deprecated in version 1.4 and will be removed in 1.6. To calculate the root mean squared error, use the function'root_mean_squared_error'.
  warnings.warn(

2025-10-16 21:58:41,934:INFO:Calculating mean and std
2025-10-16 21:58:41,935:INFO:Creating metrics dataframe
2025-10-16 21:58:41,936:WARNING:C:\CODING PROJECTS\ts-pycaret\.venv\Lib\site-packages\pycaret\time_series\forecasting\oop.py:2694: FutureWarning:

The behavior of DataFrame concatenation with empty or all-NA entries is deprecated. In a future version, this will no longer exclude empty or all-NA columns when determining the result dtypes. To retain the old behavior, exclude the relevant entries before the concat operation.


2025-10-16 21:58:41,937:INFO:Uploading results into container
2025-10-16 21:58:41,937:INFO:Uploading model into container now
2025-10-16 21:58:41,937:INFO:_master_model_container: 1
2025-10-16 21:58:41,938:INFO:_display_container: 2
2025-10-16 21:58:41,938:INFO:NaiveForecaster()
2025-10-16 21:58:41,938:INFO:create_model() successfully completed......................................
2025-10-16 21:58:42,017:INFO:SubProcess create_model() end ==================================
2025-10-16 21:58:42,017:INFO:Creating metrics dataframe
2025-10-16 21:58:42,019:INFO:Initializing Grand Means Forecaster
2025-10-16 21:58:42,019:INFO:Total runtime is 0.034278929233551025 minutes
2025-10-16 21:58:42,019:INFO:SubProcess create_model() called ==================================
2025-10-16 21:58:42,019:INFO:Initializing create_model()
2025-10-16 21:58:42,019:INFO:create_model(self=<pycaret.time_series.forecasting.oop.TSForecastingExperiment object at 0x000002178ECA0CD0>, estimator=grand_means, fold=None, round=4, cross_validation=True, predict=True, fit_kwargs={}, groups=None, refit=False, probability_threshold=None, experiment_custom_tags=None, verbose=False, system=False, add_to_model_list=True, metrics=None, display=<pycaret.internal.display.display.CommonDisplay object at 0x000002178DB8A490>, model_only=True, return_train_score=False, error_score=raise, kwargs={})
2025-10-16 21:58:42,019:INFO:Checking exceptions
2025-10-16 21:58:42,019:INFO:Importing libraries
2025-10-16 21:58:42,019:INFO:Copying training dataset
2025-10-16 21:58:42,021:INFO:Defining folds
2025-10-16 21:58:42,021:INFO:Declaring metric variables
2025-10-16 21:58:42,021:INFO:Importing untrained model
2025-10-16 21:58:42,021:INFO:Grand Means Forecaster Imported successfully
2025-10-16 21:58:42,022:INFO:Starting cross validation
2025-10-16 21:58:42,023:INFO:Cross validating with ExpandingWindowSplitter(fh=ForecastingHorizon([ 1,  2,  3,  4,  5,  6,  7,  8,  9, 10, 11, 12, 13, 14, 15, 16, 17, 18,
       19, 20, 21, 22, 23, 24],
      dtype='int32', is_relative=True),
                        initial_window=48, step_length=24), n_jobs=-1
2025-10-16 21:58:43,577:WARNING:C:\CODING PROJECTS\ts-pycaret\.venv\Lib\site-packages\sklearn\metrics\_regression.py:483: FutureWarning: 'squared' is deprecated in version 1.4 and will be removed in 1.6. To calculate the root mean squared error, use the function'root_mean_squared_error'.
  warnings.warn(

2025-10-16 21:58:43,577:WARNING:C:\CODING PROJECTS\ts-pycaret\.venv\Lib\site-packages\sklearn\metrics\_regression.py:483: FutureWarning: 'squared' is deprecated in version 1.4 and will be removed in 1.6. To calculate the root mean squared error, use the function'root_mean_squared_error'.
  warnings.warn(

2025-10-16 21:58:43,578:WARNING:C:\CODING PROJECTS\ts-pycaret\.venv\Lib\site-packages\sklearn\metrics\_regression.py:483: FutureWarning: 'squared' is deprecated in version 1.4 and will be removed in 1.6. To calculate the root mean squared error, use the function'root_mean_squared_error'.
  warnings.warn(

2025-10-16 21:58:43,577:WARNING:C:\CODING PROJECTS\ts-pycaret\.venv\Lib\site-packages\sklearn\metrics\_regression.py:483: FutureWarning: 'squared' is deprecated in version 1.4 and will be removed in 1.6. To calculate the root mean squared error, use the function'root_mean_squared_error'.
  warnings.warn(

2025-10-16 21:58:43,578:WARNING:C:\CODING PROJECTS\ts-pycaret\.venv\Lib\site-packages\sklearn\metrics\_regression.py:483: FutureWarning: 'squared' is deprecated in version 1.4 and will be removed in 1.6. To calculate the root mean squared error, use the function'root_mean_squared_error'.
  warnings.warn(

2025-10-16 21:58:43,584:INFO:Calculating mean and std
2025-10-16 21:58:43,584:INFO:Creating metrics dataframe
2025-10-16 21:58:43,586:WARNING:C:\CODING PROJECTS\ts-pycaret\.venv\Lib\site-packages\pycaret\time_series\forecasting\oop.py:2694: FutureWarning:

The behavior of DataFrame concatenation with empty or all-NA entries is deprecated. In a future version, this will no longer exclude empty or all-NA columns when determining the result dtypes. To retain the old behavior, exclude the relevant entries before the concat operation.


2025-10-16 21:58:43,587:INFO:Uploading results into container
2025-10-16 21:58:43,587:INFO:Uploading model into container now
2025-10-16 21:58:43,587:INFO:_master_model_container: 2
2025-10-16 21:58:43,587:INFO:_display_container: 2
2025-10-16 21:58:43,587:INFO:NaiveForecaster(strategy='mean')
2025-10-16 21:58:43,587:INFO:create_model() successfully completed......................................
2025-10-16 21:58:43,667:INFO:SubProcess create_model() end ==================================
2025-10-16 21:58:43,668:INFO:Creating metrics dataframe
2025-10-16 21:58:43,669:INFO:Initializing Seasonal Naive Forecaster
2025-10-16 21:58:43,669:INFO:Total runtime is 0.06178454955418905 minutes
2025-10-16 21:58:43,670:INFO:SubProcess create_model() called ==================================
2025-10-16 21:58:43,670:INFO:Initializing create_model()
2025-10-16 21:58:43,670:INFO:create_model(self=<pycaret.time_series.forecasting.oop.TSForecastingExperiment object at 0x000002178ECA0CD0>, estimator=snaive, fold=None, round=4, cross_validation=True, predict=True, fit_kwargs={}, groups=None, refit=False, probability_threshold=None, experiment_custom_tags=None, verbose=False, system=False, add_to_model_list=True, metrics=None, display=<pycaret.internal.display.display.CommonDisplay object at 0x000002178DB8A490>, model_only=True, return_train_score=False, error_score=raise, kwargs={})
2025-10-16 21:58:43,670:INFO:Checking exceptions
2025-10-16 21:58:43,670:INFO:Importing libraries
2025-10-16 21:58:43,670:INFO:Copying training dataset
2025-10-16 21:58:43,671:INFO:Defining folds
2025-10-16 21:58:43,671:INFO:Declaring metric variables
2025-10-16 21:58:43,671:INFO:Importing untrained model
2025-10-16 21:58:43,672:INFO:Seasonal Naive Forecaster Imported successfully
2025-10-16 21:58:43,672:INFO:Starting cross validation
2025-10-16 21:58:43,673:INFO:Cross validating with ExpandingWindowSplitter(fh=ForecastingHorizon([ 1,  2,  3,  4,  5,  6,  7,  8,  9, 10, 11, 12, 13, 14, 15, 16, 17, 18,
       19, 20, 21, 22, 23, 24],
      dtype='int32', is_relative=True),
                        initial_window=48, step_length=24), n_jobs=-1
2025-10-16 21:58:45,258:WARNING:C:\CODING PROJECTS\ts-pycaret\.venv\Lib\site-packages\sklearn\metrics\_regression.py:483: FutureWarning: 'squared' is deprecated in version 1.4 and will be removed in 1.6. To calculate the root mean squared error, use the function'root_mean_squared_error'.
  warnings.warn(

2025-10-16 21:58:45,258:WARNING:C:\CODING PROJECTS\ts-pycaret\.venv\Lib\site-packages\sklearn\metrics\_regression.py:483: FutureWarning: 'squared' is deprecated in version 1.4 and will be removed in 1.6. To calculate the root mean squared error, use the function'root_mean_squared_error'.
  warnings.warn(

2025-10-16 21:58:45,258:WARNING:C:\CODING PROJECTS\ts-pycaret\.venv\Lib\site-packages\sklearn\metrics\_regression.py:483: FutureWarning: 'squared' is deprecated in version 1.4 and will be removed in 1.6. To calculate the root mean squared error, use the function'root_mean_squared_error'.
  warnings.warn(

2025-10-16 21:58:45,258:WARNING:C:\CODING PROJECTS\ts-pycaret\.venv\Lib\site-packages\sklearn\metrics\_regression.py:483: FutureWarning: 'squared' is deprecated in version 1.4 and will be removed in 1.6. To calculate the root mean squared error, use the function'root_mean_squared_error'.
  warnings.warn(

2025-10-16 21:58:45,259:WARNING:C:\CODING PROJECTS\ts-pycaret\.venv\Lib\site-packages\sklearn\metrics\_regression.py:483: FutureWarning: 'squared' is deprecated in version 1.4 and will be removed in 1.6. To calculate the root mean squared error, use the function'root_mean_squared_error'.
  warnings.warn(

2025-10-16 21:58:45,259:WARNING:C:\CODING PROJECTS\ts-pycaret\.venv\Lib\site-packages\sklearn\metrics\_regression.py:483: FutureWarning: 'squared' is deprecated in version 1.4 and will be removed in 1.6. To calculate the root mean squared error, use the function'root_mean_squared_error'.
  warnings.warn(

2025-10-16 21:58:45,265:INFO:Calculating mean and std
2025-10-16 21:58:45,266:INFO:Creating metrics dataframe
2025-10-16 21:58:45,267:WARNING:C:\CODING PROJECTS\ts-pycaret\.venv\Lib\site-packages\pycaret\time_series\forecasting\oop.py:2694: FutureWarning:

The behavior of DataFrame concatenation with empty or all-NA entries is deprecated. In a future version, this will no longer exclude empty or all-NA columns when determining the result dtypes. To retain the old behavior, exclude the relevant entries before the concat operation.


2025-10-16 21:58:45,268:INFO:Uploading results into container
2025-10-16 21:58:45,268:INFO:Uploading model into container now
2025-10-16 21:58:45,268:INFO:_master_model_container: 3
2025-10-16 21:58:45,268:INFO:_display_container: 2
2025-10-16 21:58:45,269:INFO:NaiveForecaster(sp=12)
2025-10-16 21:58:45,269:INFO:create_model() successfully completed......................................
2025-10-16 21:58:45,350:INFO:SubProcess create_model() end ==================================
2025-10-16 21:58:45,350:INFO:Creating metrics dataframe
2025-10-16 21:58:45,352:INFO:Initializing Polynomial Trend Forecaster
2025-10-16 21:58:45,352:INFO:Total runtime is 0.08983198404312134 minutes
2025-10-16 21:58:45,352:INFO:SubProcess create_model() called ==================================
2025-10-16 21:58:45,352:INFO:Initializing create_model()
2025-10-16 21:58:45,352:INFO:create_model(self=<pycaret.time_series.forecasting.oop.TSForecastingExperiment object at 0x000002178ECA0CD0>, estimator=polytrend, fold=None, round=4, cross_validation=True, predict=True, fit_kwargs={}, groups=None, refit=False, probability_threshold=None, experiment_custom_tags=None, verbose=False, system=False, add_to_model_list=True, metrics=None, display=<pycaret.internal.display.display.CommonDisplay object at 0x000002178DB8A490>, model_only=True, return_train_score=False, error_score=raise, kwargs={})
2025-10-16 21:58:45,352:INFO:Checking exceptions
2025-10-16 21:58:45,352:INFO:Importing libraries
2025-10-16 21:58:45,352:INFO:Copying training dataset
2025-10-16 21:58:45,353:INFO:Defining folds
2025-10-16 21:58:45,354:INFO:Declaring metric variables
2025-10-16 21:58:45,354:INFO:Importing untrained model
2025-10-16 21:58:45,354:INFO:Polynomial Trend Forecaster Imported successfully
2025-10-16 21:58:45,355:INFO:Starting cross validation
2025-10-16 21:58:45,355:INFO:Cross validating with ExpandingWindowSplitter(fh=ForecastingHorizon([ 1,  2,  3,  4,  5,  6,  7,  8,  9, 10, 11, 12, 13, 14, 15, 16, 17, 18,
       19, 20, 21, 22, 23, 24],
      dtype='int32', is_relative=True),
                        initial_window=48, step_length=24), n_jobs=-1
2025-10-16 21:58:46,911:WARNING:C:\CODING PROJECTS\ts-pycaret\.venv\Lib\site-packages\sklearn\metrics\_regression.py:483: FutureWarning: 'squared' is deprecated in version 1.4 and will be removed in 1.6. To calculate the root mean squared error, use the function'root_mean_squared_error'.
  warnings.warn(

2025-10-16 21:58:46,912:WARNING:C:\CODING PROJECTS\ts-pycaret\.venv\Lib\site-packages\sklearn\metrics\_regression.py:483: FutureWarning: 'squared' is deprecated in version 1.4 and will be removed in 1.6. To calculate the root mean squared error, use the function'root_mean_squared_error'.
  warnings.warn(

2025-10-16 21:58:46,912:WARNING:C:\CODING PROJECTS\ts-pycaret\.venv\Lib\site-packages\sklearn\metrics\_regression.py:483: FutureWarning: 'squared' is deprecated in version 1.4 and will be removed in 1.6. To calculate the root mean squared error, use the function'root_mean_squared_error'.
  warnings.warn(

2025-10-16 21:58:46,912:WARNING:C:\CODING PROJECTS\ts-pycaret\.venv\Lib\site-packages\sklearn\metrics\_regression.py:483: FutureWarning: 'squared' is deprecated in version 1.4 and will be removed in 1.6. To calculate the root mean squared error, use the function'root_mean_squared_error'.
  warnings.warn(

2025-10-16 21:58:46,912:WARNING:C:\CODING PROJECTS\ts-pycaret\.venv\Lib\site-packages\sklearn\metrics\_regression.py:483: FutureWarning: 'squared' is deprecated in version 1.4 and will be removed in 1.6. To calculate the root mean squared error, use the function'root_mean_squared_error'.
  warnings.warn(

2025-10-16 21:58:46,912:WARNING:C:\CODING PROJECTS\ts-pycaret\.venv\Lib\site-packages\sklearn\metrics\_regression.py:483: FutureWarning: 'squared' is deprecated in version 1.4 and will be removed in 1.6. To calculate the root mean squared error, use the function'root_mean_squared_error'.
  warnings.warn(

2025-10-16 21:58:46,916:INFO:Calculating mean and std
2025-10-16 21:58:46,917:INFO:Creating metrics dataframe
2025-10-16 21:58:46,918:WARNING:C:\CODING PROJECTS\ts-pycaret\.venv\Lib\site-packages\pycaret\time_series\forecasting\oop.py:2694: FutureWarning:

The behavior of DataFrame concatenation with empty or all-NA entries is deprecated. In a future version, this will no longer exclude empty or all-NA columns when determining the result dtypes. To retain the old behavior, exclude the relevant entries before the concat operation.


2025-10-16 21:58:46,919:INFO:Uploading results into container
2025-10-16 21:58:46,919:INFO:Uploading model into container now
2025-10-16 21:58:46,919:INFO:_master_model_container: 4
2025-10-16 21:58:46,920:INFO:_display_container: 2
2025-10-16 21:58:46,920:INFO:PolynomialTrendForecaster()
2025-10-16 21:58:46,920:INFO:create_model() successfully completed......................................
2025-10-16 21:58:46,999:INFO:SubProcess create_model() end ==================================
2025-10-16 21:58:46,999:INFO:Creating metrics dataframe
2025-10-16 21:58:47,001:INFO:Initializing ARIMA
2025-10-16 21:58:47,001:INFO:Total runtime is 0.11731260617574056 minutes
2025-10-16 21:58:47,001:INFO:SubProcess create_model() called ==================================
2025-10-16 21:58:47,001:INFO:Initializing create_model()
2025-10-16 21:58:47,001:INFO:create_model(self=<pycaret.time_series.forecasting.oop.TSForecastingExperiment object at 0x000002178ECA0CD0>, estimator=arima, fold=None, round=4, cross_validation=True, predict=True, fit_kwargs={}, groups=None, refit=False, probability_threshold=None, experiment_custom_tags=None, verbose=False, system=False, add_to_model_list=True, metrics=None, display=<pycaret.internal.display.display.CommonDisplay object at 0x000002178DB8A490>, model_only=True, return_train_score=False, error_score=raise, kwargs={})
2025-10-16 21:58:47,001:INFO:Checking exceptions
2025-10-16 21:58:47,001:INFO:Importing libraries
2025-10-16 21:58:47,001:INFO:Copying training dataset
2025-10-16 21:58:47,003:INFO:Defining folds
2025-10-16 21:58:47,003:INFO:Declaring metric variables
2025-10-16 21:58:47,003:INFO:Importing untrained model
2025-10-16 21:58:47,003:INFO:ARIMA Imported successfully
2025-10-16 21:58:47,004:INFO:Starting cross validation
2025-10-16 21:58:47,005:INFO:Cross validating with ExpandingWindowSplitter(fh=ForecastingHorizon([ 1,  2,  3,  4,  5,  6,  7,  8,  9, 10, 11, 12, 13, 14, 15, 16, 17, 18,
       19, 20, 21, 22, 23, 24],
      dtype='int32', is_relative=True),
                        initial_window=48, step_length=24), n_jobs=-1
2025-10-16 21:58:48,613:WARNING:C:\CODING PROJECTS\ts-pycaret\.venv\Lib\site-packages\sklearn\metrics\_regression.py:483: FutureWarning: 'squared' is deprecated in version 1.4 and will be removed in 1.6. To calculate the root mean squared error, use the function'root_mean_squared_error'.
  warnings.warn(

2025-10-16 21:58:48,613:WARNING:C:\CODING PROJECTS\ts-pycaret\.venv\Lib\site-packages\sklearn\metrics\_regression.py:483: FutureWarning: 'squared' is deprecated in version 1.4 and will be removed in 1.6. To calculate the root mean squared error, use the function'root_mean_squared_error'.
  warnings.warn(

2025-10-16 21:58:48,613:WARNING:C:\CODING PROJECTS\ts-pycaret\.venv\Lib\site-packages\sklearn\metrics\_regression.py:483: FutureWarning: 'squared' is deprecated in version 1.4 and will be removed in 1.6. To calculate the root mean squared error, use the function'root_mean_squared_error'.
  warnings.warn(

2025-10-16 21:58:48,613:WARNING:C:\CODING PROJECTS\ts-pycaret\.venv\Lib\site-packages\sklearn\metrics\_regression.py:483: FutureWarning: 'squared' is deprecated in version 1.4 and will be removed in 1.6. To calculate the root mean squared error, use the function'root_mean_squared_error'.
  warnings.warn(

2025-10-16 21:58:48,614:WARNING:C:\CODING PROJECTS\ts-pycaret\.venv\Lib\site-packages\sklearn\metrics\_regression.py:483: FutureWarning: 'squared' is deprecated in version 1.4 and will be removed in 1.6. To calculate the root mean squared error, use the function'root_mean_squared_error'.
  warnings.warn(

2025-10-16 21:58:48,615:WARNING:C:\CODING PROJECTS\ts-pycaret\.venv\Lib\site-packages\sklearn\metrics\_regression.py:483: FutureWarning: 'squared' is deprecated in version 1.4 and will be removed in 1.6. To calculate the root mean squared error, use the function'root_mean_squared_error'.
  warnings.warn(

2025-10-16 21:58:48,620:INFO:Calculating mean and std
2025-10-16 21:58:48,620:INFO:Creating metrics dataframe
2025-10-16 21:58:48,622:WARNING:C:\CODING PROJECTS\ts-pycaret\.venv\Lib\site-packages\pycaret\time_series\forecasting\oop.py:2694: FutureWarning:

The behavior of DataFrame concatenation with empty or all-NA entries is deprecated. In a future version, this will no longer exclude empty or all-NA columns when determining the result dtypes. To retain the old behavior, exclude the relevant entries before the concat operation.


2025-10-16 21:58:48,623:INFO:Uploading results into container
2025-10-16 21:58:48,623:INFO:Uploading model into container now
2025-10-16 21:58:48,623:INFO:_master_model_container: 5
2025-10-16 21:58:48,623:INFO:_display_container: 2
2025-10-16 21:58:48,623:INFO:ARIMA(seasonal_order=(0, 1, 0, 12))
2025-10-16 21:58:48,623:INFO:create_model() successfully completed......................................
2025-10-16 21:58:48,707:INFO:SubProcess create_model() end ==================================
2025-10-16 21:58:48,707:INFO:Creating metrics dataframe
2025-10-16 21:58:48,708:INFO:Initializing Auto ARIMA
2025-10-16 21:58:48,708:INFO:Total runtime is 0.14576981465021768 minutes
2025-10-16 21:58:48,708:INFO:SubProcess create_model() called ==================================
2025-10-16 21:58:48,709:INFO:Initializing create_model()
2025-10-16 21:58:48,709:INFO:create_model(self=<pycaret.time_series.forecasting.oop.TSForecastingExperiment object at 0x000002178ECA0CD0>, estimator=auto_arima, fold=None, round=4, cross_validation=True, predict=True, fit_kwargs={}, groups=None, refit=False, probability_threshold=None, experiment_custom_tags=None, verbose=False, system=False, add_to_model_list=True, metrics=None, display=<pycaret.internal.display.display.CommonDisplay object at 0x000002178DB8A490>, model_only=True, return_train_score=False, error_score=raise, kwargs={})
2025-10-16 21:58:48,709:INFO:Checking exceptions
2025-10-16 21:58:48,709:INFO:Importing libraries
2025-10-16 21:58:48,709:INFO:Copying training dataset
2025-10-16 21:58:48,710:INFO:Defining folds
2025-10-16 21:58:48,710:INFO:Declaring metric variables
2025-10-16 21:58:48,710:INFO:Importing untrained model
2025-10-16 21:58:48,711:INFO:Auto ARIMA Imported successfully
2025-10-16 21:58:48,712:INFO:Starting cross validation
2025-10-16 21:58:48,712:INFO:Cross validating with ExpandingWindowSplitter(fh=ForecastingHorizon([ 1,  2,  3,  4,  5,  6,  7,  8,  9, 10, 11, 12, 13, 14, 15, 16, 17, 18,
       19, 20, 21, 22, 23, 24],
      dtype='int32', is_relative=True),
                        initial_window=48, step_length=24), n_jobs=-1
2025-10-16 21:58:50,529:WARNING:C:\CODING PROJECTS\ts-pycaret\.venv\Lib\site-packages\sklearn\metrics\_regression.py:483: FutureWarning: 'squared' is deprecated in version 1.4 and will be removed in 1.6. To calculate the root mean squared error, use the function'root_mean_squared_error'.
  warnings.warn(

2025-10-16 21:58:50,529:WARNING:C:\CODING PROJECTS\ts-pycaret\.venv\Lib\site-packages\sklearn\metrics\_regression.py:483: FutureWarning: 'squared' is deprecated in version 1.4 and will be removed in 1.6. To calculate the root mean squared error, use the function'root_mean_squared_error'.
  warnings.warn(

2025-10-16 21:58:51,627:WARNING:C:\CODING PROJECTS\ts-pycaret\.venv\Lib\site-packages\sklearn\metrics\_regression.py:483: FutureWarning: 'squared' is deprecated in version 1.4 and will be removed in 1.6. To calculate the root mean squared error, use the function'root_mean_squared_error'.
  warnings.warn(

2025-10-16 21:58:51,627:WARNING:C:\CODING PROJECTS\ts-pycaret\.venv\Lib\site-packages\sklearn\metrics\_regression.py:483: FutureWarning: 'squared' is deprecated in version 1.4 and will be removed in 1.6. To calculate the root mean squared error, use the function'root_mean_squared_error'.
  warnings.warn(

2025-10-16 21:58:51,676:WARNING:C:\CODING PROJECTS\ts-pycaret\.venv\Lib\site-packages\sklearn\metrics\_regression.py:483: FutureWarning: 'squared' is deprecated in version 1.4 and will be removed in 1.6. To calculate the root mean squared error, use the function'root_mean_squared_error'.
  warnings.warn(

2025-10-16 21:58:51,677:WARNING:C:\CODING PROJECTS\ts-pycaret\.venv\Lib\site-packages\sklearn\metrics\_regression.py:483: FutureWarning: 'squared' is deprecated in version 1.4 and will be removed in 1.6. To calculate the root mean squared error, use the function'root_mean_squared_error'.
  warnings.warn(

2025-10-16 21:58:51,683:INFO:Calculating mean and std
2025-10-16 21:58:51,684:INFO:Creating metrics dataframe
2025-10-16 21:58:51,685:WARNING:C:\CODING PROJECTS\ts-pycaret\.venv\Lib\site-packages\pycaret\time_series\forecasting\oop.py:2694: FutureWarning:

The behavior of DataFrame concatenation with empty or all-NA entries is deprecated. In a future version, this will no longer exclude empty or all-NA columns when determining the result dtypes. To retain the old behavior, exclude the relevant entries before the concat operation.


2025-10-16 21:58:51,686:INFO:Uploading results into container
2025-10-16 21:58:51,686:INFO:Uploading model into container now
2025-10-16 21:58:51,686:INFO:_master_model_container: 6
2025-10-16 21:58:51,686:INFO:_display_container: 2
2025-10-16 21:58:51,687:INFO:AutoARIMA(random_state=123, sp=12, suppress_warnings=True)
2025-10-16 21:58:51,687:INFO:create_model() successfully completed......................................
2025-10-16 21:58:51,755:INFO:SubProcess create_model() end ==================================
2025-10-16 21:58:51,755:INFO:Creating metrics dataframe
2025-10-16 21:58:51,757:INFO:Initializing Exponential Smoothing
2025-10-16 21:58:51,757:INFO:Total runtime is 0.19657986561457313 minutes
2025-10-16 21:58:51,757:INFO:SubProcess create_model() called ==================================
2025-10-16 21:58:51,757:INFO:Initializing create_model()
2025-10-16 21:58:51,757:INFO:create_model(self=<pycaret.time_series.forecasting.oop.TSForecastingExperiment object at 0x000002178ECA0CD0>, estimator=exp_smooth, fold=None, round=4, cross_validation=True, predict=True, fit_kwargs={}, groups=None, refit=False, probability_threshold=None, experiment_custom_tags=None, verbose=False, system=False, add_to_model_list=True, metrics=None, display=<pycaret.internal.display.display.CommonDisplay object at 0x000002178DB8A490>, model_only=True, return_train_score=False, error_score=raise, kwargs={})
2025-10-16 21:58:51,757:INFO:Checking exceptions
2025-10-16 21:58:51,757:INFO:Importing libraries
2025-10-16 21:58:51,757:INFO:Copying training dataset
2025-10-16 21:58:51,758:INFO:Defining folds
2025-10-16 21:58:51,758:INFO:Declaring metric variables
2025-10-16 21:58:51,758:INFO:Importing untrained model
2025-10-16 21:58:51,759:INFO:Exponential Smoothing Imported successfully
2025-10-16 21:58:51,760:INFO:Starting cross validation
2025-10-16 21:58:51,760:INFO:Cross validating with ExpandingWindowSplitter(fh=ForecastingHorizon([ 1,  2,  3,  4,  5,  6,  7,  8,  9, 10, 11, 12, 13, 14, 15, 16, 17, 18,
       19, 20, 21, 22, 23, 24],
      dtype='int32', is_relative=True),
                        initial_window=48, step_length=24), n_jobs=-1
2025-10-16 21:58:51,825:WARNING:C:\CODING PROJECTS\ts-pycaret\.venv\Lib\site-packages\sklearn\metrics\_regression.py:483: FutureWarning: 'squared' is deprecated in version 1.4 and will be removed in 1.6. To calculate the root mean squared error, use the function'root_mean_squared_error'.
  warnings.warn(

2025-10-16 21:58:51,826:WARNING:C:\CODING PROJECTS\ts-pycaret\.venv\Lib\site-packages\sklearn\metrics\_regression.py:483: FutureWarning: 'squared' is deprecated in version 1.4 and will be removed in 1.6. To calculate the root mean squared error, use the function'root_mean_squared_error'.
  warnings.warn(

2025-10-16 21:58:51,831:WARNING:C:\CODING PROJECTS\ts-pycaret\.venv\Lib\site-packages\sklearn\metrics\_regression.py:483: FutureWarning: 'squared' is deprecated in version 1.4 and will be removed in 1.6. To calculate the root mean squared error, use the function'root_mean_squared_error'.
  warnings.warn(

2025-10-16 21:58:51,831:WARNING:C:\CODING PROJECTS\ts-pycaret\.venv\Lib\site-packages\sklearn\metrics\_regression.py:483: FutureWarning: 'squared' is deprecated in version 1.4 and will be removed in 1.6. To calculate the root mean squared error, use the function'root_mean_squared_error'.
  warnings.warn(

2025-10-16 21:58:51,839:WARNING:C:\CODING PROJECTS\ts-pycaret\.venv\Lib\site-packages\sklearn\metrics\_regression.py:483: FutureWarning: 'squared' is deprecated in version 1.4 and will be removed in 1.6. To calculate the root mean squared error, use the function'root_mean_squared_error'.
  warnings.warn(

2025-10-16 21:58:51,840:WARNING:C:\CODING PROJECTS\ts-pycaret\.venv\Lib\site-packages\sklearn\metrics\_regression.py:483: FutureWarning: 'squared' is deprecated in version 1.4 and will be removed in 1.6. To calculate the root mean squared error, use the function'root_mean_squared_error'.
  warnings.warn(

2025-10-16 21:58:51,851:INFO:Calculating mean and std
2025-10-16 21:58:51,851:INFO:Creating metrics dataframe
2025-10-16 21:58:51,852:WARNING:C:\CODING PROJECTS\ts-pycaret\.venv\Lib\site-packages\pycaret\time_series\forecasting\oop.py:2694: FutureWarning:

The behavior of DataFrame concatenation with empty or all-NA entries is deprecated. In a future version, this will no longer exclude empty or all-NA columns when determining the result dtypes. To retain the old behavior, exclude the relevant entries before the concat operation.


2025-10-16 21:58:51,853:INFO:Uploading results into container
2025-10-16 21:58:51,853:INFO:Uploading model into container now
2025-10-16 21:58:51,853:INFO:_master_model_container: 7
2025-10-16 21:58:51,853:INFO:_display_container: 2
2025-10-16 21:58:51,854:INFO:ExponentialSmoothing(seasonal='mul', sp=12, trend='add')
2025-10-16 21:58:51,854:INFO:create_model() successfully completed......................................
2025-10-16 21:58:51,921:INFO:SubProcess create_model() end ==================================
2025-10-16 21:58:51,921:INFO:Creating metrics dataframe
2025-10-16 21:58:51,923:INFO:Initializing ETS
2025-10-16 21:58:51,923:INFO:Total runtime is 0.19934714635213213 minutes
2025-10-16 21:58:51,923:INFO:SubProcess create_model() called ==================================
2025-10-16 21:58:51,923:INFO:Initializing create_model()
2025-10-16 21:58:51,923:INFO:create_model(self=<pycaret.time_series.forecasting.oop.TSForecastingExperiment object at 0x000002178ECA0CD0>, estimator=ets, fold=None, round=4, cross_validation=True, predict=True, fit_kwargs={}, groups=None, refit=False, probability_threshold=None, experiment_custom_tags=None, verbose=False, system=False, add_to_model_list=True, metrics=None, display=<pycaret.internal.display.display.CommonDisplay object at 0x000002178DB8A490>, model_only=True, return_train_score=False, error_score=raise, kwargs={})
2025-10-16 21:58:51,923:INFO:Checking exceptions
2025-10-16 21:58:51,923:INFO:Importing libraries
2025-10-16 21:58:51,923:INFO:Copying training dataset
2025-10-16 21:58:51,924:INFO:Defining folds
2025-10-16 21:58:51,924:INFO:Declaring metric variables
2025-10-16 21:58:51,925:INFO:Importing untrained model
2025-10-16 21:58:51,925:INFO:ETS Imported successfully
2025-10-16 21:58:51,926:INFO:Starting cross validation
2025-10-16 21:58:51,927:INFO:Cross validating with ExpandingWindowSplitter(fh=ForecastingHorizon([ 1,  2,  3,  4,  5,  6,  7,  8,  9, 10, 11, 12, 13, 14, 15, 16, 17, 18,
       19, 20, 21, 22, 23, 24],
      dtype='int32', is_relative=True),
                        initial_window=48, step_length=24), n_jobs=-1
2025-10-16 21:58:52,025:WARNING:C:\CODING PROJECTS\ts-pycaret\.venv\Lib\site-packages\sklearn\metrics\_regression.py:483: FutureWarning: 'squared' is deprecated in version 1.4 and will be removed in 1.6. To calculate the root mean squared error, use the function'root_mean_squared_error'.
  warnings.warn(

2025-10-16 21:58:52,026:WARNING:C:\CODING PROJECTS\ts-pycaret\.venv\Lib\site-packages\sklearn\metrics\_regression.py:483: FutureWarning: 'squared' is deprecated in version 1.4 and will be removed in 1.6. To calculate the root mean squared error, use the function'root_mean_squared_error'.
  warnings.warn(

2025-10-16 21:58:52,032:WARNING:C:\CODING PROJECTS\ts-pycaret\.venv\Lib\site-packages\sklearn\metrics\_regression.py:483: FutureWarning: 'squared' is deprecated in version 1.4 and will be removed in 1.6. To calculate the root mean squared error, use the function'root_mean_squared_error'.
  warnings.warn(

2025-10-16 21:58:52,032:WARNING:C:\CODING PROJECTS\ts-pycaret\.venv\Lib\site-packages\sklearn\metrics\_regression.py:483: FutureWarning: 'squared' is deprecated in version 1.4 and will be removed in 1.6. To calculate the root mean squared error, use the function'root_mean_squared_error'.
  warnings.warn(

2025-10-16 21:58:52,034:WARNING:C:\CODING PROJECTS\ts-pycaret\.venv\Lib\site-packages\sklearn\metrics\_regression.py:483: FutureWarning: 'squared' is deprecated in version 1.4 and will be removed in 1.6. To calculate the root mean squared error, use the function'root_mean_squared_error'.
  warnings.warn(

2025-10-16 21:58:52,034:WARNING:C:\CODING PROJECTS\ts-pycaret\.venv\Lib\site-packages\sklearn\metrics\_regression.py:483: FutureWarning: 'squared' is deprecated in version 1.4 and will be removed in 1.6. To calculate the root mean squared error, use the function'root_mean_squared_error'.
  warnings.warn(

2025-10-16 21:58:52,038:INFO:Calculating mean and std
2025-10-16 21:58:52,039:INFO:Creating metrics dataframe
2025-10-16 21:58:52,040:WARNING:C:\CODING PROJECTS\ts-pycaret\.venv\Lib\site-packages\pycaret\time_series\forecasting\oop.py:2694: FutureWarning:

The behavior of DataFrame concatenation with empty or all-NA entries is deprecated. In a future version, this will no longer exclude empty or all-NA columns when determining the result dtypes. To retain the old behavior, exclude the relevant entries before the concat operation.


2025-10-16 21:58:52,041:INFO:Uploading results into container
2025-10-16 21:58:52,041:INFO:Uploading model into container now
2025-10-16 21:58:52,041:INFO:_master_model_container: 8
2025-10-16 21:58:52,041:INFO:_display_container: 2
2025-10-16 21:58:52,042:INFO:AutoETS(seasonal='mul', sp=12, trend='add')
2025-10-16 21:58:52,042:INFO:create_model() successfully completed......................................
2025-10-16 21:58:52,110:INFO:SubProcess create_model() end ==================================
2025-10-16 21:58:52,110:INFO:Creating metrics dataframe
2025-10-16 21:58:52,112:INFO:Initializing Theta Forecaster
2025-10-16 21:58:52,112:INFO:Total runtime is 0.2024985591570536 minutes
2025-10-16 21:58:52,112:INFO:SubProcess create_model() called ==================================
2025-10-16 21:58:52,112:INFO:Initializing create_model()
2025-10-16 21:58:52,112:INFO:create_model(self=<pycaret.time_series.forecasting.oop.TSForecastingExperiment object at 0x000002178ECA0CD0>, estimator=theta, fold=None, round=4, cross_validation=True, predict=True, fit_kwargs={}, groups=None, refit=False, probability_threshold=None, experiment_custom_tags=None, verbose=False, system=False, add_to_model_list=True, metrics=None, display=<pycaret.internal.display.display.CommonDisplay object at 0x000002178DB8A490>, model_only=True, return_train_score=False, error_score=raise, kwargs={})
2025-10-16 21:58:52,112:INFO:Checking exceptions
2025-10-16 21:58:52,112:INFO:Importing libraries
2025-10-16 21:58:52,112:INFO:Copying training dataset
2025-10-16 21:58:52,114:INFO:Defining folds
2025-10-16 21:58:52,114:INFO:Declaring metric variables
2025-10-16 21:58:52,114:INFO:Importing untrained model
2025-10-16 21:58:52,114:INFO:Theta Forecaster Imported successfully
2025-10-16 21:58:52,115:INFO:Starting cross validation
2025-10-16 21:58:52,116:INFO:Cross validating with ExpandingWindowSplitter(fh=ForecastingHorizon([ 1,  2,  3,  4,  5,  6,  7,  8,  9, 10, 11, 12, 13, 14, 15, 16, 17, 18,
       19, 20, 21, 22, 23, 24],
      dtype='int32', is_relative=True),
                        initial_window=48, step_length=24), n_jobs=-1
2025-10-16 21:58:52,146:WARNING:C:\CODING PROJECTS\ts-pycaret\.venv\Lib\site-packages\sklearn\metrics\_regression.py:483: FutureWarning: 'squared' is deprecated in version 1.4 and will be removed in 1.6. To calculate the root mean squared error, use the function'root_mean_squared_error'.
  warnings.warn(

2025-10-16 21:58:52,146:WARNING:C:\CODING PROJECTS\ts-pycaret\.venv\Lib\site-packages\sklearn\metrics\_regression.py:483: FutureWarning: 'squared' is deprecated in version 1.4 and will be removed in 1.6. To calculate the root mean squared error, use the function'root_mean_squared_error'.
  warnings.warn(

2025-10-16 21:58:52,146:WARNING:C:\CODING PROJECTS\ts-pycaret\.venv\Lib\site-packages\sklearn\metrics\_regression.py:483: FutureWarning: 'squared' is deprecated in version 1.4 and will be removed in 1.6. To calculate the root mean squared error, use the function'root_mean_squared_error'.
  warnings.warn(

2025-10-16 21:58:52,147:WARNING:C:\CODING PROJECTS\ts-pycaret\.venv\Lib\site-packages\sklearn\metrics\_regression.py:483: FutureWarning: 'squared' is deprecated in version 1.4 and will be removed in 1.6. To calculate the root mean squared error, use the function'root_mean_squared_error'.
  warnings.warn(

2025-10-16 21:58:52,147:WARNING:C:\CODING PROJECTS\ts-pycaret\.venv\Lib\site-packages\sklearn\metrics\_regression.py:483: FutureWarning: 'squared' is deprecated in version 1.4 and will be removed in 1.6. To calculate the root mean squared error, use the function'root_mean_squared_error'.
  warnings.warn(

2025-10-16 21:58:52,147:WARNING:C:\CODING PROJECTS\ts-pycaret\.venv\Lib\site-packages\sklearn\metrics\_regression.py:483: FutureWarning: 'squared' is deprecated in version 1.4 and will be removed in 1.6. To calculate the root mean squared error, use the function'root_mean_squared_error'.
  warnings.warn(

2025-10-16 21:58:52,153:INFO:Calculating mean and std
2025-10-16 21:58:52,153:INFO:Creating metrics dataframe
2025-10-16 21:58:52,154:WARNING:C:\CODING PROJECTS\ts-pycaret\.venv\Lib\site-packages\pycaret\time_series\forecasting\oop.py:2694: FutureWarning:

The behavior of DataFrame concatenation with empty or all-NA entries is deprecated. In a future version, this will no longer exclude empty or all-NA columns when determining the result dtypes. To retain the old behavior, exclude the relevant entries before the concat operation.


2025-10-16 21:58:52,155:INFO:Uploading results into container
2025-10-16 21:58:52,155:INFO:Uploading model into container now
2025-10-16 21:58:52,155:INFO:_master_model_container: 9
2025-10-16 21:58:52,156:INFO:_display_container: 2
2025-10-16 21:58:52,156:INFO:ThetaForecaster(sp=12)
2025-10-16 21:58:52,156:INFO:create_model() successfully completed......................................
2025-10-16 21:58:52,224:INFO:SubProcess create_model() end ==================================
2025-10-16 21:58:52,224:INFO:Creating metrics dataframe
2025-10-16 21:58:52,226:INFO:Initializing STLF
2025-10-16 21:58:52,226:INFO:Total runtime is 0.20439933935801183 minutes
2025-10-16 21:58:52,226:INFO:SubProcess create_model() called ==================================
2025-10-16 21:58:52,226:INFO:Initializing create_model()
2025-10-16 21:58:52,226:INFO:create_model(self=<pycaret.time_series.forecasting.oop.TSForecastingExperiment object at 0x000002178ECA0CD0>, estimator=stlf, fold=None, round=4, cross_validation=True, predict=True, fit_kwargs={}, groups=None, refit=False, probability_threshold=None, experiment_custom_tags=None, verbose=False, system=False, add_to_model_list=True, metrics=None, display=<pycaret.internal.display.display.CommonDisplay object at 0x000002178DB8A490>, model_only=True, return_train_score=False, error_score=raise, kwargs={})
2025-10-16 21:58:52,226:INFO:Checking exceptions
2025-10-16 21:58:52,226:INFO:Importing libraries
2025-10-16 21:58:52,226:INFO:Copying training dataset
2025-10-16 21:58:52,228:INFO:Defining folds
2025-10-16 21:58:52,228:INFO:Declaring metric variables
2025-10-16 21:58:52,228:INFO:Importing untrained model
2025-10-16 21:58:52,228:INFO:STLF Imported successfully
2025-10-16 21:58:52,229:INFO:Starting cross validation
2025-10-16 21:58:52,230:INFO:Cross validating with ExpandingWindowSplitter(fh=ForecastingHorizon([ 1,  2,  3,  4,  5,  6,  7,  8,  9, 10, 11, 12, 13, 14, 15, 16, 17, 18,
       19, 20, 21, 22, 23, 24],
      dtype='int32', is_relative=True),
                        initial_window=48, step_length=24), n_jobs=-1
2025-10-16 21:58:52,269:WARNING:C:\CODING PROJECTS\ts-pycaret\.venv\Lib\site-packages\sklearn\metrics\_regression.py:483: FutureWarning: 'squared' is deprecated in version 1.4 and will be removed in 1.6. To calculate the root mean squared error, use the function'root_mean_squared_error'.
  warnings.warn(

2025-10-16 21:58:52,269:WARNING:C:\CODING PROJECTS\ts-pycaret\.venv\Lib\site-packages\sklearn\metrics\_regression.py:483: FutureWarning: 'squared' is deprecated in version 1.4 and will be removed in 1.6. To calculate the root mean squared error, use the function'root_mean_squared_error'.
  warnings.warn(

2025-10-16 21:58:52,269:WARNING:C:\CODING PROJECTS\ts-pycaret\.venv\Lib\site-packages\sklearn\metrics\_regression.py:483: FutureWarning: 'squared' is deprecated in version 1.4 and will be removed in 1.6. To calculate the root mean squared error, use the function'root_mean_squared_error'.
  warnings.warn(

2025-10-16 21:58:52,269:WARNING:C:\CODING PROJECTS\ts-pycaret\.venv\Lib\site-packages\sklearn\metrics\_regression.py:483: FutureWarning: 'squared' is deprecated in version 1.4 and will be removed in 1.6. To calculate the root mean squared error, use the function'root_mean_squared_error'.
  warnings.warn(

2025-10-16 21:58:52,269:WARNING:C:\CODING PROJECTS\ts-pycaret\.venv\Lib\site-packages\sklearn\metrics\_regression.py:483: FutureWarning: 'squared' is deprecated in version 1.4 and will be removed in 1.6. To calculate the root mean squared error, use the function'root_mean_squared_error'.
  warnings.warn(

2025-10-16 21:58:52,278:INFO:Calculating mean and std
2025-10-16 21:58:52,279:INFO:Creating metrics dataframe
2025-10-16 21:58:52,280:WARNING:C:\CODING PROJECTS\ts-pycaret\.venv\Lib\site-packages\pycaret\time_series\forecasting\oop.py:2694: FutureWarning:

The behavior of DataFrame concatenation with empty or all-NA entries is deprecated. In a future version, this will no longer exclude empty or all-NA columns when determining the result dtypes. To retain the old behavior, exclude the relevant entries before the concat operation.


2025-10-16 21:58:52,281:INFO:Uploading results into container
2025-10-16 21:58:52,281:INFO:Uploading model into container now
2025-10-16 21:58:52,281:INFO:_master_model_container: 10
2025-10-16 21:58:52,281:INFO:_display_container: 2
2025-10-16 21:58:52,281:INFO:STLForecaster(sp=12)
2025-10-16 21:58:52,281:INFO:create_model() successfully completed......................................
2025-10-16 21:58:52,363:INFO:SubProcess create_model() end ==================================
2025-10-16 21:58:52,363:INFO:Creating metrics dataframe
2025-10-16 21:58:52,365:INFO:Initializing Croston
2025-10-16 21:58:52,365:INFO:Total runtime is 0.20670853455861404 minutes
2025-10-16 21:58:52,365:INFO:SubProcess create_model() called ==================================
2025-10-16 21:58:52,365:INFO:Initializing create_model()
2025-10-16 21:58:52,365:INFO:create_model(self=<pycaret.time_series.forecasting.oop.TSForecastingExperiment object at 0x000002178ECA0CD0>, estimator=croston, fold=None, round=4, cross_validation=True, predict=True, fit_kwargs={}, groups=None, refit=False, probability_threshold=None, experiment_custom_tags=None, verbose=False, system=False, add_to_model_list=True, metrics=None, display=<pycaret.internal.display.display.CommonDisplay object at 0x000002178DB8A490>, model_only=True, return_train_score=False, error_score=raise, kwargs={})
2025-10-16 21:58:52,365:INFO:Checking exceptions
2025-10-16 21:58:52,365:INFO:Importing libraries
2025-10-16 21:58:52,365:INFO:Copying training dataset
2025-10-16 21:58:52,366:INFO:Defining folds
2025-10-16 21:58:52,366:INFO:Declaring metric variables
2025-10-16 21:58:52,367:INFO:Importing untrained model
2025-10-16 21:58:52,367:INFO:Croston Imported successfully
2025-10-16 21:58:52,368:INFO:Starting cross validation
2025-10-16 21:58:52,368:INFO:Cross validating with ExpandingWindowSplitter(fh=ForecastingHorizon([ 1,  2,  3,  4,  5,  6,  7,  8,  9, 10, 11, 12, 13, 14, 15, 16, 17, 18,
       19, 20, 21, 22, 23, 24],
      dtype='int32', is_relative=True),
                        initial_window=48, step_length=24), n_jobs=-1
2025-10-16 21:58:52,383:WARNING:C:\CODING PROJECTS\ts-pycaret\.venv\Lib\site-packages\sklearn\metrics\_regression.py:483: FutureWarning: 'squared' is deprecated in version 1.4 and will be removed in 1.6. To calculate the root mean squared error, use the function'root_mean_squared_error'.
  warnings.warn(

2025-10-16 21:58:52,383:WARNING:C:\CODING PROJECTS\ts-pycaret\.venv\Lib\site-packages\sklearn\metrics\_regression.py:483: FutureWarning: 'squared' is deprecated in version 1.4 and will be removed in 1.6. To calculate the root mean squared error, use the function'root_mean_squared_error'.
  warnings.warn(

2025-10-16 21:58:52,383:WARNING:C:\CODING PROJECTS\ts-pycaret\.venv\Lib\site-packages\sklearn\metrics\_regression.py:483: FutureWarning: 'squared' is deprecated in version 1.4 and will be removed in 1.6. To calculate the root mean squared error, use the function'root_mean_squared_error'.
  warnings.warn(

2025-10-16 21:58:52,383:WARNING:C:\CODING PROJECTS\ts-pycaret\.venv\Lib\site-packages\sklearn\metrics\_regression.py:483: FutureWarning: 'squared' is deprecated in version 1.4 and will be removed in 1.6. To calculate the root mean squared error, use the function'root_mean_squared_error'.
  warnings.warn(

2025-10-16 21:58:52,383:WARNING:C:\CODING PROJECTS\ts-pycaret\.venv\Lib\site-packages\sklearn\metrics\_regression.py:483: FutureWarning: 'squared' is deprecated in version 1.4 and will be removed in 1.6. To calculate the root mean squared error, use the function'root_mean_squared_error'.
  warnings.warn(

2025-10-16 21:58:52,383:WARNING:C:\CODING PROJECTS\ts-pycaret\.venv\Lib\site-packages\sklearn\metrics\_regression.py:483: FutureWarning: 'squared' is deprecated in version 1.4 and will be removed in 1.6. To calculate the root mean squared error, use the function'root_mean_squared_error'.
  warnings.warn(

2025-10-16 21:58:52,394:INFO:Calculating mean and std
2025-10-16 21:58:52,394:INFO:Creating metrics dataframe
2025-10-16 21:58:52,395:WARNING:C:\CODING PROJECTS\ts-pycaret\.venv\Lib\site-packages\pycaret\time_series\forecasting\oop.py:2694: FutureWarning:

The behavior of DataFrame concatenation with empty or all-NA entries is deprecated. In a future version, this will no longer exclude empty or all-NA columns when determining the result dtypes. To retain the old behavior, exclude the relevant entries before the concat operation.


2025-10-16 21:58:52,396:INFO:Uploading results into container
2025-10-16 21:58:52,396:INFO:Uploading model into container now
2025-10-16 21:58:52,396:INFO:_master_model_container: 11
2025-10-16 21:58:52,396:INFO:_display_container: 2
2025-10-16 21:58:52,396:INFO:Croston()
2025-10-16 21:58:52,396:INFO:create_model() successfully completed......................................
2025-10-16 21:58:52,465:INFO:SubProcess create_model() end ==================================
2025-10-16 21:58:52,465:INFO:Creating metrics dataframe
2025-10-16 21:58:52,467:INFO:Initializing BATS
2025-10-16 21:58:52,467:INFO:Total runtime is 0.208409563700358 minutes
2025-10-16 21:58:52,467:INFO:SubProcess create_model() called ==================================
2025-10-16 21:58:52,467:INFO:Initializing create_model()
2025-10-16 21:58:52,467:INFO:create_model(self=<pycaret.time_series.forecasting.oop.TSForecastingExperiment object at 0x000002178ECA0CD0>, estimator=bats, fold=None, round=4, cross_validation=True, predict=True, fit_kwargs={}, groups=None, refit=False, probability_threshold=None, experiment_custom_tags=None, verbose=False, system=False, add_to_model_list=True, metrics=None, display=<pycaret.internal.display.display.CommonDisplay object at 0x000002178DB8A490>, model_only=True, return_train_score=False, error_score=raise, kwargs={})
2025-10-16 21:58:52,467:INFO:Checking exceptions
2025-10-16 21:58:52,467:INFO:Importing libraries
2025-10-16 21:58:52,467:INFO:Copying training dataset
2025-10-16 21:58:52,468:INFO:Defining folds
2025-10-16 21:58:52,468:INFO:Declaring metric variables
2025-10-16 21:58:52,469:INFO:Importing untrained model
2025-10-16 21:58:52,469:INFO:BATS Imported successfully
2025-10-16 21:58:52,470:INFO:Starting cross validation
2025-10-16 21:58:52,470:INFO:Cross validating with ExpandingWindowSplitter(fh=ForecastingHorizon([ 1,  2,  3,  4,  5,  6,  7,  8,  9, 10, 11, 12, 13, 14, 15, 16, 17, 18,
       19, 20, 21, 22, 23, 24],
      dtype='int32', is_relative=True),
                        initial_window=48, step_length=24), n_jobs=-1
2025-10-16 21:58:55,684:WARNING:C:\CODING PROJECTS\ts-pycaret\.venv\Lib\site-packages\sklearn\metrics\_regression.py:483: FutureWarning: 'squared' is deprecated in version 1.4 and will be removed in 1.6. To calculate the root mean squared error, use the function'root_mean_squared_error'.
  warnings.warn(

2025-10-16 21:58:55,684:WARNING:C:\CODING PROJECTS\ts-pycaret\.venv\Lib\site-packages\sklearn\metrics\_regression.py:483: FutureWarning: 'squared' is deprecated in version 1.4 and will be removed in 1.6. To calculate the root mean squared error, use the function'root_mean_squared_error'.
  warnings.warn(

2025-10-16 21:58:55,921:WARNING:C:\CODING PROJECTS\ts-pycaret\.venv\Lib\site-packages\sklearn\metrics\_regression.py:483: FutureWarning: 'squared' is deprecated in version 1.4 and will be removed in 1.6. To calculate the root mean squared error, use the function'root_mean_squared_error'.
  warnings.warn(

2025-10-16 21:58:55,921:WARNING:C:\CODING PROJECTS\ts-pycaret\.venv\Lib\site-packages\sklearn\metrics\_regression.py:483: FutureWarning: 'squared' is deprecated in version 1.4 and will be removed in 1.6. To calculate the root mean squared error, use the function'root_mean_squared_error'.
  warnings.warn(

2025-10-16 21:58:56,414:WARNING:C:\CODING PROJECTS\ts-pycaret\.venv\Lib\site-packages\sklearn\metrics\_regression.py:483: FutureWarning: 'squared' is deprecated in version 1.4 and will be removed in 1.6. To calculate the root mean squared error, use the function'root_mean_squared_error'.
  warnings.warn(

2025-10-16 21:58:56,415:WARNING:C:\CODING PROJECTS\ts-pycaret\.venv\Lib\site-packages\sklearn\metrics\_regression.py:483: FutureWarning: 'squared' is deprecated in version 1.4 and will be removed in 1.6. To calculate the root mean squared error, use the function'root_mean_squared_error'.
  warnings.warn(

2025-10-16 21:58:56,428:INFO:Calculating mean and std
2025-10-16 21:58:56,429:INFO:Creating metrics dataframe
2025-10-16 21:58:56,430:WARNING:C:\CODING PROJECTS\ts-pycaret\.venv\Lib\site-packages\pycaret\time_series\forecasting\oop.py:2694: FutureWarning:

The behavior of DataFrame concatenation with empty or all-NA entries is deprecated. In a future version, this will no longer exclude empty or all-NA columns when determining the result dtypes. To retain the old behavior, exclude the relevant entries before the concat operation.


2025-10-16 21:58:56,431:INFO:Uploading results into container
2025-10-16 21:58:56,431:INFO:Uploading model into container now
2025-10-16 21:58:56,431:INFO:_master_model_container: 12
2025-10-16 21:58:56,431:INFO:_display_container: 2
2025-10-16 21:58:56,431:INFO:BATS(show_warnings=False, sp=12, use_box_cox=True)
2025-10-16 21:58:56,431:INFO:create_model() successfully completed......................................
2025-10-16 21:58:56,501:INFO:SubProcess create_model() end ==================================
2025-10-16 21:58:56,501:INFO:Creating metrics dataframe
2025-10-16 21:58:56,502:INFO:Initializing TBATS
2025-10-16 21:58:56,503:INFO:Total runtime is 0.2756748000780741 minutes
2025-10-16 21:58:56,503:INFO:SubProcess create_model() called ==================================
2025-10-16 21:58:56,503:INFO:Initializing create_model()
2025-10-16 21:58:56,503:INFO:create_model(self=<pycaret.time_series.forecasting.oop.TSForecastingExperiment object at 0x000002178ECA0CD0>, estimator=tbats, fold=None, round=4, cross_validation=True, predict=True, fit_kwargs={}, groups=None, refit=False, probability_threshold=None, experiment_custom_tags=None, verbose=False, system=False, add_to_model_list=True, metrics=None, display=<pycaret.internal.display.display.CommonDisplay object at 0x000002178DB8A490>, model_only=True, return_train_score=False, error_score=raise, kwargs={})
2025-10-16 21:58:56,503:INFO:Checking exceptions
2025-10-16 21:58:56,503:INFO:Importing libraries
2025-10-16 21:58:56,503:INFO:Copying training dataset
2025-10-16 21:58:56,504:INFO:Defining folds
2025-10-16 21:58:56,504:INFO:Declaring metric variables
2025-10-16 21:58:56,504:INFO:Importing untrained model
2025-10-16 21:58:56,505:INFO:TBATS Imported successfully
2025-10-16 21:58:56,506:INFO:Starting cross validation
2025-10-16 21:58:56,506:INFO:Cross validating with ExpandingWindowSplitter(fh=ForecastingHorizon([ 1,  2,  3,  4,  5,  6,  7,  8,  9, 10, 11, 12, 13, 14, 15, 16, 17, 18,
       19, 20, 21, 22, 23, 24],
      dtype='int32', is_relative=True),
                        initial_window=48, step_length=24), n_jobs=-1
2025-10-16 21:59:04,564:WARNING:C:\CODING PROJECTS\ts-pycaret\.venv\Lib\site-packages\sklearn\metrics\_regression.py:483: FutureWarning: 'squared' is deprecated in version 1.4 and will be removed in 1.6. To calculate the root mean squared error, use the function'root_mean_squared_error'.
  warnings.warn(

2025-10-16 21:59:04,565:WARNING:C:\CODING PROJECTS\ts-pycaret\.venv\Lib\site-packages\sklearn\metrics\_regression.py:483: FutureWarning: 'squared' is deprecated in version 1.4 and will be removed in 1.6. To calculate the root mean squared error, use the function'root_mean_squared_error'.
  warnings.warn(

2025-10-16 21:59:05,805:WARNING:C:\CODING PROJECTS\ts-pycaret\.venv\Lib\site-packages\sklearn\metrics\_regression.py:483: FutureWarning: 'squared' is deprecated in version 1.4 and will be removed in 1.6. To calculate the root mean squared error, use the function'root_mean_squared_error'.
  warnings.warn(

2025-10-16 21:59:05,806:WARNING:C:\CODING PROJECTS\ts-pycaret\.venv\Lib\site-packages\sklearn\metrics\_regression.py:483: FutureWarning: 'squared' is deprecated in version 1.4 and will be removed in 1.6. To calculate the root mean squared error, use the function'root_mean_squared_error'.
  warnings.warn(

2025-10-16 21:59:10,751:WARNING:C:\CODING PROJECTS\ts-pycaret\.venv\Lib\site-packages\sklearn\metrics\_regression.py:483: FutureWarning: 'squared' is deprecated in version 1.4 and will be removed in 1.6. To calculate the root mean squared error, use the function'root_mean_squared_error'.
  warnings.warn(

2025-10-16 21:59:10,751:WARNING:C:\CODING PROJECTS\ts-pycaret\.venv\Lib\site-packages\sklearn\metrics\_regression.py:483: FutureWarning: 'squared' is deprecated in version 1.4 and will be removed in 1.6. To calculate the root mean squared error, use the function'root_mean_squared_error'.
  warnings.warn(

2025-10-16 21:59:10,761:INFO:Calculating mean and std
2025-10-16 21:59:10,761:INFO:Creating metrics dataframe
2025-10-16 21:59:10,762:WARNING:C:\CODING PROJECTS\ts-pycaret\.venv\Lib\site-packages\pycaret\time_series\forecasting\oop.py:2694: FutureWarning:

The behavior of DataFrame concatenation with empty or all-NA entries is deprecated. In a future version, this will no longer exclude empty or all-NA columns when determining the result dtypes. To retain the old behavior, exclude the relevant entries before the concat operation.


2025-10-16 21:59:10,763:INFO:Uploading results into container
2025-10-16 21:59:10,763:INFO:Uploading model into container now
2025-10-16 21:59:10,764:INFO:_master_model_container: 13
2025-10-16 21:59:10,764:INFO:_display_container: 2
2025-10-16 21:59:10,764:INFO:TBATS(show_warnings=False, sp=[12], use_box_cox=True)
2025-10-16 21:59:10,764:INFO:create_model() successfully completed......................................
2025-10-16 21:59:10,835:INFO:SubProcess create_model() end ==================================
2025-10-16 21:59:10,835:INFO:Creating metrics dataframe
2025-10-16 21:59:10,837:INFO:Initializing Linear w/ Cond. Deseasonalize & Detrending
2025-10-16 21:59:10,837:INFO:Total runtime is 0.5145901719729105 minutes
2025-10-16 21:59:10,837:INFO:SubProcess create_model() called ==================================
2025-10-16 21:59:10,837:INFO:Initializing create_model()
2025-10-16 21:59:10,837:INFO:create_model(self=<pycaret.time_series.forecasting.oop.TSForecastingExperiment object at 0x000002178ECA0CD0>, estimator=lr_cds_dt, fold=None, round=4, cross_validation=True, predict=True, fit_kwargs={}, groups=None, refit=False, probability_threshold=None, experiment_custom_tags=None, verbose=False, system=False, add_to_model_list=True, metrics=None, display=<pycaret.internal.display.display.CommonDisplay object at 0x000002178DB8A490>, model_only=True, return_train_score=False, error_score=raise, kwargs={})
2025-10-16 21:59:10,837:INFO:Checking exceptions
2025-10-16 21:59:10,837:INFO:Importing libraries
2025-10-16 21:59:10,837:INFO:Copying training dataset
2025-10-16 21:59:10,839:INFO:Defining folds
2025-10-16 21:59:10,839:INFO:Declaring metric variables
2025-10-16 21:59:10,839:INFO:Importing untrained model
2025-10-16 21:59:10,839:INFO:Linear w/ Cond. Deseasonalize & Detrending Imported successfully
2025-10-16 21:59:10,840:INFO:Starting cross validation
2025-10-16 21:59:10,841:INFO:Cross validating with ExpandingWindowSplitter(fh=ForecastingHorizon([ 1,  2,  3,  4,  5,  6,  7,  8,  9, 10, 11, 12, 13, 14, 15, 16, 17, 18,
       19, 20, 21, 22, 23, 24],
      dtype='int32', is_relative=True),
                        initial_window=48, step_length=24), n_jobs=-1
2025-10-16 21:59:11,186:WARNING:
'prophet' is a soft dependency and not included in the pycaret installation. Please run: `pip install prophet` to install.
2025-10-16 21:59:11,186:WARNING:
'prophet' is a soft dependency and not included in the pycaret installation. Please run: `pip install prophet` to install.
2025-10-16 21:59:11,186:WARNING:
'prophet' is a soft dependency and not included in the pycaret installation. Please run: `pip install prophet` to install.
2025-10-16 21:59:11,523:WARNING:C:\CODING PROJECTS\ts-pycaret\.venv\Lib\site-packages\sklearn\metrics\_regression.py:483: FutureWarning: 'squared' is deprecated in version 1.4 and will be removed in 1.6. To calculate the root mean squared error, use the function'root_mean_squared_error'.
  warnings.warn(

2025-10-16 21:59:11,523:WARNING:C:\CODING PROJECTS\ts-pycaret\.venv\Lib\site-packages\sklearn\metrics\_regression.py:483: FutureWarning: 'squared' is deprecated in version 1.4 and will be removed in 1.6. To calculate the root mean squared error, use the function'root_mean_squared_error'.
  warnings.warn(

2025-10-16 21:59:11,525:WARNING:C:\CODING PROJECTS\ts-pycaret\.venv\Lib\site-packages\sklearn\metrics\_regression.py:483: FutureWarning: 'squared' is deprecated in version 1.4 and will be removed in 1.6. To calculate the root mean squared error, use the function'root_mean_squared_error'.
  warnings.warn(

2025-10-16 21:59:11,526:WARNING:C:\CODING PROJECTS\ts-pycaret\.venv\Lib\site-packages\sklearn\metrics\_regression.py:483: FutureWarning: 'squared' is deprecated in version 1.4 and will be removed in 1.6. To calculate the root mean squared error, use the function'root_mean_squared_error'.
  warnings.warn(

2025-10-16 21:59:11,529:WARNING:C:\CODING PROJECTS\ts-pycaret\.venv\Lib\site-packages\sklearn\metrics\_regression.py:483: FutureWarning: 'squared' is deprecated in version 1.4 and will be removed in 1.6. To calculate the root mean squared error, use the function'root_mean_squared_error'.
  warnings.warn(

2025-10-16 21:59:11,529:WARNING:C:\CODING PROJECTS\ts-pycaret\.venv\Lib\site-packages\sklearn\metrics\_regression.py:483: FutureWarning: 'squared' is deprecated in version 1.4 and will be removed in 1.6. To calculate the root mean squared error, use the function'root_mean_squared_error'.
  warnings.warn(

2025-10-16 21:59:11,542:INFO:Calculating mean and std
2025-10-16 21:59:11,542:INFO:Creating metrics dataframe
2025-10-16 21:59:11,543:WARNING:C:\CODING PROJECTS\ts-pycaret\.venv\Lib\site-packages\pycaret\time_series\forecasting\oop.py:2694: FutureWarning:

The behavior of DataFrame concatenation with empty or all-NA entries is deprecated. In a future version, this will no longer exclude empty or all-NA columns when determining the result dtypes. To retain the old behavior, exclude the relevant entries before the concat operation.


2025-10-16 21:59:11,544:INFO:Uploading results into container
2025-10-16 21:59:11,544:INFO:Uploading model into container now
2025-10-16 21:59:11,545:INFO:_master_model_container: 14
2025-10-16 21:59:11,545:INFO:_display_container: 2
2025-10-16 21:59:11,547:INFO:BaseCdsDtForecaster(fe_target_rr=[WindowSummarizer(lag_feature={'lag': [12, 11,
                                                                        10, 9,
                                                                        8, 7, 6,
                                                                        5, 4, 3,
                                                                        2, 1]},
                                                   n_jobs=1)],
                    regressor=LinearRegression(n_jobs=-1), sp=12,
                    window_length=12)
2025-10-16 21:59:11,547:INFO:create_model() successfully completed......................................
2025-10-16 21:59:11,625:INFO:SubProcess create_model() end ==================================
2025-10-16 21:59:11,625:INFO:Creating metrics dataframe
2025-10-16 21:59:11,627:INFO:Initializing Elastic Net w/ Cond. Deseasonalize & Detrending
2025-10-16 21:59:11,627:INFO:Total runtime is 0.5277452548344929 minutes
2025-10-16 21:59:11,627:INFO:SubProcess create_model() called ==================================
2025-10-16 21:59:11,627:INFO:Initializing create_model()
2025-10-16 21:59:11,627:INFO:create_model(self=<pycaret.time_series.forecasting.oop.TSForecastingExperiment object at 0x000002178ECA0CD0>, estimator=en_cds_dt, fold=None, round=4, cross_validation=True, predict=True, fit_kwargs={}, groups=None, refit=False, probability_threshold=None, experiment_custom_tags=None, verbose=False, system=False, add_to_model_list=True, metrics=None, display=<pycaret.internal.display.display.CommonDisplay object at 0x000002178DB8A490>, model_only=True, return_train_score=False, error_score=raise, kwargs={})
2025-10-16 21:59:11,627:INFO:Checking exceptions
2025-10-16 21:59:11,627:INFO:Importing libraries
2025-10-16 21:59:11,627:INFO:Copying training dataset
2025-10-16 21:59:11,628:INFO:Defining folds
2025-10-16 21:59:11,628:INFO:Declaring metric variables
2025-10-16 21:59:11,629:INFO:Importing untrained model
2025-10-16 21:59:11,629:INFO:Elastic Net w/ Cond. Deseasonalize & Detrending Imported successfully
2025-10-16 21:59:11,630:INFO:Starting cross validation
2025-10-16 21:59:11,631:INFO:Cross validating with ExpandingWindowSplitter(fh=ForecastingHorizon([ 1,  2,  3,  4,  5,  6,  7,  8,  9, 10, 11, 12, 13, 14, 15, 16, 17, 18,
       19, 20, 21, 22, 23, 24],
      dtype='int32', is_relative=True),
                        initial_window=48, step_length=24), n_jobs=-1
2025-10-16 21:59:11,967:WARNING:
'prophet' is a soft dependency and not included in the pycaret installation. Please run: `pip install prophet` to install.
2025-10-16 21:59:11,967:WARNING:
'prophet' is a soft dependency and not included in the pycaret installation. Please run: `pip install prophet` to install.
2025-10-16 21:59:11,967:WARNING:
'prophet' is a soft dependency and not included in the pycaret installation. Please run: `pip install prophet` to install.
2025-10-16 21:59:12,295:WARNING:C:\CODING PROJECTS\ts-pycaret\.venv\Lib\site-packages\sklearn\metrics\_regression.py:483: FutureWarning: 'squared' is deprecated in version 1.4 and will be removed in 1.6. To calculate the root mean squared error, use the function'root_mean_squared_error'.
  warnings.warn(

2025-10-16 21:59:12,296:WARNING:C:\CODING PROJECTS\ts-pycaret\.venv\Lib\site-packages\sklearn\metrics\_regression.py:483: FutureWarning: 'squared' is deprecated in version 1.4 and will be removed in 1.6. To calculate the root mean squared error, use the function'root_mean_squared_error'.
  warnings.warn(

2025-10-16 21:59:12,297:WARNING:C:\CODING PROJECTS\ts-pycaret\.venv\Lib\site-packages\sklearn\metrics\_regression.py:483: FutureWarning: 'squared' is deprecated in version 1.4 and will be removed in 1.6. To calculate the root mean squared error, use the function'root_mean_squared_error'.
  warnings.warn(

2025-10-16 21:59:12,298:WARNING:C:\CODING PROJECTS\ts-pycaret\.venv\Lib\site-packages\sklearn\metrics\_regression.py:483: FutureWarning: 'squared' is deprecated in version 1.4 and will be removed in 1.6. To calculate the root mean squared error, use the function'root_mean_squared_error'.
  warnings.warn(

2025-10-16 21:59:12,298:WARNING:C:\CODING PROJECTS\ts-pycaret\.venv\Lib\site-packages\sklearn\metrics\_regression.py:483: FutureWarning: 'squared' is deprecated in version 1.4 and will be removed in 1.6. To calculate the root mean squared error, use the function'root_mean_squared_error'.
  warnings.warn(

2025-10-16 21:59:12,298:WARNING:C:\CODING PROJECTS\ts-pycaret\.venv\Lib\site-packages\sklearn\metrics\_regression.py:483: FutureWarning: 'squared' is deprecated in version 1.4 and will be removed in 1.6. To calculate the root mean squared error, use the function'root_mean_squared_error'.
  warnings.warn(

2025-10-16 21:59:12,311:INFO:Calculating mean and std
2025-10-16 21:59:12,311:INFO:Creating metrics dataframe
2025-10-16 21:59:12,312:WARNING:C:\CODING PROJECTS\ts-pycaret\.venv\Lib\site-packages\pycaret\time_series\forecasting\oop.py:2694: FutureWarning:

The behavior of DataFrame concatenation with empty or all-NA entries is deprecated. In a future version, this will no longer exclude empty or all-NA columns when determining the result dtypes. To retain the old behavior, exclude the relevant entries before the concat operation.


2025-10-16 21:59:12,313:INFO:Uploading results into container
2025-10-16 21:59:12,313:INFO:Uploading model into container now
2025-10-16 21:59:12,314:INFO:_master_model_container: 15
2025-10-16 21:59:12,314:INFO:_display_container: 2
2025-10-16 21:59:12,315:INFO:BaseCdsDtForecaster(fe_target_rr=[WindowSummarizer(lag_feature={'lag': [12, 11,
                                                                        10, 9,
                                                                        8, 7, 6,
                                                                        5, 4, 3,
                                                                        2, 1]},
                                                   n_jobs=1)],
                    regressor=ElasticNet(random_state=123), sp=12,
                    window_length=12)
2025-10-16 21:59:12,315:INFO:create_model() successfully completed......................................
2025-10-16 21:59:12,384:INFO:SubProcess create_model() end ==================================
2025-10-16 21:59:12,384:INFO:Creating metrics dataframe
2025-10-16 21:59:12,386:INFO:Initializing Ridge w/ Cond. Deseasonalize & Detrending
2025-10-16 21:59:12,386:INFO:Total runtime is 0.5403974493344623 minutes
2025-10-16 21:59:12,386:INFO:SubProcess create_model() called ==================================
2025-10-16 21:59:12,386:INFO:Initializing create_model()
2025-10-16 21:59:12,386:INFO:create_model(self=<pycaret.time_series.forecasting.oop.TSForecastingExperiment object at 0x000002178ECA0CD0>, estimator=ridge_cds_dt, fold=None, round=4, cross_validation=True, predict=True, fit_kwargs={}, groups=None, refit=False, probability_threshold=None, experiment_custom_tags=None, verbose=False, system=False, add_to_model_list=True, metrics=None, display=<pycaret.internal.display.display.CommonDisplay object at 0x000002178DB8A490>, model_only=True, return_train_score=False, error_score=raise, kwargs={})
2025-10-16 21:59:12,386:INFO:Checking exceptions
2025-10-16 21:59:12,386:INFO:Importing libraries
2025-10-16 21:59:12,386:INFO:Copying training dataset
2025-10-16 21:59:12,388:INFO:Defining folds
2025-10-16 21:59:12,388:INFO:Declaring metric variables
2025-10-16 21:59:12,388:INFO:Importing untrained model
2025-10-16 21:59:12,388:INFO:Ridge w/ Cond. Deseasonalize & Detrending Imported successfully
2025-10-16 21:59:12,389:INFO:Starting cross validation
2025-10-16 21:59:12,390:INFO:Cross validating with ExpandingWindowSplitter(fh=ForecastingHorizon([ 1,  2,  3,  4,  5,  6,  7,  8,  9, 10, 11, 12, 13, 14, 15, 16, 17, 18,
       19, 20, 21, 22, 23, 24],
      dtype='int32', is_relative=True),
                        initial_window=48, step_length=24), n_jobs=-1
2025-10-16 21:59:12,739:WARNING:
'prophet' is a soft dependency and not included in the pycaret installation. Please run: `pip install prophet` to install.
2025-10-16 21:59:12,739:WARNING:
'prophet' is a soft dependency and not included in the pycaret installation. Please run: `pip install prophet` to install.
2025-10-16 21:59:12,743:WARNING:
'prophet' is a soft dependency and not included in the pycaret installation. Please run: `pip install prophet` to install.
2025-10-16 21:59:13,211:WARNING:C:\CODING PROJECTS\ts-pycaret\.venv\Lib\site-packages\sklearn\metrics\_regression.py:483: FutureWarning: 'squared' is deprecated in version 1.4 and will be removed in 1.6. To calculate the root mean squared error, use the function'root_mean_squared_error'.
  warnings.warn(

2025-10-16 21:59:13,211:WARNING:C:\CODING PROJECTS\ts-pycaret\.venv\Lib\site-packages\sklearn\metrics\_regression.py:483: FutureWarning: 'squared' is deprecated in version 1.4 and will be removed in 1.6. To calculate the root mean squared error, use the function'root_mean_squared_error'.
  warnings.warn(

2025-10-16 21:59:13,252:WARNING:C:\CODING PROJECTS\ts-pycaret\.venv\Lib\site-packages\sklearn\metrics\_regression.py:483: FutureWarning: 'squared' is deprecated in version 1.4 and will be removed in 1.6. To calculate the root mean squared error, use the function'root_mean_squared_error'.
  warnings.warn(

2025-10-16 21:59:13,252:WARNING:C:\CODING PROJECTS\ts-pycaret\.venv\Lib\site-packages\sklearn\metrics\_regression.py:483: FutureWarning: 'squared' is deprecated in version 1.4 and will be removed in 1.6. To calculate the root mean squared error, use the function'root_mean_squared_error'.
  warnings.warn(

2025-10-16 21:59:13,258:WARNING:C:\CODING PROJECTS\ts-pycaret\.venv\Lib\site-packages\sklearn\metrics\_regression.py:483: FutureWarning: 'squared' is deprecated in version 1.4 and will be removed in 1.6. To calculate the root mean squared error, use the function'root_mean_squared_error'.
  warnings.warn(

2025-10-16 21:59:13,258:WARNING:C:\CODING PROJECTS\ts-pycaret\.venv\Lib\site-packages\sklearn\metrics\_regression.py:483: FutureWarning: 'squared' is deprecated in version 1.4 and will be removed in 1.6. To calculate the root mean squared error, use the function'root_mean_squared_error'.
  warnings.warn(

2025-10-16 21:59:13,270:INFO:Calculating mean and std
2025-10-16 21:59:13,270:INFO:Creating metrics dataframe
2025-10-16 21:59:13,272:WARNING:C:\CODING PROJECTS\ts-pycaret\.venv\Lib\site-packages\pycaret\time_series\forecasting\oop.py:2694: FutureWarning:

The behavior of DataFrame concatenation with empty or all-NA entries is deprecated. In a future version, this will no longer exclude empty or all-NA columns when determining the result dtypes. To retain the old behavior, exclude the relevant entries before the concat operation.


2025-10-16 21:59:13,273:INFO:Uploading results into container
2025-10-16 21:59:13,274:INFO:Uploading model into container now
2025-10-16 21:59:13,274:INFO:_master_model_container: 16
2025-10-16 21:59:13,274:INFO:_display_container: 2
2025-10-16 21:59:13,275:INFO:BaseCdsDtForecaster(fe_target_rr=[WindowSummarizer(lag_feature={'lag': [12, 11,
                                                                        10, 9,
                                                                        8, 7, 6,
                                                                        5, 4, 3,
                                                                        2, 1]},
                                                   n_jobs=1)],
                    regressor=Ridge(random_state=123), sp=12, window_length=12)
2025-10-16 21:59:13,275:INFO:create_model() successfully completed......................................
2025-10-16 21:59:13,364:INFO:SubProcess create_model() end ==================================
2025-10-16 21:59:13,364:INFO:Creating metrics dataframe
2025-10-16 21:59:13,366:INFO:Initializing Lasso w/ Cond. Deseasonalize & Detrending
2025-10-16 21:59:13,366:INFO:Total runtime is 0.5567303538322447 minutes
2025-10-16 21:59:13,366:INFO:SubProcess create_model() called ==================================
2025-10-16 21:59:13,366:INFO:Initializing create_model()
2025-10-16 21:59:13,366:INFO:create_model(self=<pycaret.time_series.forecasting.oop.TSForecastingExperiment object at 0x000002178ECA0CD0>, estimator=lasso_cds_dt, fold=None, round=4, cross_validation=True, predict=True, fit_kwargs={}, groups=None, refit=False, probability_threshold=None, experiment_custom_tags=None, verbose=False, system=False, add_to_model_list=True, metrics=None, display=<pycaret.internal.display.display.CommonDisplay object at 0x000002178DB8A490>, model_only=True, return_train_score=False, error_score=raise, kwargs={})
2025-10-16 21:59:13,366:INFO:Checking exceptions
2025-10-16 21:59:13,366:INFO:Importing libraries
2025-10-16 21:59:13,366:INFO:Copying training dataset
2025-10-16 21:59:13,368:INFO:Defining folds
2025-10-16 21:59:13,368:INFO:Declaring metric variables
2025-10-16 21:59:13,368:INFO:Importing untrained model
2025-10-16 21:59:13,368:INFO:Lasso w/ Cond. Deseasonalize & Detrending Imported successfully
2025-10-16 21:59:13,369:INFO:Starting cross validation
2025-10-16 21:59:13,370:INFO:Cross validating with ExpandingWindowSplitter(fh=ForecastingHorizon([ 1,  2,  3,  4,  5,  6,  7,  8,  9, 10, 11, 12, 13, 14, 15, 16, 17, 18,
       19, 20, 21, 22, 23, 24],
      dtype='int32', is_relative=True),
                        initial_window=48, step_length=24), n_jobs=-1
2025-10-16 21:59:13,815:WARNING:
'prophet' is a soft dependency and not included in the pycaret installation. Please run: `pip install prophet` to install.
2025-10-16 21:59:13,816:WARNING:
'prophet' is a soft dependency and not included in the pycaret installation. Please run: `pip install prophet` to install.
2025-10-16 21:59:13,821:WARNING:
'prophet' is a soft dependency and not included in the pycaret installation. Please run: `pip install prophet` to install.
2025-10-16 21:59:14,298:WARNING:C:\CODING PROJECTS\ts-pycaret\.venv\Lib\site-packages\sklearn\metrics\_regression.py:483: FutureWarning: 'squared' is deprecated in version 1.4 and will be removed in 1.6. To calculate the root mean squared error, use the function'root_mean_squared_error'.
  warnings.warn(

2025-10-16 21:59:14,298:WARNING:C:\CODING PROJECTS\ts-pycaret\.venv\Lib\site-packages\sklearn\metrics\_regression.py:483: FutureWarning: 'squared' is deprecated in version 1.4 and will be removed in 1.6. To calculate the root mean squared error, use the function'root_mean_squared_error'.
  warnings.warn(

2025-10-16 21:59:14,314:WARNING:C:\CODING PROJECTS\ts-pycaret\.venv\Lib\site-packages\sklearn\metrics\_regression.py:483: FutureWarning: 'squared' is deprecated in version 1.4 and will be removed in 1.6. To calculate the root mean squared error, use the function'root_mean_squared_error'.
  warnings.warn(

2025-10-16 21:59:14,315:WARNING:C:\CODING PROJECTS\ts-pycaret\.venv\Lib\site-packages\sklearn\metrics\_regression.py:483: FutureWarning: 'squared' is deprecated in version 1.4 and will be removed in 1.6. To calculate the root mean squared error, use the function'root_mean_squared_error'.
  warnings.warn(

2025-10-16 21:59:14,315:WARNING:C:\CODING PROJECTS\ts-pycaret\.venv\Lib\site-packages\sklearn\metrics\_regression.py:483: FutureWarning: 'squared' is deprecated in version 1.4 and will be removed in 1.6. To calculate the root mean squared error, use the function'root_mean_squared_error'.
  warnings.warn(

2025-10-16 21:59:14,324:INFO:Calculating mean and std
2025-10-16 21:59:14,324:INFO:Creating metrics dataframe
2025-10-16 21:59:14,326:WARNING:C:\CODING PROJECTS\ts-pycaret\.venv\Lib\site-packages\pycaret\time_series\forecasting\oop.py:2694: FutureWarning:

The behavior of DataFrame concatenation with empty or all-NA entries is deprecated. In a future version, this will no longer exclude empty or all-NA columns when determining the result dtypes. To retain the old behavior, exclude the relevant entries before the concat operation.


2025-10-16 21:59:14,327:INFO:Uploading results into container
2025-10-16 21:59:14,327:INFO:Uploading model into container now
2025-10-16 21:59:14,328:INFO:_master_model_container: 17
2025-10-16 21:59:14,328:INFO:_display_container: 2
2025-10-16 21:59:14,330:INFO:BaseCdsDtForecaster(fe_target_rr=[WindowSummarizer(lag_feature={'lag': [12, 11,
                                                                        10, 9,
                                                                        8, 7, 6,
                                                                        5, 4, 3,
                                                                        2, 1]},
                                                   n_jobs=1)],
                    regressor=Lasso(random_state=123), sp=12, window_length=12)
2025-10-16 21:59:14,330:INFO:create_model() successfully completed......................................
2025-10-16 21:59:14,409:INFO:SubProcess create_model() end ==================================
2025-10-16 21:59:14,409:INFO:Creating metrics dataframe
2025-10-16 21:59:14,411:INFO:Initializing Lasso Least Angular Regressor w/ Cond. Deseasonalize & Detrending
2025-10-16 21:59:14,411:INFO:Total runtime is 0.5741543451944985 minutes
2025-10-16 21:59:14,411:INFO:SubProcess create_model() called ==================================
2025-10-16 21:59:14,411:INFO:Initializing create_model()
2025-10-16 21:59:14,411:INFO:create_model(self=<pycaret.time_series.forecasting.oop.TSForecastingExperiment object at 0x000002178ECA0CD0>, estimator=llar_cds_dt, fold=None, round=4, cross_validation=True, predict=True, fit_kwargs={}, groups=None, refit=False, probability_threshold=None, experiment_custom_tags=None, verbose=False, system=False, add_to_model_list=True, metrics=None, display=<pycaret.internal.display.display.CommonDisplay object at 0x000002178DB8A490>, model_only=True, return_train_score=False, error_score=raise, kwargs={})
2025-10-16 21:59:14,411:INFO:Checking exceptions
2025-10-16 21:59:14,411:INFO:Importing libraries
2025-10-16 21:59:14,412:INFO:Copying training dataset
2025-10-16 21:59:14,413:INFO:Defining folds
2025-10-16 21:59:14,413:INFO:Declaring metric variables
2025-10-16 21:59:14,413:INFO:Importing untrained model
2025-10-16 21:59:14,414:INFO:Lasso Least Angular Regressor w/ Cond. Deseasonalize & Detrending Imported successfully
2025-10-16 21:59:14,415:INFO:Starting cross validation
2025-10-16 21:59:14,415:INFO:Cross validating with ExpandingWindowSplitter(fh=ForecastingHorizon([ 1,  2,  3,  4,  5,  6,  7,  8,  9, 10, 11, 12, 13, 14, 15, 16, 17, 18,
       19, 20, 21, 22, 23, 24],
      dtype='int32', is_relative=True),
                        initial_window=48, step_length=24), n_jobs=-1
2025-10-16 21:59:14,810:WARNING:
'prophet' is a soft dependency and not included in the pycaret installation. Please run: `pip install prophet` to install.
2025-10-16 21:59:14,811:WARNING:
'prophet' is a soft dependency and not included in the pycaret installation. Please run: `pip install prophet` to install.
2025-10-16 21:59:14,834:WARNING:
'prophet' is a soft dependency and not included in the pycaret installation. Please run: `pip install prophet` to install.
2025-10-16 21:59:15,143:WARNING:C:\CODING PROJECTS\ts-pycaret\.venv\Lib\site-packages\sklearn\metrics\_regression.py:483: FutureWarning: 'squared' is deprecated in version 1.4 and will be removed in 1.6. To calculate the root mean squared error, use the function'root_mean_squared_error'.
  warnings.warn(

2025-10-16 21:59:15,143:WARNING:C:\CODING PROJECTS\ts-pycaret\.venv\Lib\site-packages\sklearn\metrics\_regression.py:483: FutureWarning: 'squared' is deprecated in version 1.4 and will be removed in 1.6. To calculate the root mean squared error, use the function'root_mean_squared_error'.
  warnings.warn(

2025-10-16 21:59:15,320:WARNING:C:\CODING PROJECTS\ts-pycaret\.venv\Lib\site-packages\sklearn\metrics\_regression.py:483: FutureWarning: 'squared' is deprecated in version 1.4 and will be removed in 1.6. To calculate the root mean squared error, use the function'root_mean_squared_error'.
  warnings.warn(

2025-10-16 21:59:15,321:WARNING:C:\CODING PROJECTS\ts-pycaret\.venv\Lib\site-packages\sklearn\metrics\_regression.py:483: FutureWarning: 'squared' is deprecated in version 1.4 and will be removed in 1.6. To calculate the root mean squared error, use the function'root_mean_squared_error'.
  warnings.warn(

2025-10-16 21:59:15,347:WARNING:C:\CODING PROJECTS\ts-pycaret\.venv\Lib\site-packages\sklearn\metrics\_regression.py:483: FutureWarning: 'squared' is deprecated in version 1.4 and will be removed in 1.6. To calculate the root mean squared error, use the function'root_mean_squared_error'.
  warnings.warn(

2025-10-16 21:59:15,347:WARNING:C:\CODING PROJECTS\ts-pycaret\.venv\Lib\site-packages\sklearn\metrics\_regression.py:483: FutureWarning: 'squared' is deprecated in version 1.4 and will be removed in 1.6. To calculate the root mean squared error, use the function'root_mean_squared_error'.
  warnings.warn(

2025-10-16 21:59:15,358:INFO:Calculating mean and std
2025-10-16 21:59:15,359:INFO:Creating metrics dataframe
2025-10-16 21:59:15,360:WARNING:C:\CODING PROJECTS\ts-pycaret\.venv\Lib\site-packages\pycaret\time_series\forecasting\oop.py:2694: FutureWarning:

The behavior of DataFrame concatenation with empty or all-NA entries is deprecated. In a future version, this will no longer exclude empty or all-NA columns when determining the result dtypes. To retain the old behavior, exclude the relevant entries before the concat operation.


2025-10-16 21:59:15,362:INFO:Uploading results into container
2025-10-16 21:59:15,362:INFO:Uploading model into container now
2025-10-16 21:59:15,362:INFO:_master_model_container: 18
2025-10-16 21:59:15,362:INFO:_display_container: 2
2025-10-16 21:59:15,364:INFO:BaseCdsDtForecaster(fe_target_rr=[WindowSummarizer(lag_feature={'lag': [12, 11,
                                                                        10, 9,
                                                                        8, 7, 6,
                                                                        5, 4, 3,
                                                                        2, 1]},
                                                   n_jobs=1)],
                    regressor=LassoLars(random_state=123), sp=12,
                    window_length=12)
2025-10-16 21:59:15,364:INFO:create_model() successfully completed......................................
2025-10-16 21:59:15,444:INFO:SubProcess create_model() end ==================================
2025-10-16 21:59:15,445:INFO:Creating metrics dataframe
2025-10-16 21:59:15,446:INFO:Initializing Bayesian Ridge w/ Cond. Deseasonalize & Detrending
2025-10-16 21:59:15,446:INFO:Total runtime is 0.5914058446884153 minutes
2025-10-16 21:59:15,447:INFO:SubProcess create_model() called ==================================
2025-10-16 21:59:15,447:INFO:Initializing create_model()
2025-10-16 21:59:15,447:INFO:create_model(self=<pycaret.time_series.forecasting.oop.TSForecastingExperiment object at 0x000002178ECA0CD0>, estimator=br_cds_dt, fold=None, round=4, cross_validation=True, predict=True, fit_kwargs={}, groups=None, refit=False, probability_threshold=None, experiment_custom_tags=None, verbose=False, system=False, add_to_model_list=True, metrics=None, display=<pycaret.internal.display.display.CommonDisplay object at 0x000002178DB8A490>, model_only=True, return_train_score=False, error_score=raise, kwargs={})
2025-10-16 21:59:15,447:INFO:Checking exceptions
2025-10-16 21:59:15,447:INFO:Importing libraries
2025-10-16 21:59:15,447:INFO:Copying training dataset
2025-10-16 21:59:15,448:INFO:Defining folds
2025-10-16 21:59:15,448:INFO:Declaring metric variables
2025-10-16 21:59:15,448:INFO:Importing untrained model
2025-10-16 21:59:15,449:INFO:Bayesian Ridge w/ Cond. Deseasonalize & Detrending Imported successfully
2025-10-16 21:59:15,450:INFO:Starting cross validation
2025-10-16 21:59:15,451:INFO:Cross validating with ExpandingWindowSplitter(fh=ForecastingHorizon([ 1,  2,  3,  4,  5,  6,  7,  8,  9, 10, 11, 12, 13, 14, 15, 16, 17, 18,
       19, 20, 21, 22, 23, 24],
      dtype='int32', is_relative=True),
                        initial_window=48, step_length=24), n_jobs=-1
2025-10-16 21:59:15,907:WARNING:
'prophet' is a soft dependency and not included in the pycaret installation. Please run: `pip install prophet` to install.
2025-10-16 21:59:15,913:WARNING:C:\CODING PROJECTS\ts-pycaret\.venv\Lib\site-packages\sklearn\metrics\_regression.py:483: FutureWarning: 'squared' is deprecated in version 1.4 and will be removed in 1.6. To calculate the root mean squared error, use the function'root_mean_squared_error'.
  warnings.warn(

2025-10-16 21:59:15,913:WARNING:C:\CODING PROJECTS\ts-pycaret\.venv\Lib\site-packages\sklearn\metrics\_regression.py:483: FutureWarning: 'squared' is deprecated in version 1.4 and will be removed in 1.6. To calculate the root mean squared error, use the function'root_mean_squared_error'.
  warnings.warn(

2025-10-16 21:59:15,977:WARNING:C:\CODING PROJECTS\ts-pycaret\.venv\Lib\site-packages\sklearn\metrics\_regression.py:483: FutureWarning: 'squared' is deprecated in version 1.4 and will be removed in 1.6. To calculate the root mean squared error, use the function'root_mean_squared_error'.
  warnings.warn(

2025-10-16 21:59:15,977:WARNING:C:\CODING PROJECTS\ts-pycaret\.venv\Lib\site-packages\sklearn\metrics\_regression.py:483: FutureWarning: 'squared' is deprecated in version 1.4 and will be removed in 1.6. To calculate the root mean squared error, use the function'root_mean_squared_error'.
  warnings.warn(

2025-10-16 21:59:16,271:WARNING:C:\CODING PROJECTS\ts-pycaret\.venv\Lib\site-packages\sklearn\metrics\_regression.py:483: FutureWarning: 'squared' is deprecated in version 1.4 and will be removed in 1.6. To calculate the root mean squared error, use the function'root_mean_squared_error'.
  warnings.warn(

2025-10-16 21:59:16,271:WARNING:C:\CODING PROJECTS\ts-pycaret\.venv\Lib\site-packages\sklearn\metrics\_regression.py:483: FutureWarning: 'squared' is deprecated in version 1.4 and will be removed in 1.6. To calculate the root mean squared error, use the function'root_mean_squared_error'.
  warnings.warn(

2025-10-16 21:59:16,279:INFO:Calculating mean and std
2025-10-16 21:59:16,279:INFO:Creating metrics dataframe
2025-10-16 21:59:16,281:WARNING:C:\CODING PROJECTS\ts-pycaret\.venv\Lib\site-packages\pycaret\time_series\forecasting\oop.py:2694: FutureWarning:

The behavior of DataFrame concatenation with empty or all-NA entries is deprecated. In a future version, this will no longer exclude empty or all-NA columns when determining the result dtypes. To retain the old behavior, exclude the relevant entries before the concat operation.


2025-10-16 21:59:16,282:INFO:Uploading results into container
2025-10-16 21:59:16,282:INFO:Uploading model into container now
2025-10-16 21:59:16,282:INFO:_master_model_container: 19
2025-10-16 21:59:16,282:INFO:_display_container: 2
2025-10-16 21:59:16,283:INFO:BaseCdsDtForecaster(fe_target_rr=[WindowSummarizer(lag_feature={'lag': [12, 11,
                                                                        10, 9,
                                                                        8, 7, 6,
                                                                        5, 4, 3,
                                                                        2, 1]},
                                                   n_jobs=1)],
                    regressor=BayesianRidge(), sp=12, window_length=12)
2025-10-16 21:59:16,283:INFO:create_model() successfully completed......................................
2025-10-16 21:59:16,370:INFO:SubProcess create_model() end ==================================
2025-10-16 21:59:16,370:INFO:Creating metrics dataframe
2025-10-16 21:59:16,372:INFO:Initializing Huber w/ Cond. Deseasonalize & Detrending
2025-10-16 21:59:16,372:INFO:Total runtime is 0.6068359812100725 minutes
2025-10-16 21:59:16,372:INFO:SubProcess create_model() called ==================================
2025-10-16 21:59:16,372:INFO:Initializing create_model()
2025-10-16 21:59:16,372:INFO:create_model(self=<pycaret.time_series.forecasting.oop.TSForecastingExperiment object at 0x000002178ECA0CD0>, estimator=huber_cds_dt, fold=None, round=4, cross_validation=True, predict=True, fit_kwargs={}, groups=None, refit=False, probability_threshold=None, experiment_custom_tags=None, verbose=False, system=False, add_to_model_list=True, metrics=None, display=<pycaret.internal.display.display.CommonDisplay object at 0x000002178DB8A490>, model_only=True, return_train_score=False, error_score=raise, kwargs={})
2025-10-16 21:59:16,372:INFO:Checking exceptions
2025-10-16 21:59:16,373:INFO:Importing libraries
2025-10-16 21:59:16,373:INFO:Copying training dataset
2025-10-16 21:59:16,374:INFO:Defining folds
2025-10-16 21:59:16,374:INFO:Declaring metric variables
2025-10-16 21:59:16,374:INFO:Importing untrained model
2025-10-16 21:59:16,375:INFO:Huber w/ Cond. Deseasonalize & Detrending Imported successfully
2025-10-16 21:59:16,375:INFO:Starting cross validation
2025-10-16 21:59:16,376:INFO:Cross validating with ExpandingWindowSplitter(fh=ForecastingHorizon([ 1,  2,  3,  4,  5,  6,  7,  8,  9, 10, 11, 12, 13, 14, 15, 16, 17, 18,
       19, 20, 21, 22, 23, 24],
      dtype='int32', is_relative=True),
                        initial_window=48, step_length=24), n_jobs=-1
2025-10-16 21:59:16,729:WARNING:C:\CODING PROJECTS\ts-pycaret\.venv\Lib\site-packages\sklearn\metrics\_regression.py:483: FutureWarning: 'squared' is deprecated in version 1.4 and will be removed in 1.6. To calculate the root mean squared error, use the function'root_mean_squared_error'.
  warnings.warn(

2025-10-16 21:59:16,729:WARNING:C:\CODING PROJECTS\ts-pycaret\.venv\Lib\site-packages\sklearn\metrics\_regression.py:483: FutureWarning: 'squared' is deprecated in version 1.4 and will be removed in 1.6. To calculate the root mean squared error, use the function'root_mean_squared_error'.
  warnings.warn(

2025-10-16 21:59:16,884:WARNING:C:\CODING PROJECTS\ts-pycaret\.venv\Lib\site-packages\sklearn\metrics\_regression.py:483: FutureWarning: 'squared' is deprecated in version 1.4 and will be removed in 1.6. To calculate the root mean squared error, use the function'root_mean_squared_error'.
  warnings.warn(

2025-10-16 21:59:16,885:WARNING:C:\CODING PROJECTS\ts-pycaret\.venv\Lib\site-packages\sklearn\metrics\_regression.py:483: FutureWarning: 'squared' is deprecated in version 1.4 and will be removed in 1.6. To calculate the root mean squared error, use the function'root_mean_squared_error'.
  warnings.warn(

2025-10-16 21:59:16,899:INFO:Calculating mean and std
2025-10-16 21:59:16,899:INFO:Creating metrics dataframe
2025-10-16 21:59:16,900:WARNING:C:\CODING PROJECTS\ts-pycaret\.venv\Lib\site-packages\pycaret\time_series\forecasting\oop.py:2694: FutureWarning:

The behavior of DataFrame concatenation with empty or all-NA entries is deprecated. In a future version, this will no longer exclude empty or all-NA columns when determining the result dtypes. To retain the old behavior, exclude the relevant entries before the concat operation.


2025-10-16 21:59:16,901:INFO:Uploading results into container
2025-10-16 21:59:16,901:INFO:Uploading model into container now
2025-10-16 21:59:16,902:INFO:_master_model_container: 20
2025-10-16 21:59:16,902:INFO:_display_container: 2
2025-10-16 21:59:16,903:INFO:BaseCdsDtForecaster(fe_target_rr=[WindowSummarizer(lag_feature={'lag': [12, 11,
                                                                        10, 9,
                                                                        8, 7, 6,
                                                                        5, 4, 3,
                                                                        2, 1]},
                                                   n_jobs=1)],
                    regressor=HuberRegressor(), sp=12, window_length=12)
2025-10-16 21:59:16,903:INFO:create_model() successfully completed......................................
2025-10-16 21:59:16,975:INFO:SubProcess create_model() end ==================================
2025-10-16 21:59:16,975:INFO:Creating metrics dataframe
2025-10-16 21:59:16,977:INFO:Initializing Orthogonal Matching Pursuit w/ Cond. Deseasonalize & Detrending
2025-10-16 21:59:16,977:INFO:Total runtime is 0.6169091224670408 minutes
2025-10-16 21:59:16,977:INFO:SubProcess create_model() called ==================================
2025-10-16 21:59:16,977:INFO:Initializing create_model()
2025-10-16 21:59:16,977:INFO:create_model(self=<pycaret.time_series.forecasting.oop.TSForecastingExperiment object at 0x000002178ECA0CD0>, estimator=omp_cds_dt, fold=None, round=4, cross_validation=True, predict=True, fit_kwargs={}, groups=None, refit=False, probability_threshold=None, experiment_custom_tags=None, verbose=False, system=False, add_to_model_list=True, metrics=None, display=<pycaret.internal.display.display.CommonDisplay object at 0x000002178DB8A490>, model_only=True, return_train_score=False, error_score=raise, kwargs={})
2025-10-16 21:59:16,977:INFO:Checking exceptions
2025-10-16 21:59:16,977:INFO:Importing libraries
2025-10-16 21:59:16,977:INFO:Copying training dataset
2025-10-16 21:59:16,978:INFO:Defining folds
2025-10-16 21:59:16,978:INFO:Declaring metric variables
2025-10-16 21:59:16,979:INFO:Importing untrained model
2025-10-16 21:59:16,979:INFO:Orthogonal Matching Pursuit w/ Cond. Deseasonalize & Detrending Imported successfully
2025-10-16 21:59:16,980:INFO:Starting cross validation
2025-10-16 21:59:16,981:INFO:Cross validating with ExpandingWindowSplitter(fh=ForecastingHorizon([ 1,  2,  3,  4,  5,  6,  7,  8,  9, 10, 11, 12, 13, 14, 15, 16, 17, 18,
       19, 20, 21, 22, 23, 24],
      dtype='int32', is_relative=True),
                        initial_window=48, step_length=24), n_jobs=-1
2025-10-16 21:59:17,331:WARNING:C:\CODING PROJECTS\ts-pycaret\.venv\Lib\site-packages\sklearn\metrics\_regression.py:483: FutureWarning: 'squared' is deprecated in version 1.4 and will be removed in 1.6. To calculate the root mean squared error, use the function'root_mean_squared_error'.
  warnings.warn(

2025-10-16 21:59:17,331:WARNING:C:\CODING PROJECTS\ts-pycaret\.venv\Lib\site-packages\sklearn\metrics\_regression.py:483: FutureWarning: 'squared' is deprecated in version 1.4 and will be removed in 1.6. To calculate the root mean squared error, use the function'root_mean_squared_error'.
  warnings.warn(

2025-10-16 21:59:17,482:WARNING:C:\CODING PROJECTS\ts-pycaret\.venv\Lib\site-packages\sklearn\metrics\_regression.py:483: FutureWarning: 'squared' is deprecated in version 1.4 and will be removed in 1.6. To calculate the root mean squared error, use the function'root_mean_squared_error'.
  warnings.warn(

2025-10-16 21:59:17,482:WARNING:C:\CODING PROJECTS\ts-pycaret\.venv\Lib\site-packages\sklearn\metrics\_regression.py:483: FutureWarning: 'squared' is deprecated in version 1.4 and will be removed in 1.6. To calculate the root mean squared error, use the function'root_mean_squared_error'.
  warnings.warn(

2025-10-16 21:59:17,488:WARNING:C:\CODING PROJECTS\ts-pycaret\.venv\Lib\site-packages\sklearn\metrics\_regression.py:483: FutureWarning: 'squared' is deprecated in version 1.4 and will be removed in 1.6. To calculate the root mean squared error, use the function'root_mean_squared_error'.
  warnings.warn(

2025-10-16 21:59:17,488:WARNING:C:\CODING PROJECTS\ts-pycaret\.venv\Lib\site-packages\sklearn\metrics\_regression.py:483: FutureWarning: 'squared' is deprecated in version 1.4 and will be removed in 1.6. To calculate the root mean squared error, use the function'root_mean_squared_error'.
  warnings.warn(

2025-10-16 21:59:17,492:INFO:Calculating mean and std
2025-10-16 21:59:17,493:INFO:Creating metrics dataframe
2025-10-16 21:59:17,494:WARNING:C:\CODING PROJECTS\ts-pycaret\.venv\Lib\site-packages\pycaret\time_series\forecasting\oop.py:2694: FutureWarning:

The behavior of DataFrame concatenation with empty or all-NA entries is deprecated. In a future version, this will no longer exclude empty or all-NA columns when determining the result dtypes. To retain the old behavior, exclude the relevant entries before the concat operation.


2025-10-16 21:59:17,495:INFO:Uploading results into container
2025-10-16 21:59:17,495:INFO:Uploading model into container now
2025-10-16 21:59:17,495:INFO:_master_model_container: 21
2025-10-16 21:59:17,495:INFO:_display_container: 2
2025-10-16 21:59:17,496:INFO:BaseCdsDtForecaster(fe_target_rr=[WindowSummarizer(lag_feature={'lag': [12, 11,
                                                                        10, 9,
                                                                        8, 7, 6,
                                                                        5, 4, 3,
                                                                        2, 1]},
                                                   n_jobs=1)],
                    regressor=OrthogonalMatchingPursuit(), sp=12,
                    window_length=12)
2025-10-16 21:59:17,497:INFO:create_model() successfully completed......................................
2025-10-16 21:59:17,569:INFO:SubProcess create_model() end ==================================
2025-10-16 21:59:17,569:INFO:Creating metrics dataframe
2025-10-16 21:59:17,571:INFO:Initializing K Neighbors w/ Cond. Deseasonalize & Detrending
2025-10-16 21:59:17,571:INFO:Total runtime is 0.626823802789052 minutes
2025-10-16 21:59:17,571:INFO:SubProcess create_model() called ==================================
2025-10-16 21:59:17,571:INFO:Initializing create_model()
2025-10-16 21:59:17,571:INFO:create_model(self=<pycaret.time_series.forecasting.oop.TSForecastingExperiment object at 0x000002178ECA0CD0>, estimator=knn_cds_dt, fold=None, round=4, cross_validation=True, predict=True, fit_kwargs={}, groups=None, refit=False, probability_threshold=None, experiment_custom_tags=None, verbose=False, system=False, add_to_model_list=True, metrics=None, display=<pycaret.internal.display.display.CommonDisplay object at 0x000002178DB8A490>, model_only=True, return_train_score=False, error_score=raise, kwargs={})
2025-10-16 21:59:17,571:INFO:Checking exceptions
2025-10-16 21:59:17,571:INFO:Importing libraries
2025-10-16 21:59:17,571:INFO:Copying training dataset
2025-10-16 21:59:17,573:INFO:Defining folds
2025-10-16 21:59:17,573:INFO:Declaring metric variables
2025-10-16 21:59:17,573:INFO:Importing untrained model
2025-10-16 21:59:17,573:INFO:K Neighbors w/ Cond. Deseasonalize & Detrending Imported successfully
2025-10-16 21:59:17,574:INFO:Starting cross validation
2025-10-16 21:59:17,575:INFO:Cross validating with ExpandingWindowSplitter(fh=ForecastingHorizon([ 1,  2,  3,  4,  5,  6,  7,  8,  9, 10, 11, 12, 13, 14, 15, 16, 17, 18,
       19, 20, 21, 22, 23, 24],
      dtype='int32', is_relative=True),
                        initial_window=48, step_length=24), n_jobs=-1
2025-10-16 21:59:18,413:WARNING:C:\CODING PROJECTS\ts-pycaret\.venv\Lib\site-packages\sklearn\metrics\_regression.py:483: FutureWarning: 'squared' is deprecated in version 1.4 and will be removed in 1.6. To calculate the root mean squared error, use the function'root_mean_squared_error'.
  warnings.warn(

2025-10-16 21:59:18,414:WARNING:C:\CODING PROJECTS\ts-pycaret\.venv\Lib\site-packages\sklearn\metrics\_regression.py:483: FutureWarning: 'squared' is deprecated in version 1.4 and will be removed in 1.6. To calculate the root mean squared error, use the function'root_mean_squared_error'.
  warnings.warn(

2025-10-16 21:59:18,421:WARNING:C:\CODING PROJECTS\ts-pycaret\.venv\Lib\site-packages\sklearn\metrics\_regression.py:483: FutureWarning: 'squared' is deprecated in version 1.4 and will be removed in 1.6. To calculate the root mean squared error, use the function'root_mean_squared_error'.
  warnings.warn(

2025-10-16 21:59:18,421:WARNING:C:\CODING PROJECTS\ts-pycaret\.venv\Lib\site-packages\sklearn\metrics\_regression.py:483: FutureWarning: 'squared' is deprecated in version 1.4 and will be removed in 1.6. To calculate the root mean squared error, use the function'root_mean_squared_error'.
  warnings.warn(

2025-10-16 21:59:18,441:WARNING:C:\CODING PROJECTS\ts-pycaret\.venv\Lib\site-packages\sklearn\metrics\_regression.py:483: FutureWarning: 'squared' is deprecated in version 1.4 and will be removed in 1.6. To calculate the root mean squared error, use the function'root_mean_squared_error'.
  warnings.warn(

2025-10-16 21:59:18,442:WARNING:C:\CODING PROJECTS\ts-pycaret\.venv\Lib\site-packages\sklearn\metrics\_regression.py:483: FutureWarning: 'squared' is deprecated in version 1.4 and will be removed in 1.6. To calculate the root mean squared error, use the function'root_mean_squared_error'.
  warnings.warn(

2025-10-16 21:59:18,454:INFO:Calculating mean and std
2025-10-16 21:59:18,454:INFO:Creating metrics dataframe
2025-10-16 21:59:18,455:WARNING:C:\CODING PROJECTS\ts-pycaret\.venv\Lib\site-packages\pycaret\time_series\forecasting\oop.py:2694: FutureWarning:

The behavior of DataFrame concatenation with empty or all-NA entries is deprecated. In a future version, this will no longer exclude empty or all-NA columns when determining the result dtypes. To retain the old behavior, exclude the relevant entries before the concat operation.


2025-10-16 21:59:18,456:INFO:Uploading results into container
2025-10-16 21:59:18,457:INFO:Uploading model into container now
2025-10-16 21:59:18,457:INFO:_master_model_container: 22
2025-10-16 21:59:18,457:INFO:_display_container: 2
2025-10-16 21:59:18,458:INFO:BaseCdsDtForecaster(fe_target_rr=[WindowSummarizer(lag_feature={'lag': [12, 11,
                                                                        10, 9,
                                                                        8, 7, 6,
                                                                        5, 4, 3,
                                                                        2, 1]},
                                                   n_jobs=1)],
                    regressor=KNeighborsRegressor(n_jobs=-1), sp=12,
                    window_length=12)
2025-10-16 21:59:18,458:INFO:create_model() successfully completed......................................
2025-10-16 21:59:18,529:INFO:SubProcess create_model() end ==================================
2025-10-16 21:59:18,529:INFO:Creating metrics dataframe
2025-10-16 21:59:18,531:INFO:Initializing Decision Tree w/ Cond. Deseasonalize & Detrending
2025-10-16 21:59:18,531:INFO:Total runtime is 0.6428189396858213 minutes
2025-10-16 21:59:18,531:INFO:SubProcess create_model() called ==================================
2025-10-16 21:59:18,531:INFO:Initializing create_model()
2025-10-16 21:59:18,531:INFO:create_model(self=<pycaret.time_series.forecasting.oop.TSForecastingExperiment object at 0x000002178ECA0CD0>, estimator=dt_cds_dt, fold=None, round=4, cross_validation=True, predict=True, fit_kwargs={}, groups=None, refit=False, probability_threshold=None, experiment_custom_tags=None, verbose=False, system=False, add_to_model_list=True, metrics=None, display=<pycaret.internal.display.display.CommonDisplay object at 0x000002178DB8A490>, model_only=True, return_train_score=False, error_score=raise, kwargs={})
2025-10-16 21:59:18,531:INFO:Checking exceptions
2025-10-16 21:59:18,531:INFO:Importing libraries
2025-10-16 21:59:18,531:INFO:Copying training dataset
2025-10-16 21:59:18,533:INFO:Defining folds
2025-10-16 21:59:18,533:INFO:Declaring metric variables
2025-10-16 21:59:18,533:INFO:Importing untrained model
2025-10-16 21:59:18,533:INFO:Decision Tree w/ Cond. Deseasonalize & Detrending Imported successfully
2025-10-16 21:59:18,534:INFO:Starting cross validation
2025-10-16 21:59:18,535:INFO:Cross validating with ExpandingWindowSplitter(fh=ForecastingHorizon([ 1,  2,  3,  4,  5,  6,  7,  8,  9, 10, 11, 12, 13, 14, 15, 16, 17, 18,
       19, 20, 21, 22, 23, 24],
      dtype='int32', is_relative=True),
                        initial_window=48, step_length=24), n_jobs=-1
2025-10-16 21:59:18,879:WARNING:C:\CODING PROJECTS\ts-pycaret\.venv\Lib\site-packages\sklearn\metrics\_regression.py:483: FutureWarning: 'squared' is deprecated in version 1.4 and will be removed in 1.6. To calculate the root mean squared error, use the function'root_mean_squared_error'.
  warnings.warn(

2025-10-16 21:59:18,879:WARNING:C:\CODING PROJECTS\ts-pycaret\.venv\Lib\site-packages\sklearn\metrics\_regression.py:483: FutureWarning: 'squared' is deprecated in version 1.4 and will be removed in 1.6. To calculate the root mean squared error, use the function'root_mean_squared_error'.
  warnings.warn(

2025-10-16 21:59:19,041:WARNING:C:\CODING PROJECTS\ts-pycaret\.venv\Lib\site-packages\sklearn\metrics\_regression.py:483: FutureWarning: 'squared' is deprecated in version 1.4 and will be removed in 1.6. To calculate the root mean squared error, use the function'root_mean_squared_error'.
  warnings.warn(

2025-10-16 21:59:19,042:WARNING:C:\CODING PROJECTS\ts-pycaret\.venv\Lib\site-packages\sklearn\metrics\_regression.py:483: FutureWarning: 'squared' is deprecated in version 1.4 and will be removed in 1.6. To calculate the root mean squared error, use the function'root_mean_squared_error'.
  warnings.warn(

2025-10-16 21:59:19,047:WARNING:C:\CODING PROJECTS\ts-pycaret\.venv\Lib\site-packages\sklearn\metrics\_regression.py:483: FutureWarning: 'squared' is deprecated in version 1.4 and will be removed in 1.6. To calculate the root mean squared error, use the function'root_mean_squared_error'.
  warnings.warn(

2025-10-16 21:59:19,048:WARNING:C:\CODING PROJECTS\ts-pycaret\.venv\Lib\site-packages\sklearn\metrics\_regression.py:483: FutureWarning: 'squared' is deprecated in version 1.4 and will be removed in 1.6. To calculate the root mean squared error, use the function'root_mean_squared_error'.
  warnings.warn(

2025-10-16 21:59:19,057:INFO:Calculating mean and std
2025-10-16 21:59:19,058:INFO:Creating metrics dataframe
2025-10-16 21:59:19,059:WARNING:C:\CODING PROJECTS\ts-pycaret\.venv\Lib\site-packages\pycaret\time_series\forecasting\oop.py:2694: FutureWarning:

The behavior of DataFrame concatenation with empty or all-NA entries is deprecated. In a future version, this will no longer exclude empty or all-NA columns when determining the result dtypes. To retain the old behavior, exclude the relevant entries before the concat operation.


2025-10-16 21:59:19,060:INFO:Uploading results into container
2025-10-16 21:59:19,060:INFO:Uploading model into container now
2025-10-16 21:59:19,060:INFO:_master_model_container: 23
2025-10-16 21:59:19,061:INFO:_display_container: 2
2025-10-16 21:59:19,062:INFO:BaseCdsDtForecaster(fe_target_rr=[WindowSummarizer(lag_feature={'lag': [12, 11,
                                                                        10, 9,
                                                                        8, 7, 6,
                                                                        5, 4, 3,
                                                                        2, 1]},
                                                   n_jobs=1)],
                    regressor=DecisionTreeRegressor(random_state=123), sp=12,
                    window_length=12)
2025-10-16 21:59:19,062:INFO:create_model() successfully completed......................................
2025-10-16 21:59:19,134:INFO:SubProcess create_model() end ==================================
2025-10-16 21:59:19,134:INFO:Creating metrics dataframe
2025-10-16 21:59:19,136:INFO:Initializing Random Forest w/ Cond. Deseasonalize & Detrending
2025-10-16 21:59:19,136:INFO:Total runtime is 0.652897508939107 minutes
2025-10-16 21:59:19,136:INFO:SubProcess create_model() called ==================================
2025-10-16 21:59:19,136:INFO:Initializing create_model()
2025-10-16 21:59:19,136:INFO:create_model(self=<pycaret.time_series.forecasting.oop.TSForecastingExperiment object at 0x000002178ECA0CD0>, estimator=rf_cds_dt, fold=None, round=4, cross_validation=True, predict=True, fit_kwargs={}, groups=None, refit=False, probability_threshold=None, experiment_custom_tags=None, verbose=False, system=False, add_to_model_list=True, metrics=None, display=<pycaret.internal.display.display.CommonDisplay object at 0x000002178DB8A490>, model_only=True, return_train_score=False, error_score=raise, kwargs={})
2025-10-16 21:59:19,136:INFO:Checking exceptions
2025-10-16 21:59:19,136:INFO:Importing libraries
2025-10-16 21:59:19,136:INFO:Copying training dataset
2025-10-16 21:59:19,137:INFO:Defining folds
2025-10-16 21:59:19,137:INFO:Declaring metric variables
2025-10-16 21:59:19,137:INFO:Importing untrained model
2025-10-16 21:59:19,138:INFO:Random Forest w/ Cond. Deseasonalize & Detrending Imported successfully
2025-10-16 21:59:19,139:INFO:Starting cross validation
2025-10-16 21:59:19,140:INFO:Cross validating with ExpandingWindowSplitter(fh=ForecastingHorizon([ 1,  2,  3,  4,  5,  6,  7,  8,  9, 10, 11, 12, 13, 14, 15, 16, 17, 18,
       19, 20, 21, 22, 23, 24],
      dtype='int32', is_relative=True),
                        initial_window=48, step_length=24), n_jobs=-1
2025-10-16 21:59:20,105:WARNING:C:\CODING PROJECTS\ts-pycaret\.venv\Lib\site-packages\sklearn\metrics\_regression.py:483: FutureWarning: 'squared' is deprecated in version 1.4 and will be removed in 1.6. To calculate the root mean squared error, use the function'root_mean_squared_error'.
  warnings.warn(

2025-10-16 21:59:20,105:WARNING:C:\CODING PROJECTS\ts-pycaret\.venv\Lib\site-packages\sklearn\metrics\_regression.py:483: FutureWarning: 'squared' is deprecated in version 1.4 and will be removed in 1.6. To calculate the root mean squared error, use the function'root_mean_squared_error'.
  warnings.warn(

2025-10-16 21:59:20,143:WARNING:C:\CODING PROJECTS\ts-pycaret\.venv\Lib\site-packages\sklearn\metrics\_regression.py:483: FutureWarning: 'squared' is deprecated in version 1.4 and will be removed in 1.6. To calculate the root mean squared error, use the function'root_mean_squared_error'.
  warnings.warn(

2025-10-16 21:59:20,143:WARNING:C:\CODING PROJECTS\ts-pycaret\.venv\Lib\site-packages\sklearn\metrics\_regression.py:483: FutureWarning: 'squared' is deprecated in version 1.4 and will be removed in 1.6. To calculate the root mean squared error, use the function'root_mean_squared_error'.
  warnings.warn(

2025-10-16 21:59:20,148:WARNING:C:\CODING PROJECTS\ts-pycaret\.venv\Lib\site-packages\sklearn\metrics\_regression.py:483: FutureWarning: 'squared' is deprecated in version 1.4 and will be removed in 1.6. To calculate the root mean squared error, use the function'root_mean_squared_error'.
  warnings.warn(

2025-10-16 21:59:20,148:WARNING:C:\CODING PROJECTS\ts-pycaret\.venv\Lib\site-packages\sklearn\metrics\_regression.py:483: FutureWarning: 'squared' is deprecated in version 1.4 and will be removed in 1.6. To calculate the root mean squared error, use the function'root_mean_squared_error'.
  warnings.warn(

2025-10-16 21:59:20,152:INFO:Calculating mean and std
2025-10-16 21:59:20,153:INFO:Creating metrics dataframe
2025-10-16 21:59:20,154:WARNING:C:\CODING PROJECTS\ts-pycaret\.venv\Lib\site-packages\pycaret\time_series\forecasting\oop.py:2694: FutureWarning:

The behavior of DataFrame concatenation with empty or all-NA entries is deprecated. In a future version, this will no longer exclude empty or all-NA columns when determining the result dtypes. To retain the old behavior, exclude the relevant entries before the concat operation.


2025-10-16 21:59:20,155:INFO:Uploading results into container
2025-10-16 21:59:20,155:INFO:Uploading model into container now
2025-10-16 21:59:20,155:INFO:_master_model_container: 24
2025-10-16 21:59:20,155:INFO:_display_container: 2
2025-10-16 21:59:20,157:INFO:BaseCdsDtForecaster(fe_target_rr=[WindowSummarizer(lag_feature={'lag': [12, 11,
                                                                        10, 9,
                                                                        8, 7, 6,
                                                                        5, 4, 3,
                                                                        2, 1]},
                                                   n_jobs=1)],
                    regressor=RandomForestRegressor(n_jobs=-1, random_state=123),
                    sp=12, window_length=12)
2025-10-16 21:59:20,157:INFO:create_model() successfully completed......................................
2025-10-16 21:59:20,229:INFO:SubProcess create_model() end ==================================
2025-10-16 21:59:20,229:INFO:Creating metrics dataframe
2025-10-16 21:59:20,231:INFO:Initializing Extra Trees w/ Cond. Deseasonalize & Detrending
2025-10-16 21:59:20,231:INFO:Total runtime is 0.6711468219757077 minutes
2025-10-16 21:59:20,231:INFO:SubProcess create_model() called ==================================
2025-10-16 21:59:20,231:INFO:Initializing create_model()
2025-10-16 21:59:20,231:INFO:create_model(self=<pycaret.time_series.forecasting.oop.TSForecastingExperiment object at 0x000002178ECA0CD0>, estimator=et_cds_dt, fold=None, round=4, cross_validation=True, predict=True, fit_kwargs={}, groups=None, refit=False, probability_threshold=None, experiment_custom_tags=None, verbose=False, system=False, add_to_model_list=True, metrics=None, display=<pycaret.internal.display.display.CommonDisplay object at 0x000002178DB8A490>, model_only=True, return_train_score=False, error_score=raise, kwargs={})
2025-10-16 21:59:20,231:INFO:Checking exceptions
2025-10-16 21:59:20,231:INFO:Importing libraries
2025-10-16 21:59:20,231:INFO:Copying training dataset
2025-10-16 21:59:20,232:INFO:Defining folds
2025-10-16 21:59:20,232:INFO:Declaring metric variables
2025-10-16 21:59:20,232:INFO:Importing untrained model
2025-10-16 21:59:20,233:INFO:Extra Trees w/ Cond. Deseasonalize & Detrending Imported successfully
2025-10-16 21:59:20,234:INFO:Starting cross validation
2025-10-16 21:59:20,235:INFO:Cross validating with ExpandingWindowSplitter(fh=ForecastingHorizon([ 1,  2,  3,  4,  5,  6,  7,  8,  9, 10, 11, 12, 13, 14, 15, 16, 17, 18,
       19, 20, 21, 22, 23, 24],
      dtype='int32', is_relative=True),
                        initial_window=48, step_length=24), n_jobs=-1
2025-10-16 21:59:21,179:WARNING:C:\CODING PROJECTS\ts-pycaret\.venv\Lib\site-packages\sklearn\metrics\_regression.py:483: FutureWarning: 'squared' is deprecated in version 1.4 and will be removed in 1.6. To calculate the root mean squared error, use the function'root_mean_squared_error'.
  warnings.warn(

2025-10-16 21:59:21,180:WARNING:C:\CODING PROJECTS\ts-pycaret\.venv\Lib\site-packages\sklearn\metrics\_regression.py:483: FutureWarning: 'squared' is deprecated in version 1.4 and will be removed in 1.6. To calculate the root mean squared error, use the function'root_mean_squared_error'.
  warnings.warn(

2025-10-16 21:59:21,187:WARNING:C:\CODING PROJECTS\ts-pycaret\.venv\Lib\site-packages\sklearn\metrics\_regression.py:483: FutureWarning: 'squared' is deprecated in version 1.4 and will be removed in 1.6. To calculate the root mean squared error, use the function'root_mean_squared_error'.
  warnings.warn(

2025-10-16 21:59:21,187:WARNING:C:\CODING PROJECTS\ts-pycaret\.venv\Lib\site-packages\sklearn\metrics\_regression.py:483: FutureWarning: 'squared' is deprecated in version 1.4 and will be removed in 1.6. To calculate the root mean squared error, use the function'root_mean_squared_error'.
  warnings.warn(

2025-10-16 21:59:21,211:WARNING:C:\CODING PROJECTS\ts-pycaret\.venv\Lib\site-packages\sklearn\metrics\_regression.py:483: FutureWarning: 'squared' is deprecated in version 1.4 and will be removed in 1.6. To calculate the root mean squared error, use the function'root_mean_squared_error'.
  warnings.warn(

2025-10-16 21:59:21,211:WARNING:C:\CODING PROJECTS\ts-pycaret\.venv\Lib\site-packages\sklearn\metrics\_regression.py:483: FutureWarning: 'squared' is deprecated in version 1.4 and will be removed in 1.6. To calculate the root mean squared error, use the function'root_mean_squared_error'.
  warnings.warn(

2025-10-16 21:59:21,214:INFO:Calculating mean and std
2025-10-16 21:59:21,215:INFO:Creating metrics dataframe
2025-10-16 21:59:21,216:WARNING:C:\CODING PROJECTS\ts-pycaret\.venv\Lib\site-packages\pycaret\time_series\forecasting\oop.py:2694: FutureWarning:

The behavior of DataFrame concatenation with empty or all-NA entries is deprecated. In a future version, this will no longer exclude empty or all-NA columns when determining the result dtypes. To retain the old behavior, exclude the relevant entries before the concat operation.


2025-10-16 21:59:21,217:INFO:Uploading results into container
2025-10-16 21:59:21,217:INFO:Uploading model into container now
2025-10-16 21:59:21,217:INFO:_master_model_container: 25
2025-10-16 21:59:21,217:INFO:_display_container: 2
2025-10-16 21:59:21,218:INFO:BaseCdsDtForecaster(fe_target_rr=[WindowSummarizer(lag_feature={'lag': [12, 11,
                                                                        10, 9,
                                                                        8, 7, 6,
                                                                        5, 4, 3,
                                                                        2, 1]},
                                                   n_jobs=1)],
                    regressor=ExtraTreesRegressor(n_jobs=-1, random_state=123),
                    sp=12, window_length=12)
2025-10-16 21:59:21,218:INFO:create_model() successfully completed......................................
2025-10-16 21:59:21,287:INFO:SubProcess create_model() end ==================================
2025-10-16 21:59:21,287:INFO:Creating metrics dataframe
2025-10-16 21:59:21,289:INFO:Initializing Gradient Boosting w/ Cond. Deseasonalize & Detrending
2025-10-16 21:59:21,289:INFO:Total runtime is 0.6887785514195758 minutes
2025-10-16 21:59:21,289:INFO:SubProcess create_model() called ==================================
2025-10-16 21:59:21,289:INFO:Initializing create_model()
2025-10-16 21:59:21,289:INFO:create_model(self=<pycaret.time_series.forecasting.oop.TSForecastingExperiment object at 0x000002178ECA0CD0>, estimator=gbr_cds_dt, fold=None, round=4, cross_validation=True, predict=True, fit_kwargs={}, groups=None, refit=False, probability_threshold=None, experiment_custom_tags=None, verbose=False, system=False, add_to_model_list=True, metrics=None, display=<pycaret.internal.display.display.CommonDisplay object at 0x000002178DB8A490>, model_only=True, return_train_score=False, error_score=raise, kwargs={})
2025-10-16 21:59:21,289:INFO:Checking exceptions
2025-10-16 21:59:21,289:INFO:Importing libraries
2025-10-16 21:59:21,289:INFO:Copying training dataset
2025-10-16 21:59:21,291:INFO:Defining folds
2025-10-16 21:59:21,291:INFO:Declaring metric variables
2025-10-16 21:59:21,291:INFO:Importing untrained model
2025-10-16 21:59:21,291:INFO:Gradient Boosting w/ Cond. Deseasonalize & Detrending Imported successfully
2025-10-16 21:59:21,292:INFO:Starting cross validation
2025-10-16 21:59:21,293:INFO:Cross validating with ExpandingWindowSplitter(fh=ForecastingHorizon([ 1,  2,  3,  4,  5,  6,  7,  8,  9, 10, 11, 12, 13, 14, 15, 16, 17, 18,
       19, 20, 21, 22, 23, 24],
      dtype='int32', is_relative=True),
                        initial_window=48, step_length=24), n_jobs=-1
2025-10-16 21:59:21,682:WARNING:C:\CODING PROJECTS\ts-pycaret\.venv\Lib\site-packages\sklearn\metrics\_regression.py:483: FutureWarning: 'squared' is deprecated in version 1.4 and will be removed in 1.6. To calculate the root mean squared error, use the function'root_mean_squared_error'.
  warnings.warn(

2025-10-16 21:59:21,682:WARNING:C:\CODING PROJECTS\ts-pycaret\.venv\Lib\site-packages\sklearn\metrics\_regression.py:483: FutureWarning: 'squared' is deprecated in version 1.4 and will be removed in 1.6. To calculate the root mean squared error, use the function'root_mean_squared_error'.
  warnings.warn(

2025-10-16 21:59:21,824:WARNING:C:\CODING PROJECTS\ts-pycaret\.venv\Lib\site-packages\sklearn\metrics\_regression.py:483: FutureWarning: 'squared' is deprecated in version 1.4 and will be removed in 1.6. To calculate the root mean squared error, use the function'root_mean_squared_error'.
  warnings.warn(

2025-10-16 21:59:21,824:WARNING:C:\CODING PROJECTS\ts-pycaret\.venv\Lib\site-packages\sklearn\metrics\_regression.py:483: FutureWarning: 'squared' is deprecated in version 1.4 and will be removed in 1.6. To calculate the root mean squared error, use the function'root_mean_squared_error'.
  warnings.warn(

2025-10-16 21:59:21,835:WARNING:C:\CODING PROJECTS\ts-pycaret\.venv\Lib\site-packages\sklearn\metrics\_regression.py:483: FutureWarning: 'squared' is deprecated in version 1.4 and will be removed in 1.6. To calculate the root mean squared error, use the function'root_mean_squared_error'.
  warnings.warn(

2025-10-16 21:59:21,835:WARNING:C:\CODING PROJECTS\ts-pycaret\.venv\Lib\site-packages\sklearn\metrics\_regression.py:483: FutureWarning: 'squared' is deprecated in version 1.4 and will be removed in 1.6. To calculate the root mean squared error, use the function'root_mean_squared_error'.
  warnings.warn(

2025-10-16 21:59:21,848:INFO:Calculating mean and std
2025-10-16 21:59:21,848:INFO:Creating metrics dataframe
2025-10-16 21:59:21,849:WARNING:C:\CODING PROJECTS\ts-pycaret\.venv\Lib\site-packages\pycaret\time_series\forecasting\oop.py:2694: FutureWarning:

The behavior of DataFrame concatenation with empty or all-NA entries is deprecated. In a future version, this will no longer exclude empty or all-NA columns when determining the result dtypes. To retain the old behavior, exclude the relevant entries before the concat operation.


2025-10-16 21:59:21,850:INFO:Uploading results into container
2025-10-16 21:59:21,851:INFO:Uploading model into container now
2025-10-16 21:59:21,851:INFO:_master_model_container: 26
2025-10-16 21:59:21,851:INFO:_display_container: 2
2025-10-16 21:59:21,852:INFO:BaseCdsDtForecaster(fe_target_rr=[WindowSummarizer(lag_feature={'lag': [12, 11,
                                                                        10, 9,
                                                                        8, 7, 6,
                                                                        5, 4, 3,
                                                                        2, 1]},
                                                   n_jobs=1)],
                    regressor=GradientBoostingRegressor(random_state=123),
                    sp=12, window_length=12)
2025-10-16 21:59:21,852:INFO:create_model() successfully completed......................................
2025-10-16 21:59:21,921:INFO:SubProcess create_model() end ==================================
2025-10-16 21:59:21,921:INFO:Creating metrics dataframe
2025-10-16 21:59:21,923:INFO:Initializing AdaBoost w/ Cond. Deseasonalize & Detrending
2025-10-16 21:59:21,923:INFO:Total runtime is 0.6993464986483253 minutes
2025-10-16 21:59:21,923:INFO:SubProcess create_model() called ==================================
2025-10-16 21:59:21,923:INFO:Initializing create_model()
2025-10-16 21:59:21,923:INFO:create_model(self=<pycaret.time_series.forecasting.oop.TSForecastingExperiment object at 0x000002178ECA0CD0>, estimator=ada_cds_dt, fold=None, round=4, cross_validation=True, predict=True, fit_kwargs={}, groups=None, refit=False, probability_threshold=None, experiment_custom_tags=None, verbose=False, system=False, add_to_model_list=True, metrics=None, display=<pycaret.internal.display.display.CommonDisplay object at 0x000002178DB8A490>, model_only=True, return_train_score=False, error_score=raise, kwargs={})
2025-10-16 21:59:21,923:INFO:Checking exceptions
2025-10-16 21:59:21,923:INFO:Importing libraries
2025-10-16 21:59:21,923:INFO:Copying training dataset
2025-10-16 21:59:21,925:INFO:Defining folds
2025-10-16 21:59:21,925:INFO:Declaring metric variables
2025-10-16 21:59:21,925:INFO:Importing untrained model
2025-10-16 21:59:21,925:INFO:AdaBoost w/ Cond. Deseasonalize & Detrending Imported successfully
2025-10-16 21:59:21,926:INFO:Starting cross validation
2025-10-16 21:59:21,927:INFO:Cross validating with ExpandingWindowSplitter(fh=ForecastingHorizon([ 1,  2,  3,  4,  5,  6,  7,  8,  9, 10, 11, 12, 13, 14, 15, 16, 17, 18,
       19, 20, 21, 22, 23, 24],
      dtype='int32', is_relative=True),
                        initial_window=48, step_length=24), n_jobs=-1
2025-10-16 21:59:22,384:WARNING:C:\CODING PROJECTS\ts-pycaret\.venv\Lib\site-packages\sklearn\metrics\_regression.py:483: FutureWarning: 'squared' is deprecated in version 1.4 and will be removed in 1.6. To calculate the root mean squared error, use the function'root_mean_squared_error'.
  warnings.warn(

2025-10-16 21:59:22,384:WARNING:C:\CODING PROJECTS\ts-pycaret\.venv\Lib\site-packages\sklearn\metrics\_regression.py:483: FutureWarning: 'squared' is deprecated in version 1.4 and will be removed in 1.6. To calculate the root mean squared error, use the function'root_mean_squared_error'.
  warnings.warn(

2025-10-16 21:59:22,597:WARNING:C:\CODING PROJECTS\ts-pycaret\.venv\Lib\site-packages\sklearn\metrics\_regression.py:483: FutureWarning: 'squared' is deprecated in version 1.4 and will be removed in 1.6. To calculate the root mean squared error, use the function'root_mean_squared_error'.
  warnings.warn(

2025-10-16 21:59:22,597:WARNING:C:\CODING PROJECTS\ts-pycaret\.venv\Lib\site-packages\sklearn\metrics\_regression.py:483: FutureWarning: 'squared' is deprecated in version 1.4 and will be removed in 1.6. To calculate the root mean squared error, use the function'root_mean_squared_error'.
  warnings.warn(

2025-10-16 21:59:22,612:WARNING:C:\CODING PROJECTS\ts-pycaret\.venv\Lib\site-packages\sklearn\metrics\_regression.py:483: FutureWarning: 'squared' is deprecated in version 1.4 and will be removed in 1.6. To calculate the root mean squared error, use the function'root_mean_squared_error'.
  warnings.warn(

2025-10-16 21:59:22,613:WARNING:C:\CODING PROJECTS\ts-pycaret\.venv\Lib\site-packages\sklearn\metrics\_regression.py:483: FutureWarning: 'squared' is deprecated in version 1.4 and will be removed in 1.6. To calculate the root mean squared error, use the function'root_mean_squared_error'.
  warnings.warn(

2025-10-16 21:59:22,617:INFO:Calculating mean and std
2025-10-16 21:59:22,618:INFO:Creating metrics dataframe
2025-10-16 21:59:22,619:WARNING:C:\CODING PROJECTS\ts-pycaret\.venv\Lib\site-packages\pycaret\time_series\forecasting\oop.py:2694: FutureWarning:

The behavior of DataFrame concatenation with empty or all-NA entries is deprecated. In a future version, this will no longer exclude empty or all-NA columns when determining the result dtypes. To retain the old behavior, exclude the relevant entries before the concat operation.


2025-10-16 21:59:22,620:INFO:Uploading results into container
2025-10-16 21:59:22,620:INFO:Uploading model into container now
2025-10-16 21:59:22,620:INFO:_master_model_container: 27
2025-10-16 21:59:22,620:INFO:_display_container: 2
2025-10-16 21:59:22,621:INFO:BaseCdsDtForecaster(fe_target_rr=[WindowSummarizer(lag_feature={'lag': [12, 11,
                                                                        10, 9,
                                                                        8, 7, 6,
                                                                        5, 4, 3,
                                                                        2, 1]},
                                                   n_jobs=1)],
                    regressor=AdaBoostRegressor(random_state=123), sp=12,
                    window_length=12)
2025-10-16 21:59:22,621:INFO:create_model() successfully completed......................................
2025-10-16 21:59:22,695:INFO:SubProcess create_model() end ==================================
2025-10-16 21:59:22,695:INFO:Creating metrics dataframe
2025-10-16 21:59:22,697:INFO:Initializing Light Gradient Boosting w/ Cond. Deseasonalize & Detrending
2025-10-16 21:59:22,697:INFO:Total runtime is 0.7122478842735288 minutes
2025-10-16 21:59:22,697:INFO:SubProcess create_model() called ==================================
2025-10-16 21:59:22,697:INFO:Initializing create_model()
2025-10-16 21:59:22,697:INFO:create_model(self=<pycaret.time_series.forecasting.oop.TSForecastingExperiment object at 0x000002178ECA0CD0>, estimator=lightgbm_cds_dt, fold=None, round=4, cross_validation=True, predict=True, fit_kwargs={}, groups=None, refit=False, probability_threshold=None, experiment_custom_tags=None, verbose=False, system=False, add_to_model_list=True, metrics=None, display=<pycaret.internal.display.display.CommonDisplay object at 0x000002178DB8A490>, model_only=True, return_train_score=False, error_score=raise, kwargs={})
2025-10-16 21:59:22,697:INFO:Checking exceptions
2025-10-16 21:59:22,697:INFO:Importing libraries
2025-10-16 21:59:22,697:INFO:Copying training dataset
2025-10-16 21:59:22,699:INFO:Defining folds
2025-10-16 21:59:22,699:INFO:Declaring metric variables
2025-10-16 21:59:22,699:INFO:Importing untrained model
2025-10-16 21:59:22,700:INFO:Light Gradient Boosting w/ Cond. Deseasonalize & Detrending Imported successfully
2025-10-16 21:59:22,701:INFO:Starting cross validation
2025-10-16 21:59:22,701:INFO:Cross validating with ExpandingWindowSplitter(fh=ForecastingHorizon([ 1,  2,  3,  4,  5,  6,  7,  8,  9, 10, 11, 12, 13, 14, 15, 16, 17, 18,
       19, 20, 21, 22, 23, 24],
      dtype='int32', is_relative=True),
                        initial_window=48, step_length=24), n_jobs=-1
2025-10-16 21:59:23,330:WARNING:C:\CODING PROJECTS\ts-pycaret\.venv\Lib\site-packages\sklearn\metrics\_regression.py:483: FutureWarning: 'squared' is deprecated in version 1.4 and will be removed in 1.6. To calculate the root mean squared error, use the function'root_mean_squared_error'.
  warnings.warn(

2025-10-16 21:59:23,330:WARNING:C:\CODING PROJECTS\ts-pycaret\.venv\Lib\site-packages\sklearn\metrics\_regression.py:483: FutureWarning: 'squared' is deprecated in version 1.4 and will be removed in 1.6. To calculate the root mean squared error, use the function'root_mean_squared_error'.
  warnings.warn(

2025-10-16 21:59:23,351:WARNING:C:\CODING PROJECTS\ts-pycaret\.venv\Lib\site-packages\sklearn\metrics\_regression.py:483: FutureWarning: 'squared' is deprecated in version 1.4 and will be removed in 1.6. To calculate the root mean squared error, use the function'root_mean_squared_error'.
  warnings.warn(

2025-10-16 21:59:23,351:WARNING:C:\CODING PROJECTS\ts-pycaret\.venv\Lib\site-packages\sklearn\metrics\_regression.py:483: FutureWarning: 'squared' is deprecated in version 1.4 and will be removed in 1.6. To calculate the root mean squared error, use the function'root_mean_squared_error'.
  warnings.warn(

2025-10-16 21:59:23,371:WARNING:C:\CODING PROJECTS\ts-pycaret\.venv\Lib\site-packages\sklearn\metrics\_regression.py:483: FutureWarning: 'squared' is deprecated in version 1.4 and will be removed in 1.6. To calculate the root mean squared error, use the function'root_mean_squared_error'.
  warnings.warn(

2025-10-16 21:59:23,372:WARNING:C:\CODING PROJECTS\ts-pycaret\.venv\Lib\site-packages\sklearn\metrics\_regression.py:483: FutureWarning: 'squared' is deprecated in version 1.4 and will be removed in 1.6. To calculate the root mean squared error, use the function'root_mean_squared_error'.
  warnings.warn(

2025-10-16 21:59:23,386:INFO:Calculating mean and std
2025-10-16 21:59:23,387:INFO:Creating metrics dataframe
2025-10-16 21:59:23,389:WARNING:C:\CODING PROJECTS\ts-pycaret\.venv\Lib\site-packages\pycaret\time_series\forecasting\oop.py:2694: FutureWarning:

The behavior of DataFrame concatenation with empty or all-NA entries is deprecated. In a future version, this will no longer exclude empty or all-NA columns when determining the result dtypes. To retain the old behavior, exclude the relevant entries before the concat operation.


2025-10-16 21:59:23,390:INFO:Uploading results into container
2025-10-16 21:59:23,390:INFO:Uploading model into container now
2025-10-16 21:59:23,391:INFO:_master_model_container: 28
2025-10-16 21:59:23,391:INFO:_display_container: 2
2025-10-16 21:59:23,393:INFO:BaseCdsDtForecaster(fe_target_rr=[WindowSummarizer(lag_feature={'lag': [12, 11,
                                                                        10, 9,
                                                                        8, 7, 6,
                                                                        5, 4, 3,
                                                                        2, 1]},
                                                   n_jobs=1)],
                    regressor=LGBMRegressor(n_jobs=-1, random_state=123), sp=12,
                    window_length=12)
2025-10-16 21:59:23,393:INFO:create_model() successfully completed......................................
2025-10-16 21:59:23,490:INFO:SubProcess create_model() end ==================================
2025-10-16 21:59:23,490:INFO:Creating metrics dataframe
2025-10-16 21:59:23,493:WARNING:C:\CODING PROJECTS\ts-pycaret\.venv\Lib\site-packages\pycaret\internal\pycaret_experiment\supervised_experiment.py:339: FutureWarning:

Styler.applymap has been deprecated. Use Styler.map instead.


2025-10-16 21:59:23,494:INFO:Initializing create_model()
2025-10-16 21:59:23,494:INFO:create_model(self=<pycaret.time_series.forecasting.oop.TSForecastingExperiment object at 0x000002178ECA0CD0>, estimator=ExponentialSmoothing(seasonal='mul', sp=12, trend='add'), fold=None, round=4, cross_validation=False, predict=False, fit_kwargs={}, groups=None, refit=True, probability_threshold=None, experiment_custom_tags=None, verbose=False, system=False, add_to_model_list=True, metrics=None, display=None, model_only=True, return_train_score=False, error_score=0.0, kwargs={})
2025-10-16 21:59:23,494:INFO:Checking exceptions
2025-10-16 21:59:23,494:INFO:Importing libraries
2025-10-16 21:59:23,494:INFO:Copying training dataset
2025-10-16 21:59:23,496:INFO:Defining folds
2025-10-16 21:59:23,496:INFO:Declaring metric variables
2025-10-16 21:59:23,496:INFO:Importing untrained model
2025-10-16 21:59:23,496:INFO:Declaring custom model
2025-10-16 21:59:23,496:INFO:Exponential Smoothing Imported successfully
2025-10-16 21:59:23,497:INFO:Cross validation set to False
2025-10-16 21:59:23,497:INFO:Fitting Model
2025-10-16 21:59:23,550:INFO:ExponentialSmoothing(seasonal='mul', sp=12, trend='add')
2025-10-16 21:59:23,550:INFO:create_model() successfully completed......................................
2025-10-16 21:59:23,625:INFO:Initializing create_model()
2025-10-16 21:59:23,625:INFO:create_model(self=<pycaret.time_series.forecasting.oop.TSForecastingExperiment object at 0x000002178ECA0CD0>, estimator=ARIMA(seasonal_order=(0, 1, 0, 12)), fold=None, round=4, cross_validation=False, predict=False, fit_kwargs={}, groups=None, refit=True, probability_threshold=None, experiment_custom_tags=None, verbose=False, system=False, add_to_model_list=True, metrics=None, display=None, model_only=True, return_train_score=False, error_score=0.0, kwargs={})
2025-10-16 21:59:23,625:INFO:Checking exceptions
2025-10-16 21:59:23,625:INFO:Importing libraries
2025-10-16 21:59:23,625:INFO:Copying training dataset
2025-10-16 21:59:23,627:INFO:Defining folds
2025-10-16 21:59:23,627:INFO:Declaring metric variables
2025-10-16 21:59:23,627:INFO:Importing untrained model
2025-10-16 21:59:23,627:INFO:Declaring custom model
2025-10-16 21:59:23,628:INFO:ARIMA Imported successfully
2025-10-16 21:59:23,628:INFO:Cross validation set to False
2025-10-16 21:59:23,628:INFO:Fitting Model
2025-10-16 21:59:23,669:INFO:ARIMA(seasonal_order=(0, 1, 0, 12))
2025-10-16 21:59:23,669:INFO:create_model() successfully completed......................................
2025-10-16 21:59:23,748:INFO:Initializing create_model()
2025-10-16 21:59:23,748:INFO:create_model(self=<pycaret.time_series.forecasting.oop.TSForecastingExperiment object at 0x000002178ECA0CD0>, estimator=STLForecaster(sp=12), fold=None, round=4, cross_validation=False, predict=False, fit_kwargs={}, groups=None, refit=True, probability_threshold=None, experiment_custom_tags=None, verbose=False, system=False, add_to_model_list=True, metrics=None, display=None, model_only=True, return_train_score=False, error_score=0.0, kwargs={})
2025-10-16 21:59:23,748:INFO:Checking exceptions
2025-10-16 21:59:23,748:INFO:Importing libraries
2025-10-16 21:59:23,748:INFO:Copying training dataset
2025-10-16 21:59:23,750:INFO:Defining folds
2025-10-16 21:59:23,750:INFO:Declaring metric variables
2025-10-16 21:59:23,750:INFO:Importing untrained model
2025-10-16 21:59:23,750:INFO:Declaring custom model
2025-10-16 21:59:23,751:INFO:STLF Imported successfully
2025-10-16 21:59:23,751:INFO:Cross validation set to False
2025-10-16 21:59:23,751:INFO:Fitting Model
2025-10-16 21:59:23,762:INFO:STLForecaster(sp=12)
2025-10-16 21:59:23,762:INFO:create_model() successfully completed......................................
2025-10-16 21:59:23,867:INFO:_master_model_container: 28
2025-10-16 21:59:23,867:INFO:_display_container: 2
2025-10-16 21:59:23,867:INFO:[ExponentialSmoothing(seasonal='mul', sp=12, trend='add'), ARIMA(seasonal_order=(0, 1, 0, 12)), STLForecaster(sp=12)]
2025-10-16 21:59:23,867:INFO:compare_models() successfully completed......................................
2025-10-16 21:59:23,873:INFO:Initializing finalize_model()
2025-10-16 21:59:23,873:INFO:finalize_model(self=<pycaret.time_series.forecasting.oop.TSForecastingExperiment object at 0x000002178ECA0CD0>, estimator=ExponentialSmoothing(seasonal='mul', sp=12, trend='add'), fit_kwargs=None, groups=None, model_only=False, experiment_custom_tags=None)
2025-10-16 21:59:23,873:INFO:Finalizing ExponentialSmoothing(seasonal='mul', sp=12, trend='add')
2025-10-16 21:59:23,875:INFO:Initializing create_model()
2025-10-16 21:59:23,875:INFO:create_model(self=<pycaret.time_series.forecasting.oop.TSForecastingExperiment object at 0x000002178ECA0CD0>, estimator=ExponentialSmoothing(seasonal='mul', sp=12, trend='add'), fold=None, round=4, cross_validation=False, predict=False, fit_kwargs={}, groups=None, refit=True, probability_threshold=None, experiment_custom_tags=None, verbose=False, system=False, add_to_model_list=False, metrics=None, display=None, model_only=False, return_train_score=False, error_score=0.0, kwargs={})
2025-10-16 21:59:23,875:INFO:Checking exceptions
2025-10-16 21:59:23,876:INFO:Importing libraries
2025-10-16 21:59:23,876:INFO:Copying training dataset
2025-10-16 21:59:23,877:INFO:Defining folds
2025-10-16 21:59:23,877:INFO:Declaring metric variables
2025-10-16 21:59:23,877:INFO:Importing untrained model
2025-10-16 21:59:23,877:INFO:Declaring custom model
2025-10-16 21:59:23,878:INFO:Exponential Smoothing Imported successfully
2025-10-16 21:59:23,878:INFO:Cross validation set to False
2025-10-16 21:59:23,878:INFO:Fitting Model
2025-10-16 21:59:23,941:INFO:ForecastingPipeline(steps=[('forecaster',
                            TransformedTargetForecaster(steps=[('model',
                                                                ExponentialSmoothing(seasonal='mul',
                                                                                     sp=12,
                                                                                     trend='add'))]))])
2025-10-16 21:59:23,941:INFO:create_model() successfully completed......................................
2025-10-16 21:59:24,009:INFO:_master_model_container: 28
2025-10-16 21:59:24,009:INFO:_display_container: 2
2025-10-16 21:59:24,012:INFO:ForecastingPipeline(steps=[('forecaster',
                            TransformedTargetForecaster(steps=[('model',
                                                                ExponentialSmoothing(seasonal='mul',
                                                                                     sp=12,
                                                                                     trend='add'))]))])
2025-10-16 21:59:24,012:INFO:finalize_model() successfully completed......................................
2025-10-16 21:59:24,079:WARNING:predict_model >> Prediction Indices do not match test indices. Metrics will not be displayed.
2025-10-16 21:59:24,426:INFO:Initializing finalize_model()
2025-10-16 21:59:24,426:INFO:finalize_model(self=<pycaret.time_series.forecasting.oop.TSForecastingExperiment object at 0x000002178ECA0CD0>, estimator=ARIMA(seasonal_order=(0, 1, 0, 12)), fit_kwargs=None, groups=None, model_only=False, experiment_custom_tags=None)
2025-10-16 21:59:24,426:INFO:Finalizing ARIMA(seasonal_order=(0, 1, 0, 12))
2025-10-16 21:59:24,428:INFO:Initializing create_model()
2025-10-16 21:59:24,429:INFO:create_model(self=<pycaret.time_series.forecasting.oop.TSForecastingExperiment object at 0x000002178ECA0CD0>, estimator=ARIMA(seasonal_order=(0, 1, 0, 12)), fold=None, round=4, cross_validation=False, predict=False, fit_kwargs={}, groups=None, refit=True, probability_threshold=None, experiment_custom_tags=None, verbose=False, system=False, add_to_model_list=False, metrics=None, display=None, model_only=False, return_train_score=False, error_score=0.0, kwargs={})
2025-10-16 21:59:24,429:INFO:Checking exceptions
2025-10-16 21:59:24,429:INFO:Importing libraries
2025-10-16 21:59:24,429:INFO:Copying training dataset
2025-10-16 21:59:24,431:INFO:Defining folds
2025-10-16 21:59:24,431:INFO:Declaring metric variables
2025-10-16 21:59:24,431:INFO:Importing untrained model
2025-10-16 21:59:24,431:INFO:Declaring custom model
2025-10-16 21:59:24,432:INFO:ARIMA Imported successfully
2025-10-16 21:59:24,432:INFO:Cross validation set to False
2025-10-16 21:59:24,432:INFO:Fitting Model
2025-10-16 21:59:24,482:INFO:ForecastingPipeline(steps=[('forecaster',
                            TransformedTargetForecaster(steps=[('model',
                                                                ARIMA(seasonal_order=(0,
                                                                                      1,
                                                                                      0,
                                                                                      12)))]))])
2025-10-16 21:59:24,482:INFO:create_model() successfully completed......................................
2025-10-16 21:59:24,551:INFO:_master_model_container: 28
2025-10-16 21:59:24,551:INFO:_display_container: 3
2025-10-16 21:59:24,554:INFO:ForecastingPipeline(steps=[('forecaster',
                            TransformedTargetForecaster(steps=[('model',
                                                                ARIMA(seasonal_order=(0,
                                                                                      1,
                                                                                      0,
                                                                                      12)))]))])
2025-10-16 21:59:24,554:INFO:finalize_model() successfully completed......................................
2025-10-16 21:59:24,652:WARNING:predict_model >> Prediction Indices do not match test indices. Metrics will not be displayed.
2025-10-16 21:59:24,924:INFO:Initializing finalize_model()
2025-10-16 21:59:24,924:INFO:finalize_model(self=<pycaret.time_series.forecasting.oop.TSForecastingExperiment object at 0x000002178ECA0CD0>, estimator=STLForecaster(sp=12), fit_kwargs=None, groups=None, model_only=False, experiment_custom_tags=None)
2025-10-16 21:59:24,924:INFO:Finalizing STLForecaster(sp=12)
2025-10-16 21:59:24,926:INFO:Initializing create_model()
2025-10-16 21:59:24,926:INFO:create_model(self=<pycaret.time_series.forecasting.oop.TSForecastingExperiment object at 0x000002178ECA0CD0>, estimator=STLForecaster(sp=12), fold=None, round=4, cross_validation=False, predict=False, fit_kwargs={}, groups=None, refit=True, probability_threshold=None, experiment_custom_tags=None, verbose=False, system=False, add_to_model_list=False, metrics=None, display=None, model_only=False, return_train_score=False, error_score=0.0, kwargs={})
2025-10-16 21:59:24,926:INFO:Checking exceptions
2025-10-16 21:59:24,927:INFO:Importing libraries
2025-10-16 21:59:24,927:INFO:Copying training dataset
2025-10-16 21:59:24,928:INFO:Defining folds
2025-10-16 21:59:24,928:INFO:Declaring metric variables
2025-10-16 21:59:24,928:INFO:Importing untrained model
2025-10-16 21:59:24,928:INFO:Declaring custom model
2025-10-16 21:59:24,928:INFO:STLF Imported successfully
2025-10-16 21:59:24,928:INFO:Cross validation set to False
2025-10-16 21:59:24,928:INFO:Fitting Model
2025-10-16 21:59:24,941:INFO:ForecastingPipeline(steps=[('forecaster',
                            TransformedTargetForecaster(steps=[('model',
                                                                STLForecaster(sp=12))]))])
2025-10-16 21:59:24,941:INFO:create_model() successfully completed......................................
2025-10-16 21:59:25,016:INFO:_master_model_container: 28
2025-10-16 21:59:25,016:INFO:_display_container: 4
2025-10-16 21:59:25,018:INFO:ForecastingPipeline(steps=[('forecaster',
                            TransformedTargetForecaster(steps=[('model',
                                                                STLForecaster(sp=12))]))])
2025-10-16 21:59:25,018:INFO:finalize_model() successfully completed......................................
2025-10-16 21:59:25,113:WARNING:predict_model >> Prediction Indices do not match test indices. Metrics will not be displayed.
